#ifndef GIF_H
#define GIF_H

#include <stdint.h>

static const uint32_t gif_length = 50;

static const uint8_t gif[50][512] = {
    {
        0x00, 0x00, 0x00, 0x00, 0x00, 0x00, 0x00, 0x00, 0x00, 0x00, 0x00, 0x00, 0x00, 0x00, 0x00, 0x00,
        0x00, 0x00, 0x00, 0x00, 0x00, 0x00, 0x00, 0x00, 0x00, 0x00, 0x00, 0x00, 0x00, 0x00, 0x00, 0x00,
        0x00, 0x00, 0x00, 0x00, 0x00, 0x00, 0x00, 0x00, 0x00, 0x00, 0x00, 0x00, 0x40, 0x00, 0x00, 0x00,
        0x00, 0x00, 0x00, 0x00, 0x00, 0x00, 0x00, 0x00, 0x00, 0x00, 0x00, 0x00, 0x00, 0x00, 0x00, 0x00,
        0x00, 0x00, 0x00, 0x00, 0x30, 0x00, 0x00, 0x00, 0x00, 0x00, 0x00, 0x18, 0xC0, 0x00, 0x00, 0x00,
        0x00, 0x00, 0xC0, 0x1F, 0x00, 0x23, 0x78, 0x00, 0x00, 0x00, 0xF8, 0x1F, 0x28, 0xE2, 0x7F, 0x00,
        0x00, 0x00, 0xFF, 0x1F, 0x4C, 0xE3, 0xFF, 0x00, 0x00, 0xC0, 0xFF, 0x3F, 0x08, 0xF3, 0xFE, 0x00,
        0x00, 0xE0, 0xFF, 0x3F, 0x90, 0xF0, 0x9F, 0x1F, 0x00, 0xF8, 0xFF, 0x3F, 0x60, 0xF0, 0x1F, 0x3F,
        0x00, 0xFC, 0xFF, 0x3F, 0x60, 0xF0, 0x1F, 0x38, 0x00, 0xFE, 0xFF, 0x3F, 0x20, 0xF0, 0x1F, 0x38,
        0x00, 0xFE, 0xFF, 0x7F, 0x00, 0xF8, 0x0F, 0x18, 0x00, 0xFE, 0xFF, 0xFF, 0xFF, 0xFB, 0x07, 0x0C,
        0x00, 0xFC, 0xFF, 0xFF, 0xFF, 0xFF, 0x07, 0x04, 0x00, 0xF8, 0xFF, 0xFF, 0xFF, 0xFF, 0x7F, 0x08,
        0x00, 0xF8, 0xFF, 0xFF, 0xFF, 0xFF, 0x7F, 0x1C, 0x00, 0xF0, 0xFF, 0xFF, 0xFF, 0xFF, 0xFF, 0x1E,
        0x00, 0xF0, 0xFF, 0xFF, 0xFF, 0xFF, 0xFF, 0x1F, 0x00, 0xF8, 0xFF, 0xFF, 0xFF, 0xFF, 0xFF, 0x1F,
        0x00, 0xFC, 0xFF, 0xFF, 0xFF, 0xFF, 0xFF, 0x1F, 0x00, 0xFC, 0xFF, 0xFF, 0xFF, 0xFF, 0xFF, 0x03,
        0x00, 0xFE, 0xFF, 0xFF, 0xFF, 0xFF, 0xFF, 0x03, 0x00, 0x3E, 0xFF, 0xFF, 0xFF, 0xFF, 0xFF, 0x07,
        0x00, 0x00, 0xFC, 0xFF, 0x3F, 0xFF, 0xFF, 0x07, 0x00, 0x00, 0xFC, 0xFF, 0x3F, 0xFF, 0xFF, 0x00,
        0x00, 0x00, 0xFC, 0xFF, 0x7F, 0xFF, 0x77, 0x00, 0x00, 0x04, 0xFC, 0xEF, 0xFF, 0xFF, 0xFF, 0x00,
        0x00, 0x0C, 0xFC, 0xE7, 0xFF, 0xFF, 0x03, 0x00, 0x00, 0x0E, 0xFC, 0xC3, 0xFF, 0xFF, 0x81, 0x00,
        0x00, 0x1C, 0xFC, 0xC3, 0xFF, 0xCF, 0x81, 0x00, 0x00, 0xDF, 0xFC, 0x80, 0xFF, 0x8F, 0x81, 0x03,
        0x00, 0xCF, 0x79, 0x00, 0xFF, 0x1F, 0x80, 0x03, 0x80, 0x8F, 0x39, 0x10, 0xFE, 0x1D, 0x80, 0x07,
        0xC0, 0x87, 0x33, 0xF8, 0xF8, 0x1B, 0x80, 0x07, 0xC0, 0x07, 0x10, 0xF8, 0x80, 0x3F, 0x1C, 0x0F,
        0xE0, 0x07, 0x38, 0x8C, 0x00, 0x6C, 0x1A, 0x0E, 0xF0, 0x07, 0x38, 0x04, 0x00, 0x44, 0x1A, 0x1E,
        0xF8, 0x07, 0x38, 0x8C, 0x00, 0x04, 0x0A, 0x3C, 0xFC, 0x07, 0x38, 0x88, 0x00, 0x04, 0x00, 0x7C,
        0xFE, 0x07, 0x78, 0x00, 0x00, 0x00, 0x02, 0x30, 0xFF, 0x07, 0x78, 0x00, 0x00, 0x00, 0x0E, 0x00,
        0xF8, 0x00, 0xF8, 0x00, 0x00, 0x00, 0x0C, 0x0C, 0x00, 0x08, 0xF8, 0x01, 0x00, 0x00, 0x0C, 0x0C,
        0x00, 0x08, 0xF0, 0x03, 0x00, 0x00, 0x0C, 0x1C, 0x00, 0x00, 0x70, 0x00, 0x00, 0x00, 0x06, 0x3C,
        0x00, 0x00, 0x70, 0x00, 0x00, 0x00, 0x07, 0x3C, 0x00, 0x1C, 0x78, 0x00, 0x00, 0x80, 0x07, 0x3C,
        0x00, 0x7C, 0xFC, 0x01, 0x00, 0xC0, 0x07, 0x78, 0x00, 0xF8, 0xF8, 0x0F, 0x00, 0xF0, 0x07, 0x7E,
        0x00, 0xF8, 0xF9, 0xFF, 0xE3, 0xFF, 0xDF, 0x7E, 0x00, 0xF8, 0xFF, 0xFF, 0xFF, 0xFF, 0xFB, 0x7F,
        0x00, 0xF8, 0xFF, 0xFF, 0xFF, 0xFF, 0xFF, 0x7F, 0x00, 0xF8, 0xFF, 0xFF, 0xFF, 0xFF, 0xFF, 0x7F,
        0x00, 0xF8, 0xFF, 0xFF, 0xFF, 0xFF, 0xFF, 0x7F, 0x00, 0xF0, 0xFF, 0xFF, 0xFF, 0xFF, 0xFF, 0x7F,
        0x00, 0xF0, 0xFF, 0xFF, 0xFF, 0xFF, 0xFF, 0x7F, 0x00, 0xF0, 0xFF, 0xFF, 0xE7, 0xFF, 0xFF, 0x7F
    },
    {
        0x00, 0x00, 0x00, 0x00, 0x00, 0x00, 0x00, 0x00, 0x00, 0x00, 0x00, 0x00, 0x00, 0x00, 0x00, 0x00,
        0x00, 0x00, 0x00, 0x00, 0x00, 0x00, 0x00, 0x00, 0x00, 0x00, 0x00, 0x00, 0x00, 0x00, 0x00, 0x00,
        0x00, 0x00, 0x00, 0x00, 0x00, 0x00, 0x00, 0x00, 0x00, 0x00, 0x00, 0x00, 0x40, 0x00, 0x00, 0x00,
        0x00, 0x00, 0x00, 0x00, 0x00, 0x00, 0x00, 0x00, 0x00, 0x00, 0x00, 0x00, 0x00, 0x00, 0x00, 0x00,
        0x00, 0x00, 0x00, 0x00, 0x40, 0x00, 0x00, 0x00, 0x00, 0x00, 0x00, 0x1C, 0xC0, 0x01, 0x00, 0x00,
        0x00, 0x00, 0xC0, 0x3F, 0x00, 0x23, 0x3C, 0x00, 0x00, 0x00, 0xF8, 0x1F, 0x38, 0xE2, 0xFF, 0x00,
        0x00, 0x00, 0xFF, 0x3F, 0x08, 0xE3, 0xFF, 0x00, 0x00, 0xC0, 0xFF, 0x3F, 0x00, 0xF3, 0xFF, 0x00,
        0x00, 0xE0, 0xFF, 0x3F, 0x90, 0xF0, 0x1E, 0x1F, 0x00, 0xF8, 0xFF, 0x3F, 0x60, 0xF0, 0x1F, 0x3F,
        0x00, 0xFC, 0xFF, 0x3F, 0x60, 0xF0, 0x1F, 0x30, 0x00, 0xFC, 0xFF, 0x7F, 0x20, 0xF0, 0x1F, 0x38,
        0x00, 0xFE, 0xFF, 0x7F, 0x20, 0xF0, 0x0F, 0x18, 0x00, 0xFE, 0xFF, 0xFF, 0xFF, 0xFF, 0x07, 0x0C,
        0x00, 0xFC, 0xFF, 0xFF, 0xFF, 0xFF, 0x07, 0x04, 0x00, 0xF8, 0xFF, 0xFF, 0xFF, 0xFF, 0x7F, 0x08,
        0x00, 0xF8, 0xFF, 0xFF, 0xFF, 0xFF, 0x7F, 0x1C, 0x00, 0xF0, 0xFF, 0xFF, 0xFF, 0xFF, 0xEF, 0x1E,
        0x00, 0xF0, 0xFF, 0xFF, 0xFF, 0xFF, 0xFF, 0x3F, 0x00, 0xF8, 0xFF, 0xFF, 0xFF, 0xFF, 0xFF, 0x1F,
        0x00, 0xFC, 0xFF, 0xFF, 0xFF, 0xFF, 0xFF, 0x0F, 0x00, 0xFC, 0xFF, 0xFF, 0xFF, 0xFF, 0xFF, 0x07,
        0x00, 0xFE, 0xFF, 0xFF, 0xFF, 0xFF, 0xFF, 0x03, 0x00, 0x1E, 0xFE, 0xFF, 0xFF, 0xFF, 0xFF, 0x07,
        0x00, 0x00, 0xFE, 0xFF, 0x3F, 0xFF, 0xFF, 0x07, 0x00, 0x00, 0xFE, 0xFF, 0x3F, 0xFF, 0xFF, 0x00,
        0x00, 0x00, 0xFE, 0xFF, 0x7F, 0xFF, 0x77, 0x00, 0x00, 0x04, 0xFC, 0xE7, 0xFF, 0xFF, 0x7F, 0x00,
        0x00, 0x0C, 0xFC, 0xF7, 0xFF, 0xFF, 0x83, 0x00, 0x00, 0x0C, 0xFC, 0xC3, 0xFF, 0xFF, 0x80, 0x00,
        0x00, 0x9C, 0xFD, 0xC1, 0xFF, 0xCF, 0x80, 0x02, 0x00, 0xFF, 0xF9, 0x81, 0xFF, 0x8F, 0x81, 0x03,
        0x00, 0x8F, 0xF9, 0x00, 0xFF, 0x0F, 0x80, 0x03, 0x80, 0x8F, 0x33, 0x30, 0xFE, 0x1D, 0x80, 0x07,
        0xC0, 0x07, 0x33, 0xF8, 0xF0, 0x3B, 0x10, 0x07, 0xE0, 0x07, 0x10, 0xD8, 0xC0, 0x3F, 0x1C, 0x0E,
        0xF0, 0x07, 0x30, 0x8C, 0x00, 0x6C, 0x16, 0x0E, 0xF8, 0x07, 0x38, 0x04, 0x00, 0x44, 0x1C, 0x1C,
        0xFC, 0x0F, 0x38, 0x8C, 0x00, 0x44, 0x02, 0x3C, 0xFE, 0x0F, 0x38, 0x88, 0x00, 0x04, 0x02, 0x3C,
        0xFF, 0x0F, 0x78, 0x00, 0x00, 0x00, 0x06, 0x78, 0xFE, 0x07, 0x78, 0x00, 0x00, 0x00, 0x0E, 0x00,
        0x00, 0x00, 0xF8, 0x00, 0x00, 0x00, 0x0C, 0x08, 0x00, 0x00, 0xF8, 0x00, 0x00, 0x00, 0x0C, 0x1C,
        0x00, 0x00, 0xF8, 0x01, 0x00, 0x00, 0x04, 0x1C, 0x00, 0x00, 0x78, 0x00, 0x00, 0x00, 0x06, 0x3E,
        0x00, 0x08, 0x78, 0x00, 0x00, 0x00, 0x07, 0x3C, 0x00, 0x38, 0x78, 0x00, 0x00, 0x80, 0x07, 0x7C,
        0x00, 0x78, 0xF8, 0x01, 0x00, 0xE0, 0x07, 0x7C, 0x00, 0xF8, 0xF8, 0x0D, 0x00, 0xF8, 0x07, 0x7E,
        0x00, 0xF8, 0xFF, 0xFF, 0xEF, 0xFF, 0x7B, 0x7E, 0x00, 0xF8, 0xFF, 0xFF, 0xFF, 0xFF, 0xFB, 0x7F,
        0x00, 0xF8, 0xFF, 0xFF, 0xFF, 0xFF, 0xFF, 0x7F, 0x00, 0xF8, 0xFF, 0xFF, 0xFF, 0xFF, 0xFF, 0x7F,
        0x00, 0xF8, 0xFF, 0xFF, 0xFF, 0xFF, 0xFF, 0x3F, 0x00, 0xF8, 0xFF, 0xFF, 0xFF, 0xFF, 0xFF, 0x3F,
        0x00, 0xF8, 0xFF, 0xFF, 0xFF, 0xFF, 0xFF, 0x3F, 0x00, 0xF8, 0xFF, 0xFF, 0xE7, 0xFF, 0xFF, 0x3F
    },
    {
        0x00, 0x00, 0x00, 0x00, 0x00, 0x00, 0x00, 0x00, 0x00, 0x00, 0x00, 0x00, 0x00, 0x00, 0x00, 0x00,
        0x00, 0x00, 0x00, 0x00, 0x00, 0x00, 0x00, 0x00, 0x00, 0x00, 0x00, 0x00, 0x00, 0x00, 0x00, 0x00,
        0x00, 0x00, 0x00, 0x00, 0x00, 0x00, 0x00, 0x00, 0x00, 0x00, 0x00, 0x00, 0x40, 0x00, 0x00, 0x00,
        0x00, 0x00, 0x00, 0x00, 0x00, 0x00, 0x00, 0x00, 0x00, 0x00, 0x00, 0x00, 0x00, 0x00, 0x00, 0x00,
        0x00, 0x00, 0x00, 0x00, 0x40, 0x00, 0x00, 0x00, 0x00, 0x00, 0x00, 0x1E, 0x80, 0x01, 0x10, 0x00,
        0x00, 0x00, 0xE0, 0x3F, 0x30, 0x62, 0x7C, 0x00, 0x00, 0x00, 0xFC, 0x3F, 0x4C, 0xE2, 0xFF, 0x00,
        0x00, 0x00, 0xFF, 0x3F, 0x08, 0xE3, 0xFF, 0x00, 0x00, 0xC0, 0xFF, 0x3F, 0x10, 0xE3, 0xFF, 0x1D,
        0x00, 0xF0, 0xFF, 0x3F, 0xA0, 0xF1, 0x1F, 0x3F, 0x00, 0xF8, 0xFF, 0x3F, 0xE0, 0xF0, 0x1F, 0x3B,
        0x00, 0xFC, 0xFF, 0x7F, 0x60, 0xF0, 0x1F, 0x30, 0x00, 0xFC, 0xFF, 0x7F, 0x00, 0xF0, 0x1F, 0x38,
        0x00, 0xFC, 0xFF, 0xFF, 0x3F, 0xF0, 0x0F, 0x1C, 0x00, 0xFC, 0xFF, 0xFF, 0xFF, 0xFF, 0x07, 0x04,
        0x00, 0xF8, 0xFF, 0xFF, 0xFF, 0xFF, 0x0F, 0x08, 0x00, 0xF8, 0xFF, 0xFF, 0xFF, 0xFF, 0x7F, 0x18,
        0x00, 0xF0, 0xFF, 0xFF, 0xFF, 0xFF, 0xFF, 0x18, 0x00, 0xF0, 0xFF, 0xFF, 0xFF, 0xFF, 0xFF, 0x3F,
        0x00, 0xF0, 0xFF, 0xFF, 0xFF, 0xFF, 0xFF, 0x3F, 0x00, 0xF8, 0xFF, 0xFF, 0xFF, 0xFF, 0xFF, 0x1F,
        0x00, 0xF8, 0xFF, 0xFF, 0xFF, 0xFF, 0xFF, 0x0F, 0x00, 0xFC, 0xFF, 0xFF, 0xFF, 0xFF, 0xFF, 0x03,
        0x00, 0xFE, 0xFF, 0xFF, 0xFF, 0xFF, 0xFF, 0x07, 0x00, 0x0E, 0xFE, 0xFF, 0xBF, 0xFF, 0xFF, 0x07,
        0x00, 0x00, 0xFE, 0xFF, 0x3F, 0xFF, 0xFF, 0x03, 0x00, 0x00, 0xFC, 0xFF, 0x3F, 0xFF, 0xFF, 0x00,
        0x00, 0x00, 0xFC, 0xFF, 0x7F, 0xFF, 0x77, 0x00, 0x00, 0x04, 0xF8, 0xFF, 0xFF, 0xFF, 0xBF, 0x00,
        0x00, 0x1C, 0xF8, 0xE7, 0xFF, 0xFF, 0x03, 0x01, 0x00, 0x3E, 0xFB, 0xC3, 0xFF, 0xE7, 0x01, 0x01,
        0x00, 0xFE, 0xE3, 0x81, 0xFF, 0xCF, 0x01, 0x03, 0x00, 0x1F, 0xE7, 0x80, 0xFF, 0x0F, 0x03, 0x02,
        0x80, 0x1F, 0x46, 0x00, 0xFF, 0x1F, 0x06, 0x02, 0x80, 0x1F, 0x00, 0x70, 0xFC, 0x1D, 0x04, 0x06,
        0xC0, 0x0F, 0x00, 0xF8, 0xF8, 0x3B, 0x6C, 0x04, 0xE0, 0x0F, 0x20, 0xD8, 0x81, 0x7F, 0x6C, 0x08,
        0xF0, 0x0F, 0x20, 0x08, 0x01, 0x4C, 0x3C, 0x08, 0xF8, 0x1F, 0x30, 0x08, 0x01, 0x44, 0x26, 0x18,
        0xFC, 0x1F, 0x30, 0x08, 0x01, 0x44, 0x0E, 0x18, 0xFE, 0x1F, 0x30, 0x08, 0x00, 0x00, 0x0E, 0x38,
        0xFF, 0x0F, 0x70, 0x00, 0x00, 0x00, 0x1E, 0x70, 0xFC, 0x07, 0x70, 0x00, 0x00, 0x00, 0x1C, 0x00,
        0x00, 0x00, 0xF0, 0x00, 0x00, 0x00, 0x1C, 0x10, 0x00, 0x00, 0xF8, 0x00, 0x00, 0x00, 0x0C, 0x38,
        0x00, 0x00, 0xF8, 0x00, 0x00, 0x00, 0x0C, 0x38, 0x00, 0x30, 0xF8, 0x00, 0x00, 0x00, 0x06, 0x78,
        0x00, 0x78, 0xF0, 0x00, 0x00, 0x00, 0x07, 0x78, 0x00, 0xF8, 0xF0, 0x00, 0x00, 0x80, 0x03, 0x7E,
        0x00, 0xF8, 0xF1, 0x01, 0x00, 0xE0, 0x03, 0x7E, 0x00, 0xF8, 0xFF, 0x3D, 0x00, 0xFC, 0x0B, 0x7C,
        0x00, 0xF8, 0xFF, 0xFF, 0xFF, 0xFF, 0xFB, 0x7E, 0x00, 0xF8, 0xFF, 0xFF, 0xFF, 0xFF, 0xFF, 0x7F,
        0x00, 0xF8, 0xFF, 0xFF, 0xFF, 0xFF, 0xFF, 0x7F, 0x00, 0xF8, 0xFF, 0xFF, 0xFF, 0xFF, 0xFF, 0x3F,
        0x00, 0xF8, 0xFF, 0xFF, 0xFF, 0xFF, 0xFF, 0x3F, 0x00, 0xF8, 0xFF, 0xFF, 0xFF, 0xFF, 0xFF, 0x1F,
        0x00, 0xFC, 0xFF, 0xFF, 0xEF, 0xFF, 0xFF, 0x1F, 0x00, 0xFC, 0xFF, 0xFF, 0xCF, 0xFF, 0xFF, 0x0F
    },
    {
        0x00, 0x00, 0x00, 0x00, 0x00, 0x00, 0x00, 0x00, 0x00, 0x00, 0x00, 0x00, 0x00, 0x00, 0x00, 0x00,
        0x00, 0x00, 0x00, 0x00, 0x00, 0x00, 0x00, 0x00, 0x00, 0x00, 0x00, 0x00, 0x00, 0x00, 0x00, 0x00,
        0x00, 0x00, 0x00, 0x00, 0x40, 0x00, 0x00, 0x00, 0x00, 0x00, 0x00, 0x00, 0x00, 0x00, 0x00, 0x00,
        0x00, 0x00, 0x00, 0x00, 0x00, 0x00, 0x00, 0x00, 0x00, 0x00, 0x00, 0x00, 0x20, 0x00, 0x00, 0x00,
        0x00, 0x00, 0x00, 0x00, 0xC0, 0x01, 0x00, 0x00, 0x00, 0x00, 0x00, 0x3F, 0x00, 0x03, 0x70, 0x00,
        0x00, 0x00, 0xE0, 0x3F, 0x60, 0xE2, 0xFD, 0x00, 0x00, 0x00, 0xFC, 0x3F, 0x48, 0xE6, 0xFF, 0x01,
        0x00, 0x00, 0xFF, 0x3F, 0x10, 0xE3, 0xFF, 0x01, 0x00, 0xC0, 0xFF, 0x3F, 0x90, 0xE1, 0xBF, 0x1F,
        0x00, 0xF0, 0xFF, 0x7F, 0xA0, 0xE1, 0x1F, 0x3F, 0x00, 0xF8, 0xFF, 0x7F, 0xE0, 0xE0, 0x1F, 0x30,
        0x00, 0xFC, 0xFF, 0x7F, 0x40, 0xF0, 0x1F, 0x30, 0x00, 0xFC, 0xFF, 0x7F, 0x00, 0xF0, 0x1F, 0x38,
        0x00, 0xFC, 0xFF, 0xFF, 0x7F, 0xF1, 0x0F, 0x1C, 0x00, 0xFC, 0xFF, 0xFF, 0xFF, 0xFF, 0x0F, 0x08,
        0x00, 0xF8, 0xFF, 0xFF, 0xFF, 0xFF, 0x4F, 0x18, 0x00, 0xF0, 0xFF, 0xFF, 0xFF, 0xFF, 0xFF, 0x18,
        0x00, 0xF0, 0xFF, 0xFF, 0xFF, 0xFF, 0xFF, 0x38, 0x00, 0xE0, 0xFF, 0xFF, 0xFF, 0xFF, 0xFB, 0x3F,
        0x00, 0xF0, 0xFF, 0xFF, 0xFF, 0xFF, 0xFF, 0x3F, 0x00, 0xF8, 0xFF, 0xFF, 0xFF, 0xFF, 0xFF, 0x1F,
        0x00, 0xF8, 0xFF, 0xFF, 0xFF, 0xFF, 0xFF, 0x0F, 0x00, 0xFC, 0xFF, 0xFF, 0xFF, 0xFF, 0xFF, 0x07,
        0x00, 0x7C, 0xFC, 0xFF, 0xFF, 0xFF, 0xFF, 0x07, 0x00, 0x0C, 0xF8, 0xFF, 0x3F, 0xFF, 0xFF, 0x07,
        0x00, 0x00, 0xF0, 0xFF, 0x3F, 0xFF, 0xFF, 0x01, 0x00, 0x00, 0xF0, 0xFF, 0x7F, 0xFF, 0xF7, 0x00,
        0x00, 0x00, 0xE0, 0xFF, 0x7F, 0xFF, 0xFF, 0x01, 0x00, 0x3C, 0xE0, 0xFF, 0xFF, 0xFF, 0x3F, 0x00,
        0x00, 0xFC, 0xCC, 0xC7, 0xFF, 0xFF, 0x07, 0x00, 0x00, 0xFE, 0x9C, 0xC3, 0xFF, 0xEF, 0x03, 0x00,
        0x00, 0x7E, 0x9C, 0x81, 0xFF, 0x8F, 0x0F, 0x00, 0x00, 0x7F, 0x18, 0x00, 0xFF, 0x0F, 0x1E, 0x00,
        0x80, 0x7F, 0x00, 0x00, 0xFF, 0x0F, 0x1C, 0x00, 0xC0, 0x7F, 0x00, 0xF0, 0xFC, 0x19, 0xBC, 0x01,
        0xC0, 0x7F, 0x00, 0xF8, 0xF1, 0x39, 0xFC, 0x01, 0xE0, 0x7F, 0x00, 0x98, 0x01, 0x7E, 0xFC, 0x01,
        0xF0, 0x7F, 0x40, 0x08, 0x01, 0x4C, 0xBC, 0x01, 0xF8, 0x7F, 0xC0, 0x08, 0x01, 0x40, 0x1C, 0x00,
        0xFE, 0x1F, 0xC0, 0x18, 0x01, 0x48, 0x3C, 0x00, 0xFF, 0x07, 0xC0, 0x00, 0x00, 0x00, 0x3C, 0x20,
        0xFE, 0x03, 0xE0, 0x01, 0x00, 0x00, 0x3C, 0x20, 0xF0, 0x01, 0xE0, 0x01, 0x00, 0x00, 0x7C, 0x00,
        0x00, 0x00, 0xE0, 0x01, 0x00, 0x00, 0x3C, 0x20, 0x00, 0xE0, 0xE0, 0x01, 0x00, 0x00, 0x1C, 0x64,
        0x00, 0xE0, 0xE0, 0x01, 0x00, 0x00, 0x0C, 0x70, 0x00, 0xF0, 0xE0, 0x01, 0x00, 0x00, 0x06, 0x70,
        0x00, 0xF0, 0xE1, 0x01, 0x00, 0x00, 0x03, 0xF8, 0x00, 0xF0, 0xE7, 0x01, 0x00, 0x80, 0x03, 0xF8,
        0x00, 0xF0, 0xFF, 0x00, 0x00, 0xF0, 0x77, 0xF8, 0x00, 0xF8, 0xFF, 0xFF, 0x00, 0xFF, 0xFB, 0xFC,
        0x00, 0xF8, 0xFF, 0xFF, 0xFF, 0xFF, 0xFF, 0xFD, 0x00, 0xF8, 0xFF, 0xFF, 0xFF, 0xFF, 0xFF, 0x7F,
        0x00, 0xF8, 0xFF, 0xFF, 0xFF, 0xFF, 0xFF, 0x7F, 0x00, 0xF8, 0xFF, 0xFF, 0xFF, 0xFF, 0xFF, 0x3F,
        0x00, 0xFC, 0xFF, 0xFF, 0xFF, 0xFF, 0xFF, 0x1F, 0x00, 0xFC, 0xFF, 0xFF, 0xFF, 0xFF, 0xFF, 0x1F,
        0x00, 0xFC, 0xFF, 0xFF, 0xEF, 0xFF, 0xFF, 0x0F, 0x00, 0xFE, 0xFF, 0xFF, 0xCF, 0xFF, 0xFF, 0x07
    },
    {
        0x00, 0x00, 0x00, 0x00, 0x00, 0x00, 0x00, 0x00, 0x00, 0x00, 0x00, 0x00, 0x00, 0x00, 0x00, 0x00,
        0x00, 0x00, 0x00, 0x00, 0x00, 0x00, 0x00, 0x00, 0x00, 0x00, 0x00, 0x00, 0x00, 0x00, 0x00, 0x00,
        0x00, 0x00, 0x00, 0x00, 0x00, 0x00, 0x00, 0x00, 0x00, 0x00, 0x00, 0x00, 0x00, 0x00, 0x00, 0x00,
        0x00, 0x00, 0x00, 0x00, 0x00, 0x00, 0x00, 0x00, 0x00, 0x00, 0x00, 0x00, 0x60, 0x00, 0x00, 0x00,
        0x00, 0x00, 0x00, 0x30, 0x00, 0x03, 0x00, 0x00, 0x00, 0x00, 0x80, 0x3F, 0x00, 0x42, 0xF8, 0x00,
        0x00, 0x00, 0xF0, 0x3F, 0x70, 0xC4, 0xFF, 0x00, 0x00, 0x00, 0xFE, 0x7F, 0x18, 0xE6, 0xFF, 0x01,
        0x00, 0x80, 0xFF, 0x7F, 0x30, 0xE7, 0xFF, 0x09, 0x00, 0xC0, 0xFF, 0x7F, 0x20, 0xE1, 0x3F, 0x3F,
        0x00, 0xF0, 0xFF, 0x7F, 0xC0, 0xE0, 0x3F, 0x7E, 0x00, 0xF8, 0xFF, 0x7F, 0xC0, 0xE0, 0x3F, 0x72,
        0x00, 0xF8, 0xFF, 0x7F, 0xC0, 0xE0, 0x3F, 0x70, 0x00, 0xFC, 0xFF, 0x7F, 0x40, 0xE0, 0x1F, 0x30,
        0x00, 0xFC, 0xFF, 0xFF, 0xFF, 0xF3, 0x0F, 0x18, 0x00, 0xF8, 0xFF, 0xFF, 0xFF, 0xFF, 0x0F, 0x08,
        0x00, 0xF0, 0xFF, 0xFF, 0xFF, 0xFF, 0xFF, 0x10, 0x00, 0xF0, 0xFF, 0xFF, 0xFF, 0xFF, 0xFF, 0x38,
        0x00, 0xE0, 0xFF, 0xFF, 0xFF, 0xFF, 0xFF, 0x3D, 0x00, 0xE0, 0xFF, 0xFF, 0xFF, 0xFF, 0xFF, 0x7F,
        0x00, 0xF0, 0xFF, 0xFF, 0xFF, 0xFF, 0xFF, 0x3F, 0x00, 0xF0, 0xFF, 0xFF, 0xFF, 0xFF, 0xFF, 0x3F,
        0x00, 0xF8, 0xFF, 0xFF, 0xFF, 0xFF, 0xFF, 0x0F, 0x00, 0xFC, 0xE1, 0xFF, 0xFF, 0xFF, 0xFF, 0x07,
        0x00, 0x7C, 0xC0, 0xFF, 0xFF, 0xFF, 0xFF, 0x0F, 0x00, 0x30, 0x80, 0xFF, 0x7F, 0xFF, 0xFF, 0x0F,
        0x00, 0x30, 0x80, 0xFF, 0x7F, 0xFE, 0xFF, 0x01, 0x00, 0x70, 0x00, 0xFF, 0x7F, 0xFE, 0xF7, 0x00,
        0x00, 0xF8, 0x01, 0xDF, 0xFF, 0xFF, 0x7F, 0x00, 0x00, 0x78, 0x76, 0xCE, 0xFF, 0xFF, 0xFF, 0x03,
        0x00, 0x78, 0x67, 0x86, 0xFF, 0xEF, 0x3F, 0x00, 0x00, 0xFC, 0xC3, 0x80, 0xFF, 0xCF, 0x3F, 0x00,
        0x00, 0xFE, 0xC3, 0x00, 0xFF, 0x0F, 0x7F, 0x00, 0x00, 0xFF, 0x03, 0x00, 0xFF, 0x1F, 0xFC, 0x00,
        0x80, 0xFF, 0x01, 0x60, 0xFC, 0x1F, 0xF8, 0x00, 0x80, 0xFF, 0x01, 0xF0, 0xF1, 0x33, 0xF8, 0x01,
        0xC0, 0xFF, 0x03, 0xF0, 0xE1, 0x7F, 0xF8, 0x0D, 0xE0, 0xFF, 0x03, 0x18, 0x01, 0xD8, 0xFC, 0x05,
        0xF0, 0xFF, 0x03, 0x09, 0x00, 0x88, 0xFC, 0x06, 0xF8, 0xFF, 0x00, 0x1A, 0x01, 0x88, 0xFC, 0x06,
        0xFC, 0x3F, 0x00, 0x13, 0x01, 0x08, 0xFC, 0x00, 0xFE, 0x1F, 0x00, 0x07, 0x00, 0x00, 0x7C, 0x00,
        0xFE, 0x0F, 0x00, 0x07, 0x00, 0x00, 0x7C, 0x00, 0x00, 0x00, 0x80, 0x07, 0x00, 0x00, 0xF8, 0x01,
        0x00, 0x80, 0xC3, 0x07, 0x00, 0x00, 0xB8, 0x00, 0x00, 0xC0, 0x83, 0x07, 0x00, 0x00, 0x38, 0x80,
        0x00, 0xC0, 0xC3, 0x07, 0x00, 0x00, 0x1C, 0xC0, 0x00, 0xE0, 0xC7, 0x07, 0x00, 0x00, 0x0E, 0xE0,
        0x00, 0xE0, 0xCF, 0x03, 0x00, 0x00, 0x07, 0xE0, 0x00, 0xE0, 0xFF, 0x03, 0x00, 0xC0, 0x07, 0xF0,
        0x00, 0xF0, 0xFF, 0x23, 0x00, 0xF0, 0x27, 0xF0, 0x00, 0xF0, 0xFF, 0xFF, 0x8F, 0xFF, 0xF7, 0xF8,
        0x00, 0xF0, 0xFF, 0xFF, 0xFF, 0xFF, 0xFF, 0xFD, 0x00, 0xF8, 0xFF, 0xFF, 0xFF, 0xFF, 0xFF, 0xFF,
        0x00, 0xF8, 0xFF, 0xFF, 0xFF, 0xFF, 0xFF, 0xFF, 0x00, 0xF8, 0xFF, 0xFF, 0xFF, 0xFF, 0xFF, 0x7F,
        0x00, 0xF8, 0xFF, 0xFF, 0xFF, 0xFF, 0xFF, 0x3F, 0x00, 0xF8, 0xFF, 0xFF, 0xFF, 0xFF, 0xFF, 0x1F,
        0x00, 0xFC, 0xFF, 0xFF, 0xCF, 0xFF, 0xFF, 0x1F, 0x00, 0xFC, 0xFF, 0xFF, 0x8F, 0xFF, 0xFF, 0x0F
    },
    {
        0x00, 0x00, 0x00, 0x00, 0x00, 0x00, 0x00, 0x00, 0x00, 0x00, 0x00, 0x00, 0x00, 0x00, 0x00, 0x00,
        0x00, 0x00, 0x00, 0x00, 0x00, 0x00, 0x00, 0x00, 0x00, 0x00, 0x00, 0x00, 0x00, 0x00, 0x00, 0x00,
        0x00, 0x00, 0x00, 0x00, 0x00, 0x00, 0x00, 0x00, 0x00, 0x00, 0x00, 0x00, 0x40, 0x00, 0x00, 0x00,
        0x00, 0x00, 0x00, 0x00, 0x00, 0x00, 0x00, 0x00, 0x00, 0x00, 0x00, 0x00, 0x40, 0x00, 0x00, 0x00,
        0x00, 0x00, 0x00, 0x30, 0x00, 0x03, 0x00, 0x00, 0x00, 0x00, 0x80, 0x7F, 0x40, 0xC4, 0xF0, 0x00,
        0x00, 0x00, 0xE0, 0x7F, 0xE0, 0xCC, 0xFB, 0x01, 0x00, 0x00, 0xFC, 0x7F, 0x90, 0xCC, 0xFF, 0x03,
        0x00, 0x00, 0xFF, 0x7F, 0x20, 0xC6, 0xFF, 0x13, 0x00, 0xC0, 0xFF, 0xFF, 0x40, 0xC3, 0x7F, 0x7E,
        0x00, 0xE0, 0xFF, 0xFF, 0xC0, 0xE1, 0x3F, 0x7C, 0x00, 0xF0, 0xFF, 0xFF, 0x80, 0xC0, 0x3F, 0x60,
        0x00, 0xF8, 0xFF, 0xFF, 0x80, 0xE0, 0x7F, 0x60, 0x00, 0xF8, 0xFF, 0xFF, 0x00, 0xE0, 0x1F, 0x70,
        0x00, 0xF8, 0xFF, 0xFF, 0xFF, 0xE7, 0x1F, 0x38, 0x00, 0xF0, 0xFF, 0xFF, 0xFF, 0xFF, 0x1F, 0x10,
        0x00, 0xF0, 0xFF, 0xFF, 0xFF, 0xFF, 0xFF, 0x30, 0x00, 0xE0, 0xFF, 0xFF, 0xFF, 0xFF, 0xFF, 0x31,
        0x00, 0xE0, 0xFF, 0xFF, 0xFF, 0xFF, 0xFF, 0x7B, 0x00, 0xE0, 0xFF, 0xFF, 0xFF, 0xFF, 0xFF, 0x7F,
        0x00, 0xE0, 0xFF, 0xFF, 0xFF, 0xFF, 0xFF, 0x7F, 0x00, 0xF0, 0xFF, 0xFF, 0xFF, 0xFF, 0xFF, 0x3F,
        0x00, 0xF8, 0xFF, 0xFF, 0xFF, 0xFF, 0xFF, 0x0F, 0x00, 0xF8, 0x7F, 0xFE, 0xFF, 0xFF, 0xFF, 0x0F,
        0x00, 0xF8, 0x07, 0xFE, 0xFF, 0xFF, 0xFF, 0x0F, 0x00, 0xE0, 0x03, 0xFC, 0x7F, 0xFE, 0xFF, 0x0F,
        0x00, 0xE0, 0x03, 0xFC, 0x7F, 0xFE, 0xFF, 0x03, 0x00, 0xF0, 0x07, 0xF8, 0xFF, 0xFC, 0xEF, 0x02,
        0x00, 0xF0, 0x0E, 0xD8, 0xFF, 0xFF, 0xFF, 0x00, 0x00, 0xF8, 0x1E, 0x88, 0xFF, 0xFF, 0xFF, 0x00,
        0x00, 0xF8, 0x3E, 0x8B, 0xFF, 0xDF, 0xFF, 0x05, 0x00, 0xF8, 0x3F, 0x03, 0xFF, 0x9F, 0xFF, 0x07,
        0x00, 0xFC, 0x1F, 0x07, 0xFF, 0x1F, 0xFF, 0x03, 0x00, 0xFE, 0x0F, 0x07, 0xFE, 0x3F, 0xFC, 0x03,
        0x00, 0xFF, 0x0F, 0x46, 0xF8, 0x3B, 0xF8, 0x03, 0x00, 0xFF, 0x0F, 0xE0, 0xF1, 0x77, 0xF8, 0x07,
        0x80, 0xFF, 0x0F, 0xF0, 0x83, 0xFF, 0xF8, 0x07, 0xC0, 0xFF, 0x0F, 0x30, 0x03, 0x98, 0xF8, 0x07,
        0xE0, 0xFF, 0x0F, 0x18, 0x02, 0x08, 0xF8, 0x1F, 0xF0, 0xFF, 0x0F, 0x18, 0x02, 0x80, 0xF8, 0x1B,
        0xF8, 0xFF, 0x07, 0x30, 0x02, 0x90, 0xFC, 0x09, 0xFC, 0xFF, 0x03, 0x08, 0x00, 0x00, 0xFC, 0x0C,
        0xFC, 0x9F, 0x01, 0x18, 0x00, 0x00, 0xF8, 0x00, 0x80, 0x01, 0x00, 0x18, 0x00, 0x00, 0x78, 0x00,
        0x00, 0x00, 0x01, 0x1C, 0x00, 0x00, 0x78, 0x02, 0x00, 0x80, 0x03, 0x1C, 0x00, 0x00, 0x38, 0x03,
        0x00, 0x80, 0x07, 0x1E, 0x00, 0x00, 0x18, 0x01, 0x00, 0x80, 0x0F, 0x1F, 0x00, 0x00, 0x1C, 0x00,
        0x00, 0x80, 0x0F, 0x0F, 0x00, 0x00, 0x0E, 0x80, 0x00, 0xC0, 0x9F, 0x0F, 0x00, 0x80, 0x0F, 0xC0,
        0x00, 0xC0, 0xBF, 0x2F, 0x00, 0xE0, 0x0F, 0xD0, 0x00, 0xE0, 0xFF, 0xFF, 0x9F, 0xFF, 0x0F, 0xF0,
        0x00, 0xE0, 0xFF, 0xFF, 0xFF, 0xFF, 0x67, 0xF0, 0x00, 0xE0, 0xFF, 0xFF, 0xFF, 0xFF, 0xFF, 0xF9,
        0x00, 0xF0, 0xFF, 0xFF, 0xFF, 0xFF, 0xFF, 0xF9, 0x00, 0xF0, 0xFF, 0xFF, 0xFF, 0xFF, 0xFF, 0xFF,
        0x00, 0xF0, 0xFF, 0xFF, 0xFF, 0xFF, 0xFF, 0xFF, 0x00, 0xF0, 0xFF, 0xFF, 0xFF, 0xFF, 0xFF, 0x7F,
        0x00, 0xF0, 0xFF, 0xFF, 0xDF, 0xFF, 0xFF, 0x7F, 0x00, 0xF8, 0xFF, 0xFF, 0x8F, 0xFF, 0xFF, 0x3F
    },
    {
        0x00, 0x00, 0x00, 0x00, 0x00, 0x00, 0x00, 0x00, 0x00, 0x00, 0x00, 0x00, 0x00, 0x00, 0x00, 0x00,
        0x00, 0x00, 0x00, 0x00, 0x00, 0x00, 0x00, 0x00, 0x00, 0x00, 0x00, 0x00, 0x00, 0x00, 0x00, 0x00,
        0x00, 0x00, 0x00, 0x00, 0x00, 0x00, 0x00, 0x00, 0x00, 0x00, 0x00, 0x00, 0x80, 0x01, 0x00, 0x00,
        0x00, 0x00, 0x00, 0x00, 0x00, 0x00, 0x00, 0x00, 0x00, 0x00, 0x00, 0x00, 0x00, 0x00, 0x00, 0x00,
        0x00, 0x00, 0x00, 0x00, 0xC0, 0x01, 0x00, 0x00, 0x00, 0x00, 0x00, 0x7C, 0x00, 0x06, 0x60, 0x00,
        0x00, 0x00, 0xC0, 0x7F, 0xA0, 0xC4, 0xF1, 0x01, 0x00, 0x00, 0xF8, 0x7F, 0xB0, 0xCC, 0xFF, 0x03,
        0x00, 0x00, 0xFE, 0x7F, 0x20, 0xC6, 0xFF, 0x03, 0x00, 0x80, 0xFF, 0x7F, 0x00, 0xC6, 0xFF, 0x3F,
        0x00, 0xC0, 0xFF, 0xFF, 0x40, 0xC3, 0x7F, 0x7E, 0x00, 0xF0, 0xFF, 0xFF, 0x80, 0xE1, 0x3F, 0x64,
        0x00, 0xF8, 0xFF, 0xFF, 0x80, 0xC0, 0x3F, 0x60, 0x00, 0xF8, 0xFF, 0xFF, 0x80, 0xE0, 0x7F, 0x60,
        0x00, 0xF8, 0xFF, 0xFF, 0x85, 0xE1, 0x1F, 0x78, 0x00, 0xF8, 0xFF, 0xFF, 0xFF, 0xFF, 0x1F, 0x10,
        0x00, 0xF0, 0xFF, 0xFF, 0xFF, 0x7F, 0x1F, 0x30, 0x00, 0xE0, 0xFF, 0xFF, 0xFF, 0xFF, 0xFF, 0x31,
        0x00, 0xE0, 0xFF, 0xFF, 0xFF, 0xFF, 0xFF, 0x71, 0x00, 0xC0, 0xFF, 0xFF, 0xFF, 0xFF, 0xFF, 0x7F,
        0x00, 0xE0, 0xFF, 0xFF, 0xFF, 0xFF, 0xFF, 0x7F, 0x00, 0xE0, 0xFF, 0xFF, 0xFF, 0xFF, 0xFF, 0x7F,
        0x00, 0xF0, 0xFF, 0xFF, 0xFF, 0xFF, 0xFF, 0x3F, 0x00, 0xF8, 0xFF, 0xFF, 0xFF, 0xFF, 0xFF, 0x0F,
        0x00, 0xF8, 0xFF, 0xFF, 0xFF, 0xFF, 0xFF, 0x0F, 0x00, 0xF8, 0xFF, 0xFF, 0xFF, 0xFE, 0xFF, 0x1F,
        0x00, 0xE0, 0x0F, 0xFC, 0xFF, 0xFE, 0xFF, 0x07, 0x00, 0xE0, 0x07, 0xF8, 0xFF, 0xFC, 0xEF, 0x03,
        0x00, 0xF0, 0x06, 0xF8, 0xDF, 0xFD, 0xFF, 0x00, 0x00, 0xF0, 0x0E, 0xF8, 0xFF, 0xFF, 0xFF, 0x00,
        0x00, 0xF8, 0x1E, 0x88, 0xFF, 0xFF, 0xFF, 0x05, 0x00, 0xF0, 0x1F, 0x00, 0xFF, 0x9F, 0xFF, 0x01,
        0x00, 0xF8, 0x3F, 0x00, 0xFF, 0x1F, 0xFF, 0x03, 0x00, 0xFE, 0x7F, 0x03, 0xFE, 0x3F, 0xFC, 0x0F,
        0x00, 0xFE, 0x3F, 0x03, 0xFC, 0x3F, 0xF8, 0x0F, 0x00, 0xFF, 0x1F, 0xE7, 0xF1, 0x67, 0xF8, 0x0F,
        0x80, 0xFF, 0x1F, 0xE6, 0xC3, 0xFF, 0xF8, 0x0F, 0x80, 0xFF, 0x1F, 0x20, 0x03, 0xFE, 0xF8, 0x0F,
        0xC0, 0xFF, 0x1F, 0x00, 0x02, 0x90, 0xF8, 0x0F, 0xE0, 0xFF, 0x1F, 0x10, 0x02, 0x00, 0xF8, 0x0F,
        0xF0, 0xFF, 0x1F, 0x30, 0x02, 0x90, 0xF8, 0x3F, 0xF8, 0xFF, 0x1F, 0x10, 0x00, 0x00, 0xF8, 0x30,
        0xFC, 0xBF, 0x0F, 0x00, 0x00, 0x00, 0xF8, 0x18, 0xF8, 0x0F, 0x07, 0x00, 0x00, 0x00, 0xF8, 0x10,
        0x00, 0x00, 0x07, 0x00, 0x00, 0x00, 0x78, 0x00, 0x00, 0x00, 0x0F, 0x10, 0x00, 0x00, 0x70, 0x00,
        0x00, 0x00, 0x07, 0x10, 0x00, 0x00, 0x38, 0x02, 0x00, 0x80, 0x07, 0x10, 0x00, 0x00, 0x1C, 0x03,
        0x00, 0x80, 0x0F, 0x10, 0x00, 0x00, 0x0E, 0x01, 0x00, 0x80, 0x0F, 0x18, 0x00, 0x00, 0x0F, 0x00,
        0x00, 0x80, 0x0F, 0x1F, 0x00, 0xC0, 0x0F, 0x80, 0x00, 0xC0, 0x1F, 0xFF, 0x01, 0xFC, 0x0F, 0xE0,
        0x00, 0xC0, 0x3F, 0xFF, 0xFF, 0xFF, 0x0F, 0xE0, 0x00, 0xC0, 0x7F, 0xFF, 0xFF, 0xFF, 0x0F, 0xE0,
        0x00, 0xC0, 0xFF, 0xFF, 0xFF, 0xFF, 0xFF, 0xE0, 0x00, 0xE0, 0xFF, 0xFF, 0xFF, 0xFF, 0xFF, 0xF9,
        0x00, 0xE0, 0xFF, 0xFF, 0xFF, 0xFF, 0xFF, 0xFD, 0x00, 0xE0, 0xFF, 0xFF, 0xFF, 0xFF, 0xFF, 0xFF,
        0x00, 0xE0, 0xFF, 0xFF, 0xDF, 0xFF, 0xFF, 0xFF, 0x00, 0xE0, 0xFF, 0xFF, 0x9F, 0xFF, 0xFF, 0x7F
    },
    {
        0x00, 0x00, 0x00, 0x00, 0x00, 0x00, 0x00, 0x00, 0x00, 0x00, 0x00, 0x00, 0x00, 0x00, 0x00, 0x00,
        0x00, 0x00, 0x00, 0x00, 0x00, 0x00, 0x00, 0x00, 0x00, 0x00, 0x00, 0x00, 0x00, 0x00, 0x00, 0x00,
        0x00, 0x00, 0x00, 0x00, 0x00, 0x00, 0x00, 0x00, 0x00, 0x00, 0x00, 0x00, 0x80, 0x00, 0x00, 0x00,
        0x00, 0x00, 0x00, 0x00, 0x00, 0x00, 0x00, 0x00, 0x00, 0x00, 0x00, 0x00, 0x00, 0x00, 0x00, 0x00,
        0x00, 0x00, 0x00, 0x00, 0x40, 0x00, 0x00, 0x00, 0x00, 0x00, 0x00, 0x20, 0x40, 0x03, 0x00, 0x00,
        0x00, 0x00, 0x00, 0x7F, 0x00, 0x06, 0xF0, 0x00, 0x00, 0x00, 0xF0, 0x7F, 0xE0, 0xCC, 0xFB, 0x01,
        0x00, 0x00, 0xFC, 0x7F, 0x98, 0xC4, 0xFF, 0x03, 0x00, 0x00, 0xFF, 0x7F, 0x20, 0xC6, 0xFF, 0x03,
        0x00, 0xC0, 0xFF, 0xFF, 0x60, 0xC3, 0x7F, 0x7E, 0x00, 0xE0, 0xFF, 0xFF, 0xC0, 0xE1, 0x3F, 0x7C,
        0x00, 0xF0, 0xFF, 0xFF, 0x80, 0xC0, 0x3F, 0x64, 0x00, 0xF8, 0xFF, 0xFF, 0x80, 0xE0, 0x7F, 0xE0,
        0x00, 0xF8, 0xFF, 0xFF, 0x00, 0xE0, 0x3F, 0x70, 0x00, 0xF8, 0xFF, 0xFF, 0xFF, 0xF7, 0x1F, 0x38,
        0x00, 0xF0, 0xFF, 0xFF, 0xFF, 0xFF, 0x1F, 0x10, 0x00, 0xF0, 0xFF, 0xFF, 0xFF, 0xFF, 0xFF, 0x30,
        0x00, 0xE0, 0xFF, 0xFF, 0xFF, 0xFF, 0xFF, 0x31, 0x00, 0xE0, 0xFF, 0xFF, 0xFF, 0xFF, 0xFF, 0x7B,
        0x00, 0xC0, 0xFF, 0xFF, 0xFF, 0xFF, 0xFF, 0x7F, 0x00, 0xE0, 0xFF, 0xFF, 0xFF, 0xFF, 0xFF, 0x7F,
        0x00, 0xF0, 0xFF, 0xFF, 0xFF, 0xFF, 0xFF, 0x3F, 0x00, 0xF8, 0xFF, 0xFF, 0xFF, 0xFF, 0xFF, 0x0F,
        0x00, 0xF8, 0xFF, 0xFF, 0xFF, 0xFF, 0xFF, 0x0F, 0x00, 0xFC, 0xFF, 0xFF, 0xFF, 0xFF, 0xFF, 0x0F,
        0x00, 0xE0, 0xFF, 0xFF, 0x7F, 0xFE, 0xFF, 0x0F, 0x00, 0xE0, 0xFF, 0xFF, 0xFF, 0xFC, 0xFF, 0x03,
        0x00, 0xE0, 0x1F, 0xFE, 0xFF, 0xFC, 0xEF, 0x00, 0x00, 0xF0, 0x02, 0xDE, 0xFF, 0xFF, 0xFF, 0x00,
        0x00, 0xF0, 0x02, 0x9E, 0xFF, 0xFF, 0xFF, 0x00, 0x00, 0xF8, 0x02, 0x8E, 0xFF, 0xFF, 0xFF, 0x01,
        0x00, 0xF8, 0x07, 0x06, 0xFF, 0x9F, 0xFF, 0x03, 0x00, 0xFC, 0x07, 0x00, 0xFE, 0x3F, 0xFE, 0x0F,
        0x00, 0xFE, 0x0F, 0x00, 0xFC, 0x3F, 0xFC, 0x0F, 0x00, 0xFE, 0x1F, 0x42, 0xF8, 0x77, 0xF8, 0x0F,
        0x00, 0xFF, 0xFF, 0xE0, 0xE1, 0x77, 0xF8, 0x0F, 0x80, 0xFF, 0xDF, 0xF1, 0x03, 0xFF, 0xF8, 0x07,
        0x80, 0xFF, 0xCF, 0x31, 0x03, 0x98, 0xF8, 0x07, 0xC0, 0xFF, 0x87, 0x11, 0x02, 0x08, 0xF8, 0x07,
        0xE0, 0xFF, 0x07, 0x10, 0x02, 0x80, 0xF8, 0x07, 0xF0, 0xFF, 0x07, 0x30, 0x02, 0x90, 0xFC, 0x03,
        0xF8, 0xFF, 0x07, 0x00, 0x00, 0x00, 0xFC, 0x0C, 0xFC, 0x3F, 0x07, 0x00, 0x00, 0x00, 0xF8, 0x0C,
        0xF8, 0x07, 0x0F, 0x00, 0x00, 0x00, 0xF8, 0x04, 0x00, 0x00, 0x0F, 0x00, 0x00, 0x00, 0x78, 0x06,
        0x00, 0x00, 0x07, 0x00, 0x00, 0x00, 0x78, 0x00, 0x00, 0x00, 0x07, 0x00, 0x00, 0x00, 0x38, 0x00,
        0x00, 0x00, 0x07, 0x00, 0x00, 0x00, 0x1C, 0x01, 0x00, 0x00, 0x07, 0x00, 0x00, 0x00, 0x8E, 0x01,
        0x00, 0x80, 0x07, 0x00, 0x00, 0x80, 0x8F, 0x00, 0x00, 0x80, 0x0F, 0x40, 0x00, 0xE0, 0x4F, 0x40,
        0x00, 0x80, 0x1F, 0xF0, 0x07, 0xFF, 0x4F, 0x40, 0x00, 0x80, 0x1F, 0xFE, 0xFF, 0xFF, 0x2F, 0xF0,
        0x00, 0x80, 0x3F, 0xFE, 0xFF, 0xFF, 0x3F, 0xE0, 0x00, 0xC0, 0x7F, 0xFE, 0xFF, 0xFF, 0x3F, 0xE0,
        0x00, 0xC0, 0xFF, 0xFF, 0xFF, 0xFF, 0x3F, 0xE0, 0x00, 0xC0, 0xFF, 0xFF, 0xFF, 0xFF, 0xFF, 0xE0,
        0x00, 0xC0, 0xFF, 0xFF, 0xFF, 0xFF, 0xFF, 0xFE, 0x00, 0xC0, 0xFF, 0xFF, 0xDF, 0xFF, 0xFF, 0x7F
    },
    {
        0x00, 0x00, 0x00, 0x00, 0x00, 0x00, 0x00, 0x00, 0x00, 0x00, 0x00, 0x00, 0x00, 0x00, 0x00, 0x00,
        0x00, 0x00, 0x00, 0x00, 0x00, 0x00, 0x00, 0x00, 0x00, 0x00, 0x00, 0x00, 0x00, 0x00, 0x00, 0x00,
        0x00, 0x00, 0x00, 0x00, 0x00, 0x00, 0x00, 0x00, 0x00, 0x00, 0x00, 0x00, 0x80, 0x00, 0x00, 0x00,
        0x00, 0x00, 0x00, 0x00, 0x40, 0x00, 0x00, 0x00, 0x00, 0x00, 0x00, 0x00, 0x00, 0x00, 0x00, 0x00,
        0x00, 0x00, 0x00, 0x00, 0x00, 0x00, 0x00, 0x00, 0x00, 0x00, 0x00, 0x00, 0x80, 0x01, 0x00, 0x00,
        0x00, 0x00, 0x00, 0x7E, 0x00, 0x02, 0x20, 0x00, 0x00, 0x00, 0xC0, 0x7F, 0x60, 0xC4, 0xF9, 0x00,
        0x00, 0x00, 0xF8, 0x7F, 0x90, 0xC4, 0xFF, 0x01, 0x00, 0x00, 0xFE, 0x7F, 0x10, 0xC6, 0xFF, 0x03,
        0x00, 0x80, 0xFF, 0x7F, 0x20, 0xE3, 0xFF, 0x3B, 0x00, 0xE0, 0xFF, 0x7F, 0x40, 0xE1, 0x3F, 0x7E,
        0x00, 0xF0, 0xFF, 0x7F, 0xC0, 0xE0, 0x3F, 0x76, 0x00, 0xF8, 0xFF, 0xFF, 0xC0, 0xE0, 0x3F, 0x60,
        0x00, 0xF8, 0xFF, 0xFF, 0x00, 0xE0, 0x3F, 0x70, 0x00, 0xF8, 0xFF, 0xFF, 0xFF, 0xE0, 0x1F, 0x38,
        0x00, 0xF8, 0xFF, 0xFF, 0xFF, 0xFF, 0x0F, 0x18, 0x00, 0xF0, 0xFF, 0xFF, 0xFF, 0xFF, 0x9F, 0x10,
        0x00, 0xF0, 0xFF, 0xFF, 0xFF, 0xFF, 0xFF, 0x30, 0x00, 0xE0, 0xFF, 0xFF, 0xFF, 0xFF, 0xFF, 0x31,
        0x00, 0xE0, 0xFF, 0xFF, 0xFF, 0xFF, 0xFF, 0x7F, 0x00, 0xE0, 0xFF, 0xFF, 0xFF, 0xFF, 0xFF, 0x7F,
        0x00, 0xF0, 0xFF, 0xFF, 0xFF, 0xFF, 0xFF, 0x3F, 0x00, 0xF8, 0xFF, 0xFF, 0xFF, 0xFF, 0xFF, 0x1F,
        0x00, 0xF8, 0xFF, 0xFF, 0xFF, 0xFF, 0xFF, 0x07, 0x00, 0xFC, 0xFF, 0xFF, 0xFF, 0xFF, 0xFF, 0x0F,
        0x00, 0xFC, 0xFF, 0xFF, 0x7F, 0xFE, 0xFF, 0x0F, 0x00, 0xE0, 0xFF, 0xFF, 0x7F, 0xFE, 0xFF, 0x07,
        0x00, 0xF0, 0xFF, 0xFF, 0xFF, 0xFC, 0xEF, 0x01, 0x00, 0xF0, 0xFE, 0xFF, 0xDF, 0xFF, 0xEF, 0x00,
        0x00, 0xF0, 0x01, 0xDF, 0xFF, 0xFF, 0xFF, 0x00, 0x00, 0xF8, 0x00, 0x8F, 0xFF, 0xFF, 0xFF, 0x00,
        0x00, 0xF8, 0x01, 0x87, 0xFF, 0xDF, 0xFF, 0x01, 0x00, 0xF8, 0x81, 0x03, 0xFF, 0x3F, 0xFF, 0x07,
        0x00, 0xFC, 0x81, 0x01, 0xFE, 0x3F, 0xFC, 0x0F, 0x00, 0xFE, 0x81, 0x00, 0xFC, 0x7F, 0xF8, 0x0F,
        0x00, 0xFE, 0x03, 0xE0, 0xF1, 0x67, 0xF8, 0x1F, 0x00, 0xFF, 0x1B, 0xF0, 0x81, 0x7F, 0xF8, 0x01,
        0x80, 0xFF, 0x1F, 0x30, 0x03, 0xF8, 0xF8, 0x00, 0xC0, 0xFF, 0x3B, 0x10, 0x02, 0x88, 0xF8, 0x00,
        0xC0, 0xFF, 0x71, 0x10, 0x02, 0x88, 0xF8, 0x80, 0xE0, 0xFF, 0x01, 0x10, 0x02, 0x88, 0x7C, 0xC0,
        0xF0, 0xFF, 0x01, 0x10, 0x00, 0x00, 0x7C, 0xE0, 0xF8, 0xFF, 0x01, 0x00, 0x00, 0x00, 0xFC, 0x01,
        0xFC, 0x1F, 0x01, 0x00, 0x00, 0x00, 0xB8, 0x01, 0xF0, 0x01, 0x01, 0x00, 0x00, 0x00, 0xD8, 0x00,
        0x00, 0x00, 0x01, 0x00, 0x00, 0x00, 0xD8, 0x00, 0x00, 0x00, 0x03, 0x00, 0x00, 0x00, 0x18, 0x00,
        0x00, 0x00, 0x01, 0x00, 0x00, 0x00, 0x1C, 0x00, 0x00, 0x00, 0x03, 0x00, 0x00, 0x00, 0x1E, 0x00,
        0x00, 0x00, 0x03, 0x00, 0x00, 0x00, 0x3F, 0x00, 0x00, 0x00, 0x03, 0x00, 0x00, 0xC0, 0x3F, 0x00,
        0x00, 0x00, 0x07, 0xE0, 0x00, 0xFC, 0x3F, 0x10, 0x00, 0x80, 0x07, 0xF0, 0xFF, 0xFF, 0x1F, 0x38,
        0x00, 0x80, 0x0F, 0xFE, 0xFF, 0xFF, 0x0F, 0x38, 0x00, 0x80, 0x1F, 0xFE, 0xFF, 0xFF, 0x1F, 0x30,
        0x00, 0x80, 0x3F, 0xFE, 0xFF, 0xFF, 0x1F, 0x30, 0x00, 0x80, 0xFF, 0xFF, 0xFF, 0xFF, 0x3F, 0x20,
        0x00, 0x80, 0xFF, 0xFF, 0xFF, 0xFF, 0x3F, 0x30, 0x00, 0x80, 0xFF, 0xFF, 0xDF, 0xFF, 0x7F, 0x3F
    },
    {
        0x00, 0x00, 0x00, 0x00, 0x00, 0x00, 0x00, 0x00, 0x00, 0x00, 0x00, 0x00, 0x00, 0x00, 0x00, 0x00,
        0x00, 0x00, 0x00, 0x00, 0x00, 0x00, 0x00, 0x00, 0x00, 0x00, 0x00, 0x00, 0x00, 0x00, 0x00, 0x00,
        0x00, 0x00, 0x00, 0x00, 0x00, 0x00, 0x00, 0x00, 0x00, 0x00, 0x00, 0x00, 0x00, 0x00, 0x00, 0x00,
        0x00, 0x00, 0x00, 0x00, 0x40, 0x00, 0x00, 0x00, 0x00, 0x00, 0x00, 0x00, 0x00, 0x00, 0x00, 0x00,
        0x00, 0x00, 0x00, 0x00, 0x20, 0x00, 0x00, 0x00, 0x00, 0x00, 0x00, 0x00, 0xE0, 0x00, 0x00, 0x00,
        0x00, 0x00, 0x00, 0x3C, 0x00, 0x03, 0x00, 0x00, 0x00, 0x00, 0xC0, 0x3F, 0x40, 0xE2, 0x78, 0x00,
        0x00, 0x00, 0xF8, 0x3F, 0xD8, 0xC6, 0xFF, 0x00, 0x00, 0x00, 0xFF, 0x3F, 0x18, 0xE6, 0xFF, 0x01,
        0x00, 0x80, 0xFF, 0x7F, 0x00, 0xE3, 0xFF, 0x19, 0x00, 0xE0, 0xFF, 0x7F, 0x80, 0xE1, 0x3F, 0x3E,
        0x00, 0xF0, 0xFF, 0x7F, 0xC0, 0xE0, 0x3F, 0x76, 0x00, 0xF8, 0xFF, 0x7F, 0xC0, 0xE0, 0x3F, 0x70,
        0x00, 0xFC, 0xFF, 0x7F, 0x40, 0xF0, 0x3F, 0x70, 0x00, 0xFC, 0xFF, 0xFF, 0xC0, 0xF0, 0x0F, 0x38,
        0x00, 0xFC, 0xFF, 0xFF, 0xFF, 0xFF, 0x0F, 0x18, 0x00, 0xF8, 0xFF, 0xFF, 0xFF, 0xFF, 0x0F, 0x18,
        0x00, 0xF0, 0xFF, 0xFF, 0xFF, 0xFF, 0xFF, 0x18, 0x00, 0xF0, 0xFF, 0xFF, 0xFF, 0xFF, 0xFF, 0x38,
        0x00, 0xE0, 0xFF, 0xFF, 0xFF, 0xFF, 0xFF, 0x3F, 0x00, 0xE0, 0xFF, 0xFF, 0xFF, 0xFF, 0xFF, 0x3F,
        0x00, 0xF0, 0xFF, 0xFF, 0xFF, 0xFF, 0xFF, 0x3F, 0x00, 0xF8, 0xFF, 0xFF, 0xFF, 0xFF, 0xFF, 0x1F,
        0x00, 0xFC, 0xFF, 0xFF, 0xFF, 0xFF, 0xFF, 0x07, 0x00, 0xFC, 0xFF, 0xFF, 0xFF, 0xFF, 0xFF, 0x07,
        0x00, 0xFC, 0xFF, 0xFF, 0x7F, 0xFF, 0xFF, 0x0F, 0x00, 0xF0, 0xFF, 0xFF, 0x7F, 0xFE, 0xFF, 0x07,
        0x00, 0xF0, 0xFF, 0xFF, 0x7F, 0xFE, 0xFF, 0x01, 0x00, 0xF0, 0xFF, 0xFF, 0xFF, 0xFE, 0xFF, 0x00,
        0x00, 0xF8, 0x80, 0xDF, 0xFF, 0xFF, 0xFF, 0x02, 0x00, 0xF8, 0x00, 0xC7, 0xFF, 0xFF, 0xFF, 0x00,
        0x00, 0xF8, 0x80, 0x87, 0xFF, 0xDF, 0xFF, 0x01, 0x00, 0xF8, 0xC0, 0x03, 0xFF, 0x9F, 0xFF, 0x03,
        0x00, 0xFE, 0xC0, 0x03, 0xFF, 0x3F, 0xFE, 0x07, 0x00, 0xFE, 0xE0, 0x00, 0xFC, 0x3F, 0xF8, 0x0F,
        0x00, 0xFF, 0x60, 0xE0, 0xF8, 0x27, 0x38, 0x00, 0x00, 0xFF, 0x67, 0xF0, 0xC1, 0x7F, 0x38, 0x00,
        0x80, 0xFF, 0x47, 0xB8, 0x01, 0x7C, 0x1C, 0x20, 0xC0, 0x7F, 0x4E, 0x18, 0x01, 0x48, 0x1C, 0x70,
        0xC0, 0x3F, 0xCC, 0x08, 0x01, 0x00, 0x0C, 0xF8, 0xE0, 0x3F, 0xC0, 0x18, 0x01, 0x08, 0x0C, 0xFC,
        0xF0, 0x3F, 0xC0, 0x00, 0x00, 0x08, 0x3C, 0xE0, 0xF0, 0x3F, 0x80, 0x01, 0x00, 0x00, 0x34, 0x00,
        0xFC, 0x3F, 0x80, 0x01, 0x00, 0x00, 0x34, 0x00, 0xF8, 0x07, 0x00, 0x03, 0x00, 0x00, 0x30, 0x00,
        0x00, 0x00, 0x00, 0x06, 0x00, 0x00, 0x00, 0x00, 0x00, 0x00, 0x00, 0x0C, 0x00, 0x00, 0x04, 0x00,
        0x00, 0x00, 0x00, 0x00, 0x00, 0x00, 0x0C, 0x00, 0x00, 0x00, 0x00, 0x00, 0x00, 0x00, 0x0E, 0x00,
        0x00, 0x80, 0x00, 0x00, 0x00, 0x00, 0x1F, 0x0C, 0x00, 0x80, 0x00, 0x10, 0x00, 0xC0, 0x1F, 0x0C,
        0x00, 0x80, 0x01, 0x38, 0x00, 0xF8, 0x0F, 0x18, 0x00, 0x80, 0x81, 0xFF, 0xFF, 0xFF, 0x07, 0x18,
        0x00, 0x80, 0x83, 0xFF, 0xFF, 0xFF, 0x07, 0x20, 0x00, 0x80, 0x8F, 0xFF, 0xFF, 0xFF, 0x0F, 0x00,
        0x00, 0x80, 0x9F, 0xFF, 0xFF, 0xFF, 0x1F, 0x20, 0x00, 0x80, 0xFF, 0xFF, 0xFF, 0xFF, 0x1F, 0x3F,
        0x00, 0x80, 0xFF, 0xFF, 0xFF, 0xFF, 0x7F, 0x3F, 0x00, 0x80, 0xFF, 0xFF, 0xFF, 0xFF, 0xFF, 0x3F
    },
    {
        0x00, 0x00, 0x00, 0x00, 0x00, 0x00, 0x00, 0x00, 0x00, 0x00, 0x00, 0x00, 0x00, 0x00, 0x00, 0x00,
        0x00, 0x00, 0x00, 0x00, 0x00, 0x00, 0x00, 0x00, 0x00, 0x00, 0x00, 0x00, 0x00, 0x00, 0x00, 0x00,
        0x00, 0x00, 0x00, 0x00, 0x00, 0x00, 0x00, 0x00, 0x00, 0x00, 0x00, 0x00, 0x00, 0x00, 0x00, 0x00,
        0x00, 0x00, 0x00, 0x00, 0x00, 0x00, 0x00, 0x00, 0x00, 0x00, 0x00, 0x00, 0x20, 0x00, 0x00, 0x00,
        0x00, 0x00, 0x00, 0x00, 0x20, 0x00, 0x00, 0x00, 0x00, 0x00, 0x00, 0x00, 0xC0, 0x00, 0x00, 0x00,
        0x00, 0x00, 0x00, 0x3F, 0x00, 0x03, 0x30, 0x00, 0x00, 0x00, 0xE0, 0x3F, 0x30, 0xE2, 0xFC, 0x00,
        0x00, 0x00, 0xFC, 0x3F, 0x4C, 0xE2, 0xFF, 0x00, 0x00, 0x00, 0xFF, 0x3F, 0x08, 0xE3, 0xFF, 0x01,
        0x00, 0xC0, 0xFF, 0x3F, 0x90, 0xE1, 0xFF, 0x1D, 0x00, 0xF0, 0xFF, 0x3F, 0xA0, 0xE0, 0x1F, 0x3F,
        0x00, 0xF8, 0xFF, 0x7F, 0xE0, 0xF0, 0x1F, 0x32, 0x00, 0xFC, 0xFF, 0x7F, 0x40, 0xF0, 0x1F, 0x30,
        0x00, 0xFC, 0xFF, 0x7F, 0x40, 0xF0, 0x1F, 0x30, 0x00, 0xFC, 0xFF, 0xFF, 0x61, 0xF0, 0x0F, 0x3C,
        0x00, 0xFC, 0xFF, 0xFF, 0xFF, 0xFF, 0x07, 0x0C, 0x00, 0xF8, 0xFF, 0xFF, 0xFF, 0xFF, 0x4F, 0x08,
        0x00, 0xF8, 0xFF, 0xFF, 0xFF, 0xFF, 0x7F, 0x18, 0x00, 0xF0, 0xFF, 0xFF, 0xFF, 0xFF, 0xFF, 0x38,
        0x00, 0xE0, 0xFF, 0xFF, 0xFF, 0xFF, 0xFF, 0x3F, 0x00, 0xF0, 0xFF, 0xFF, 0xFF, 0xFF, 0xFF, 0x3F,
        0x00, 0xF8, 0xFF, 0xFF, 0xFF, 0xFF, 0xFF, 0x3F, 0x00, 0xF8, 0xFF, 0xFF, 0xFF, 0xFF, 0xFF, 0x0F,
        0x00, 0xFC, 0xFF, 0xFF, 0xFF, 0xFF, 0xFF, 0x03, 0x00, 0xFE, 0xFF, 0xFF, 0xFF, 0xFF, 0xFF, 0x07,
        0x00, 0xFE, 0xFF, 0xFF, 0x3F, 0xFF, 0xFF, 0x07, 0x00, 0xF0, 0xFF, 0xFF, 0x3F, 0xFF, 0xFF, 0x03,
        0x00, 0xF0, 0xF8, 0xFF, 0x7F, 0xFE, 0xF7, 0x00, 0x00, 0x78, 0xC0, 0xFF, 0xFF, 0xFF, 0x77, 0x00,
        0x00, 0x78, 0x80, 0xFF, 0xFF, 0xFF, 0x7F, 0x00, 0x00, 0x78, 0xC0, 0xC7, 0xFF, 0xFF, 0xFF, 0x02,
        0x00, 0x78, 0xE0, 0x83, 0xFF, 0xFF, 0xFF, 0x00, 0x00, 0x7C, 0xF0, 0x01, 0xFF, 0x9F, 0xFF, 0x07,
        0x00, 0x7E, 0xF0, 0x01, 0xFE, 0x1F, 0x0E, 0x00, 0x00, 0x7F, 0x79, 0x00, 0xFC, 0x3F, 0x0C, 0x08,
        0x00, 0xFF, 0x31, 0xF0, 0xF8, 0x1F, 0x04, 0x0C, 0x80, 0x9F, 0x33, 0xF8, 0xC0, 0x3F, 0x04, 0x1C,
        0x80, 0x1F, 0x27, 0x98, 0x01, 0x7C, 0x04, 0x3E, 0xC0, 0x1F, 0x62, 0x08, 0x01, 0x4C, 0x04, 0x3F,
        0xE0, 0x1F, 0x60, 0x08, 0x01, 0x44, 0x1C, 0x7F, 0xF0, 0x1F, 0x60, 0x08, 0x01, 0x40, 0x18, 0xFE,
        0xF0, 0x1F, 0xE0, 0x08, 0x00, 0x00, 0x1A, 0x00, 0xF8, 0x1F, 0xE0, 0x00, 0x00, 0x00, 0x18, 0x00,
        0xFC, 0x1F, 0xC0, 0x01, 0x00, 0x00, 0x00, 0x00, 0xF8, 0x01, 0x80, 0x01, 0x00, 0x00, 0x00, 0x00,
        0x00, 0x00, 0x00, 0x07, 0x00, 0x00, 0x0C, 0x00, 0x00, 0x00, 0x00, 0x02, 0x00, 0x00, 0x0C, 0x04,
        0x00, 0x00, 0x00, 0x00, 0x00, 0x00, 0x1E, 0x0C, 0x00, 0x20, 0x00, 0x00, 0x00, 0x00, 0x0F, 0x1C,
        0x00, 0x20, 0x00, 0x00, 0x00, 0x80, 0x0F, 0x18, 0x00, 0x60, 0x00, 0x06, 0x00, 0xE0, 0x0F, 0x30,
        0x00, 0xE0, 0xE0, 0xFF, 0x00, 0xFE, 0x07, 0x20, 0x00, 0xE0, 0xE1, 0xFF, 0xFF, 0xFF, 0x0F, 0x00,
        0x00, 0xE0, 0xE3, 0xFF, 0xFF, 0xFF, 0x1F, 0x38, 0x00, 0xE0, 0xFF, 0xFF, 0xFF, 0xFF, 0x3F, 0x7E,
        0x00, 0xC0, 0xFF, 0xFF, 0xFF, 0xFF, 0xFF, 0x7F, 0x00, 0xC0, 0xFF, 0xFF, 0xFF, 0xFF, 0xFF, 0x7F,
        0x00, 0xC0, 0xFF, 0xFF, 0xFF, 0xFF, 0xFF, 0x7F, 0x00, 0x80, 0xFF, 0xFF, 0xEF, 0xFF, 0xFF, 0xFF
    },
    {
        0x00, 0x00, 0x00, 0x00, 0x00, 0x00, 0x00, 0x00, 0x00, 0x00, 0x00, 0x00, 0x00, 0x00, 0x00, 0x00,
        0x00, 0x00, 0x00, 0x00, 0x00, 0x00, 0x00, 0x00, 0x00, 0x00, 0x00, 0x00, 0x00, 0x00, 0x00, 0x00,
        0x00, 0x00, 0x00, 0x00, 0x00, 0x00, 0x00, 0x00, 0x00, 0x00, 0x00, 0x00, 0x40, 0x00, 0x00, 0x00,
        0x00, 0x00, 0x00, 0x00, 0x00, 0x00, 0x00, 0x00, 0x00, 0x00, 0x00, 0x00, 0x00, 0x00, 0x00, 0x00,
        0x00, 0x00, 0x00, 0x00, 0x00, 0x00, 0x00, 0x00, 0x00, 0x00, 0x00, 0x00, 0xE0, 0x00, 0x00, 0x00,
        0x00, 0x00, 0x80, 0x1F, 0x00, 0x03, 0x38, 0x00, 0x00, 0x00, 0xF0, 0x3F, 0x38, 0xE2, 0x7C, 0x00,
        0x00, 0x00, 0xFE, 0x3F, 0x0C, 0xE2, 0xFF, 0x00, 0x00, 0x80, 0xFF, 0x3F, 0x18, 0xE3, 0xFF, 0x01,
        0x00, 0xC0, 0xFF, 0x3F, 0x90, 0xF1, 0xBF, 0x1F, 0x00, 0xF0, 0xFF, 0x3F, 0xE0, 0xF0, 0x1F, 0x3F,
        0x00, 0xF8, 0xFF, 0x3F, 0x60, 0xF0, 0x1F, 0x30, 0x00, 0xFC, 0xFF, 0x7F, 0x20, 0xF0, 0x1F, 0x30,
        0x00, 0xFE, 0xFF, 0x7F, 0x00, 0xF0, 0x1F, 0x38, 0x00, 0xFE, 0xFF, 0xFF, 0xFF, 0xF1, 0x07, 0x1C,
        0x00, 0xFC, 0xFF, 0xFF, 0xFF, 0xFF, 0x07, 0x0C, 0x00, 0xF8, 0xFF, 0xFF, 0xFF, 0xFF, 0x6F, 0x08,
        0x00, 0xF8, 0xFF, 0xFF, 0xFF, 0xFF, 0x7F, 0x18, 0x00, 0xF0, 0xFF, 0xFF, 0xFF, 0xFF, 0xFF, 0x1C,
        0x00, 0xF0, 0xFF, 0xFF, 0xFF, 0xFF, 0xF9, 0x3F, 0x00, 0xF0, 0xFF, 0xFF, 0xFF, 0xFF, 0xFF, 0x3F,
        0x00, 0xF8, 0xFF, 0xFF, 0xFF, 0xFF, 0xFF, 0x1F, 0x00, 0xFC, 0xFF, 0xFF, 0xFF, 0xFF, 0xFF, 0x0F,
        0x00, 0xFC, 0xFF, 0xFF, 0xFF, 0xFF, 0xFF, 0x03, 0x00, 0xFE, 0xFF, 0xFF, 0xFF, 0xFF, 0xFF, 0x07,
        0x00, 0xF8, 0xFF, 0xFF, 0x3F, 0xFF, 0xFF, 0x07, 0x00, 0x30, 0xE0, 0xFF, 0x3F, 0xFF, 0xFF, 0x00,
        0x00, 0x38, 0xE0, 0xFF, 0x7F, 0xFF, 0x77, 0x00, 0x00, 0x38, 0xE0, 0xEF, 0xFF, 0xFF, 0x7F, 0x01,
        0x00, 0x38, 0xF0, 0xFF, 0xFF, 0xFF, 0x7F, 0x00, 0x00, 0x3C, 0xF0, 0xC7, 0xFF, 0xFF, 0xFF, 0x03,
        0x00, 0x3C, 0xF8, 0x83, 0xFF, 0xEF, 0x07, 0x00, 0x00, 0x3C, 0xF8, 0x81, 0xFF, 0x9F, 0x07, 0x00,
        0x00, 0xBF, 0xFD, 0x00, 0xFF, 0x1F, 0x06, 0x06, 0x00, 0xFF, 0x79, 0x00, 0xFC, 0x3F, 0x00, 0x06,
        0x80, 0x8F, 0x33, 0xF0, 0xF8, 0x3F, 0x00, 0x0F, 0x80, 0x0F, 0x23, 0xF8, 0xC0, 0x3F, 0x00, 0x1F,
        0xC0, 0x0F, 0x31, 0x98, 0x01, 0x6C, 0x9C, 0x1F, 0xE0, 0x0F, 0x70, 0x0C, 0x01, 0x44, 0x1E, 0x3F,
        0xF0, 0x0F, 0x70, 0x08, 0x01, 0x44, 0x1A, 0x7E, 0xF0, 0x0F, 0x70, 0x88, 0x00, 0x44, 0x08, 0xFE,
        0xF8, 0x0F, 0x70, 0x08, 0x00, 0x00, 0x08, 0x00, 0xFC, 0x0F, 0xE0, 0x00, 0x00, 0x00, 0x02, 0x00,
        0xFE, 0x0F, 0xE0, 0x00, 0x00, 0x00, 0x04, 0x00, 0x00, 0x00, 0xC0, 0x01, 0x00, 0x00, 0x04, 0x04,
        0x00, 0x00, 0xC0, 0x03, 0x00, 0x00, 0x0C, 0x0C, 0x00, 0x00, 0x80, 0x00, 0x00, 0x00, 0x0C, 0x1C,
        0x00, 0x10, 0x00, 0x00, 0x00, 0x00, 0x0E, 0x1C, 0x00, 0x10, 0x00, 0x00, 0x00, 0x00, 0x0F, 0x38,
        0x00, 0x30, 0x00, 0x00, 0x00, 0xC0, 0x0F, 0x30, 0x00, 0x70, 0xF0, 0x07, 0x00, 0xF0, 0x0F, 0x20,
        0x00, 0xF0, 0xF0, 0xFF, 0x00, 0xFF, 0x1F, 0x70, 0x00, 0xF0, 0xF1, 0xFF, 0xFF, 0xFF, 0xBF, 0x7E,
        0x00, 0xF0, 0xFF, 0xFF, 0xFF, 0xFF, 0x7F, 0x7E, 0x00, 0xF0, 0xFF, 0xFF, 0xFF, 0xFF, 0xFF, 0x7F,
        0x00, 0xE0, 0xFF, 0xFF, 0xFF, 0xFF, 0xFF, 0x7F, 0x00, 0xE0, 0xFF, 0xFF, 0xFF, 0xFF, 0xFF, 0xFF,
        0x00, 0xE0, 0xFF, 0xFF, 0xFF, 0xFF, 0xFF, 0xFF, 0x00, 0xC0, 0xFF, 0xFF, 0xEF, 0xFF, 0xFF, 0xFF
    },
    {
        0x00, 0x00, 0x00, 0x00, 0x00, 0x00, 0x00, 0x00, 0x00, 0x00, 0x00, 0x00, 0x00, 0x00, 0x00, 0x00,
        0x00, 0x00, 0x00, 0x00, 0x00, 0x00, 0x00, 0x00, 0x00, 0x00, 0x00, 0x00, 0x00, 0x00, 0x00, 0x00,
        0x00, 0x00, 0x00, 0x00, 0x00, 0x00, 0x00, 0x00, 0x00, 0x00, 0x00, 0x00, 0x40, 0x00, 0x00, 0x00,
        0x00, 0x00, 0x00, 0x00, 0x00, 0x00, 0x00, 0x00, 0x00, 0x00, 0x00, 0x00, 0x00, 0x00, 0x00, 0x00,
        0x00, 0x00, 0x00, 0x00, 0x30, 0x00, 0x00, 0x00, 0x00, 0x00, 0x00, 0x10, 0xC0, 0x00, 0x00, 0x00,
        0x00, 0x00, 0xC0, 0x1F, 0x00, 0x23, 0x38, 0x00, 0x00, 0x00, 0xF8, 0x1F, 0x38, 0xE2, 0x7F, 0x00,
        0x00, 0x00, 0xFE, 0x3F, 0x4C, 0xE3, 0xFF, 0x00, 0x00, 0x80, 0xFF, 0x3F, 0x88, 0xF3, 0xFF, 0x00,
        0x00, 0xE0, 0xFF, 0x3F, 0x90, 0xF0, 0xBE, 0x1F, 0x00, 0xF8, 0xFF, 0x3F, 0x60, 0xF0, 0x1F, 0x3F,
        0x00, 0xFC, 0xFF, 0x3F, 0x60, 0xF0, 0x1F, 0x31, 0x00, 0xFC, 0xFF, 0x3F, 0x20, 0xF0, 0x1F, 0x38,
        0x00, 0xFE, 0xFF, 0x7F, 0x20, 0xF0, 0x0F, 0x18, 0x00, 0xFE, 0xFF, 0xFF, 0xFF, 0xFA, 0x07, 0x0C,
        0x00, 0xFC, 0xFF, 0xFF, 0xFF, 0xFF, 0x07, 0x04, 0x00, 0xF8, 0xFF, 0xFF, 0xFF, 0xFF, 0x7F, 0x08,
        0x00, 0xF8, 0xFF, 0xFF, 0xFF, 0xFF, 0x7F, 0x18, 0x00, 0xF0, 0xFF, 0xFF, 0xFF, 0xFF, 0xFF, 0x1C,
        0x00, 0xF0, 0xFF, 0xFF, 0xFF, 0xFF, 0xFF, 0x1F, 0x00, 0xF8, 0xFF, 0xFF, 0xFF, 0xFF, 0xFF, 0x1F,
        0x00, 0xF8, 0xFF, 0xFF, 0xFF, 0xFF, 0xFF, 0x1F, 0x00, 0xFC, 0xFF, 0xFF, 0xFF, 0xFF, 0xFF, 0x07,
        0x00, 0xFE, 0xFF, 0xFF, 0xFF, 0xFF, 0xFF, 0x03, 0x00, 0xFE, 0xFF, 0xFF, 0xFF, 0xFF, 0xFF, 0x07,
        0x00, 0x00, 0xF8, 0xFF, 0x3F, 0xFF, 0xFF, 0x07, 0x00, 0x08, 0xF8, 0xFF, 0x3F, 0xFF, 0xFF, 0x00,
        0x00, 0x08, 0xF8, 0xFF, 0x7F, 0xFF, 0x77, 0x00, 0x00, 0x08, 0xF8, 0xEF, 0xFF, 0xFF, 0xFF, 0x01,
        0x00, 0x1C, 0xFC, 0xF7, 0xFF, 0xFF, 0x07, 0x01, 0x00, 0x1E, 0xFC, 0xC3, 0xFF, 0xFF, 0x01, 0x00,
        0x00, 0x1C, 0xFC, 0xC1, 0xFF, 0xCF, 0x03, 0x01, 0x00, 0xFE, 0xFD, 0x80, 0xFF, 0x8F, 0x03, 0x03,
        0x00, 0xDF, 0x79, 0x00, 0xFF, 0x1F, 0x02, 0x03, 0x80, 0x8F, 0x39, 0x10, 0xFE, 0x1F, 0x80, 0x07,
        0x80, 0x87, 0x33, 0xF8, 0xF0, 0x3B, 0x80, 0x07, 0xC0, 0x07, 0x38, 0xF8, 0x80, 0x3F, 0x0C, 0x0F,
        0xE0, 0x07, 0x38, 0x8C, 0x00, 0x6C, 0x1A, 0x1E, 0xF0, 0x07, 0x38, 0x04, 0x00, 0x44, 0x1A, 0x1E,
        0xF8, 0x07, 0x38, 0x8C, 0x00, 0x44, 0x0A, 0x3E, 0xF8, 0x07, 0x78, 0x88, 0x00, 0x04, 0x00, 0x7C,
        0xFC, 0x07, 0x78, 0x00, 0x00, 0x00, 0x02, 0x30, 0xFE, 0x07, 0x78, 0x00, 0x00, 0x00, 0x06, 0x00,
        0xFC, 0x01, 0xF0, 0x00, 0x00, 0x00, 0x0C, 0x04, 0x00, 0x08, 0xF0, 0x01, 0x00, 0x00, 0x0C, 0x0C,
        0x00, 0x08, 0xF0, 0x01, 0x00, 0x00, 0x0C, 0x1C, 0x00, 0x08, 0x70, 0x00, 0x00, 0x00, 0x0E, 0x1C,
        0x00, 0x08, 0x60, 0x00, 0x00, 0x00, 0x07, 0x3C, 0x00, 0x08, 0x70, 0x00, 0x00, 0x80, 0x07, 0x3C,
        0x00, 0x78, 0xF8, 0x01, 0x00, 0xC0, 0x07, 0x78, 0x00, 0xF8, 0xF8, 0x0F, 0x00, 0xF8, 0x0F, 0x78,
        0x00, 0xF8, 0xF9, 0xFF, 0xC3, 0xFF, 0x1B, 0x7E, 0x00, 0xF8, 0xFF, 0xFF, 0xFF, 0xFF, 0xFF, 0x7F,
        0x00, 0xF8, 0xFF, 0xFF, 0xFF, 0xFF, 0xFF, 0x7F, 0x00, 0xF8, 0xFF, 0xFF, 0xFF, 0xFF, 0xFF, 0x7F,
        0x00, 0xF8, 0xFF, 0xFF, 0xFF, 0xFF, 0xFF, 0x7F, 0x00, 0xF0, 0xFF, 0xFF, 0xFF, 0xFF, 0xFF, 0x7F,
        0x00, 0xF0, 0xFF, 0xFF, 0xFF, 0xFF, 0xFF, 0x7F, 0x00, 0xF0, 0xFF, 0xFF, 0xEF, 0xFF, 0xFF, 0x7F
    },
    {
        0x00, 0x00, 0x00, 0x00, 0x00, 0x00, 0x00, 0x00, 0x00, 0x00, 0x00, 0x00, 0x00, 0x00, 0x00, 0x00,
        0x00, 0x00, 0x00, 0x00, 0x00, 0x00, 0x00, 0x00, 0x00, 0x00, 0x00, 0x00, 0x00, 0x00, 0x00, 0x00,
        0x00, 0x00, 0x00, 0x00, 0x00, 0x00, 0x00, 0x00, 0x00, 0x00, 0x00, 0x00, 0x40, 0x00, 0x00, 0x00,
        0x00, 0x00, 0x00, 0x00, 0x00, 0x00, 0x00, 0x00, 0x00, 0x00, 0x00, 0x00, 0x00, 0x00, 0x00, 0x00,
        0x00, 0x00, 0x00, 0x00, 0x20, 0x00, 0x00, 0x00, 0x00, 0x00, 0x00, 0x18, 0x80, 0x01, 0x00, 0x00,
        0x00, 0x00, 0xC0, 0x1F, 0x00, 0x23, 0x3C, 0x00, 0x00, 0x00, 0xF8, 0x1F, 0x28, 0xE2, 0x7F, 0x00,
        0x00, 0x00, 0xFF, 0x3F, 0x0C, 0xE3, 0xFF, 0x00, 0x00, 0xC0, 0xFF, 0x3F, 0x08, 0xF3, 0xFE, 0x00,
        0x00, 0xE0, 0xFF, 0x3F, 0x90, 0xF0, 0x9F, 0x1F, 0x00, 0xF8, 0xFF, 0x3F, 0x60, 0xF0, 0x1F, 0x3F,
        0x00, 0xFC, 0xFF, 0x3F, 0x60, 0xF0, 0x1F, 0x38, 0x00, 0xFC, 0xFF, 0x3F, 0x20, 0xF0, 0x1F, 0x38,
        0x00, 0xFE, 0xFF, 0x7F, 0x21, 0xF8, 0x0F, 0x18, 0x00, 0xFE, 0xFF, 0xFF, 0xFF, 0xFB, 0x07, 0x0C,
        0x00, 0xFC, 0xFF, 0xFF, 0xFF, 0xFF, 0x07, 0x04, 0x00, 0xF8, 0xFF, 0xFF, 0xFF, 0xFF, 0x7F, 0x08,
        0x00, 0xF8, 0xFF, 0xFF, 0xFF, 0xFF, 0x7F, 0x1C, 0x00, 0xF0, 0xFF, 0xFF, 0xFF, 0xFF, 0xFF, 0x1E,
        0x00, 0xF0, 0xFF, 0xFF, 0xFF, 0xFF, 0xFF, 0x1F, 0x00, 0xF8, 0xFF, 0xFF, 0xFF, 0xFF, 0xFF, 0x1F,
        0x00, 0xFC, 0xFF, 0xFF, 0xFF, 0xFF, 0xFF, 0x1F, 0x00, 0xFC, 0xFF, 0xFF, 0xFF, 0xFF, 0xFF, 0x07,
        0x00, 0xFE, 0xFF, 0xFF, 0xFF, 0xFF, 0xFF, 0x03, 0x00, 0x3E, 0xFF, 0xFF, 0xFF, 0xFF, 0xFF, 0x07,
        0x00, 0x00, 0xFE, 0xFF, 0x3F, 0xFF, 0xFF, 0x07, 0x00, 0x00, 0xFE, 0xFF, 0x3F, 0xFF, 0xFF, 0x00,
        0x00, 0x00, 0xFC, 0xFF, 0x3F, 0xFF, 0x77, 0x00, 0x00, 0x04, 0xFC, 0xEF, 0xFF, 0xFF, 0xFF, 0x01,
        0x00, 0x0C, 0xFC, 0xF7, 0xFF, 0xFF, 0x83, 0x00, 0x00, 0x0C, 0xFC, 0xC3, 0xFF, 0xFF, 0x80, 0x00,
        0x00, 0x1C, 0xFE, 0xC1, 0xFF, 0xCF, 0x80, 0x00, 0x00, 0xFF, 0xF8, 0x81, 0xFF, 0x8F, 0x81, 0x03,
        0x00, 0xCF, 0xF9, 0x00, 0xFF, 0x0F, 0x80, 0x03, 0x80, 0x87, 0x33, 0x30, 0xFE, 0x1F, 0x80, 0x07,
        0xC0, 0x07, 0x13, 0xF8, 0xF8, 0x1B, 0x90, 0x07, 0xE0, 0x07, 0x38, 0xF8, 0xC0, 0x3F, 0x1C, 0x0F,
        0xF0, 0x07, 0x38, 0x8C, 0x00, 0x6C, 0x1A, 0x0E, 0xF0, 0x07, 0x38, 0x04, 0x00, 0x44, 0x1A, 0x1C,
        0xF8, 0x07, 0x38, 0x8C, 0x00, 0x44, 0x0A, 0x1C, 0xFC, 0x07, 0x38, 0x88, 0x00, 0x04, 0x02, 0x3C,
        0xFE, 0x07, 0x78, 0x00, 0x00, 0x00, 0x06, 0x7C, 0xFF, 0x07, 0x78, 0x00, 0x00, 0x00, 0x06, 0x00,
        0x00, 0x00, 0xF8, 0x00, 0x00, 0x00, 0x0C, 0x0C, 0x00, 0x00, 0xF8, 0x00, 0x00, 0x00, 0x0C, 0x1C,
        0x00, 0x00, 0xF8, 0x01, 0x00, 0x00, 0x0C, 0x1C, 0x00, 0x00, 0x78, 0x00, 0x00, 0x00, 0x06, 0x3C,
        0x00, 0x00, 0x78, 0x00, 0x00, 0x00, 0x07, 0x3C, 0x00, 0x18, 0x7C, 0x00, 0x00, 0x80, 0x07, 0x3E,
        0x00, 0x3C, 0xF8, 0x01, 0x00, 0xE0, 0x03, 0x7C, 0x00, 0xFC, 0xF8, 0x09, 0x00, 0xF0, 0x03, 0x7E,
        0x00, 0xF8, 0xFF, 0xFF, 0xE7, 0xFF, 0x4B, 0x7E, 0x00, 0xFC, 0xFF, 0xFF, 0xFF, 0xFF, 0xFB, 0x7F,
        0x00, 0xFC, 0xFF, 0xFF, 0xFF, 0xFF, 0xFF, 0x7F, 0x00, 0xF8, 0xFF, 0xFF, 0xFF, 0xFF, 0xFF, 0x7F,
        0x00, 0xF8, 0xFF, 0xFF, 0xFF, 0xFF, 0xFF, 0x7F, 0x00, 0xF8, 0xFF, 0xFF, 0xFF, 0xFF, 0xFF, 0x7F,
        0x00, 0xF8, 0xFF, 0xFF, 0xFF, 0xFF, 0xFF, 0x3F, 0x00, 0xF8, 0xFF, 0xFF, 0xE7, 0xFF, 0xFF, 0x3F
    },
    {
        0x00, 0x00, 0x00, 0x00, 0x00, 0x00, 0x00, 0x00, 0x00, 0x00, 0x00, 0x00, 0x00, 0x00, 0x00, 0x00,
        0x00, 0x00, 0x00, 0x00, 0x00, 0x00, 0x00, 0x00, 0x00, 0x00, 0x00, 0x00, 0x00, 0x00, 0x00, 0x00,
        0x00, 0x00, 0x00, 0x00, 0x00, 0x00, 0x00, 0x00, 0x00, 0x00, 0x00, 0x00, 0x40, 0x00, 0x00, 0x00,
        0x00, 0x00, 0x00, 0x00, 0x00, 0x00, 0x00, 0x00, 0x00, 0x00, 0x00, 0x00, 0x00, 0x00, 0x00, 0x00,
        0x00, 0x00, 0x00, 0x00, 0x70, 0x00, 0x00, 0x00, 0x00, 0x00, 0x00, 0x3C, 0x80, 0x01, 0x00, 0x00,
        0x00, 0x00, 0xE0, 0x1F, 0x00, 0x63, 0x7C, 0x00, 0x00, 0x00, 0xFC, 0x3F, 0x68, 0xE2, 0xFF, 0x00,
        0x00, 0x00, 0xFF, 0x3F, 0x48, 0xE7, 0xFF, 0x00, 0x00, 0xC0, 0xFF, 0x3F, 0x10, 0xF3, 0xFF, 0x0D,
        0x00, 0xE0, 0xFF, 0x3F, 0x90, 0xF1, 0x1F, 0x1F, 0x00, 0xF8, 0xFF, 0x3F, 0x60, 0xF0, 0x1F, 0x3B,
        0x00, 0xFC, 0xFF, 0x3F, 0x60, 0xF0, 0x1F, 0x30, 0x00, 0xFC, 0xFF, 0x7F, 0x20, 0xF0, 0x1F, 0x38,
        0x00, 0xFE, 0xFF, 0x7F, 0x40, 0xF0, 0x0F, 0x1C, 0x00, 0xFC, 0xFF, 0xFF, 0xFF, 0xFF, 0x07, 0x0C,
        0x00, 0xFC, 0xFF, 0xFF, 0xFF, 0xFF, 0x07, 0x0C, 0x00, 0xF8, 0xFF, 0xFF, 0xFF, 0xFF, 0x7F, 0x08,
        0x00, 0xF0, 0xFF, 0xFF, 0xFF, 0xFF, 0x7F, 0x18, 0x00, 0xF0, 0xFF, 0xFF, 0xFF, 0xFF, 0xFF, 0x3F,
        0x00, 0xF0, 0xFF, 0xFF, 0xFF, 0xFF, 0xFF, 0x3F, 0x00, 0xF8, 0xFF, 0xFF, 0xFF, 0xFF, 0xFF, 0x1F,
        0x00, 0xFC, 0xFF, 0xFF, 0xFF, 0xFF, 0xFF, 0x0F, 0x00, 0xFC, 0xFF, 0xFF, 0xFF, 0xFF, 0xFF, 0x03,
        0x00, 0xFE, 0xFF, 0xFF, 0xFF, 0xFF, 0xFF, 0x07, 0x00, 0x0E, 0xFE, 0xFF, 0xBF, 0xFF, 0xFF, 0x07,
        0x00, 0x00, 0xFE, 0xFF, 0x3F, 0xFF, 0xFF, 0x03, 0x00, 0x00, 0xFC, 0xFF, 0x3F, 0xFF, 0xFF, 0x00,
        0x00, 0x00, 0xFC, 0xFF, 0x7F, 0xFF, 0x77, 0x00, 0x00, 0x04, 0xFC, 0xEF, 0xFF, 0xFF, 0xFF, 0x00,
        0x00, 0x0C, 0xFC, 0xC7, 0xFF, 0xFF, 0x81, 0x00, 0x00, 0x1E, 0xF8, 0xC3, 0xFF, 0xEF, 0x80, 0x00,
        0x00, 0xBC, 0xF3, 0xC1, 0xFF, 0xCF, 0x00, 0x03, 0x00, 0x3F, 0xF3, 0x80, 0xFF, 0x0F, 0x01, 0x03,
        0x80, 0x1F, 0x67, 0x00, 0xFF, 0x0F, 0x02, 0x03, 0x80, 0x0F, 0x27, 0x70, 0xFC, 0x1D, 0x04, 0x07,
        0xC0, 0x0F, 0x30, 0xF8, 0xF0, 0x3B, 0x34, 0x06, 0xE0, 0x0F, 0x20, 0xD8, 0xC0, 0x3F, 0x3C, 0x04,
        0xF0, 0x0F, 0x30, 0x8C, 0x01, 0x6C, 0x36, 0x0C, 0xF8, 0x0F, 0x30, 0x0C, 0x01, 0x44, 0x34, 0x18,
        0xFC, 0x0F, 0x30, 0x08, 0x00, 0x44, 0x04, 0x18, 0xFE, 0x1F, 0x38, 0x08, 0x00, 0x00, 0x0E, 0x38,
        0xFF, 0x0F, 0x30, 0x00, 0x00, 0x00, 0x0E, 0x70, 0xFE, 0x07, 0x78, 0x00, 0x00, 0x00, 0x1C, 0x00,
        0x00, 0x00, 0x78, 0x00, 0x00, 0x00, 0x1C, 0x18, 0x00, 0x00, 0xF8, 0x00, 0x00, 0x00, 0x0C, 0x18,
        0x00, 0x00, 0xF8, 0x01, 0x00, 0x00, 0x0C, 0x38, 0x00, 0x00, 0xF8, 0x00, 0x00, 0x00, 0x06, 0x38,
        0x00, 0x38, 0xF8, 0x00, 0x00, 0x00, 0x03, 0x7C, 0x00, 0x78, 0xF8, 0x00, 0x00, 0x80, 0x03, 0x7C,
        0x00, 0xF8, 0xF8, 0x01, 0x00, 0xC0, 0x01, 0x7C, 0x00, 0xF8, 0xFB, 0x1D, 0x00, 0xFC, 0x03, 0x7E,
        0x00, 0xF8, 0xFF, 0xFF, 0xFF, 0xFF, 0xFB, 0x7E, 0x00, 0xFC, 0xFF, 0xFF, 0xFF, 0xFF, 0xFB, 0x7F,
        0x00, 0xFC, 0xFF, 0xFF, 0xFF, 0xFF, 0xFF, 0x7F, 0x00, 0xFC, 0xFF, 0xFF, 0xFF, 0xFF, 0xFF, 0x3F,
        0x00, 0xFC, 0xFF, 0xFF, 0xFF, 0xFF, 0xFF, 0x3F, 0x00, 0xFC, 0xFF, 0xFF, 0xFF, 0xFF, 0xFF, 0x3F,
        0x00, 0xFC, 0xFF, 0xFF, 0xFF, 0xFF, 0xFF, 0x1F, 0x00, 0xFC, 0xFF, 0xFF, 0xEF, 0xFF, 0xFF, 0x1F
    },
    {
        0x00, 0x00, 0x00, 0x00, 0x00, 0x00, 0x00, 0x00, 0x00, 0x00, 0x00, 0x00, 0x00, 0x00, 0x00, 0x00,
        0x00, 0x00, 0x00, 0x00, 0x00, 0x00, 0x00, 0x00, 0x00, 0x00, 0x00, 0x00, 0x00, 0x00, 0x00, 0x00,
        0x00, 0x00, 0x00, 0x00, 0x00, 0x00, 0x00, 0x00, 0x00, 0x00, 0x00, 0x00, 0xC0, 0x00, 0x00, 0x00,
        0x00, 0x00, 0x00, 0x00, 0x00, 0x00, 0x00, 0x00, 0x00, 0x00, 0x00, 0x00, 0x00, 0x00, 0x00, 0x00,
        0x00, 0x00, 0x00, 0x00, 0xE0, 0x00, 0x00, 0x00, 0x00, 0x00, 0x00, 0x3F, 0x00, 0x01, 0x30, 0x00,
        0x00, 0x00, 0xE0, 0x3F, 0x50, 0xE2, 0x7C, 0x00, 0x00, 0x00, 0xFC, 0x3F, 0x58, 0xE2, 0xFF, 0x00,
        0x00, 0x00, 0xFF, 0x3F, 0x08, 0xE7, 0xFF, 0x01, 0x00, 0xC0, 0xFF, 0x3F, 0x10, 0xE1, 0xFF, 0x1F,
        0x00, 0xF0, 0xFF, 0x3F, 0xA0, 0xE1, 0x1F, 0x3F, 0x00, 0xF8, 0xFF, 0x7F, 0x60, 0xF0, 0x1F, 0x32,
        0x00, 0xFC, 0xFF, 0x7F, 0x40, 0xF0, 0x1F, 0x30, 0x00, 0xFC, 0xFF, 0x7F, 0x40, 0xF0, 0x3F, 0x38,
        0x00, 0xFC, 0xFF, 0xFF, 0xE2, 0xF0, 0x0F, 0x1C, 0x00, 0xFC, 0xFF, 0xFF, 0xFF, 0xFF, 0x07, 0x0C,
        0x00, 0xF8, 0xFF, 0xFF, 0xFF, 0xFF, 0x4F, 0x08, 0x00, 0xF8, 0xFF, 0xFF, 0xFF, 0xFF, 0x7F, 0x18,
        0x00, 0xF0, 0xFF, 0xFF, 0xFF, 0xFF, 0xFF, 0x38, 0x00, 0xE0, 0xFF, 0xFF, 0xFF, 0xFF, 0xFF, 0x3F,
        0x00, 0xF0, 0xFF, 0xFF, 0xFF, 0xFF, 0xFF, 0x3F, 0x00, 0xF8, 0xFF, 0xFF, 0xFF, 0xFF, 0xFF, 0x1F,
        0x00, 0xF8, 0xFF, 0xFF, 0xFF, 0xFF, 0xFF, 0x0F, 0x00, 0xFC, 0xFF, 0xFF, 0xFF, 0xFF, 0xFF, 0x07,
        0x00, 0x7E, 0xFE, 0xFF, 0xFF, 0xFF, 0xFF, 0x07, 0x00, 0x0C, 0xFC, 0xFF, 0x3F, 0xFF, 0xFF, 0x07,
        0x00, 0x00, 0xF8, 0xFF, 0x3F, 0xFF, 0xFF, 0x03, 0x00, 0x00, 0xF8, 0xFF, 0x3F, 0xFF, 0xF7, 0x01,
        0x00, 0x00, 0xF0, 0xFF, 0x7F, 0xFF, 0xF7, 0x01, 0x00, 0x0C, 0xF0, 0xFF, 0xFF, 0xFF, 0x3F, 0x01,
        0x00, 0x3C, 0xFC, 0xC7, 0xFF, 0xFF, 0x03, 0x00, 0x00, 0x7E, 0xC6, 0xC3, 0xFF, 0xFF, 0x01, 0x00,
        0x00, 0x7E, 0xCC, 0x81, 0xFF, 0x8F, 0x03, 0x00, 0x00, 0x3F, 0x8C, 0x00, 0xFF, 0x0F, 0x07, 0x00,
        0x80, 0x3F, 0x14, 0x00, 0xFE, 0x0F, 0x0C, 0x00, 0xC0, 0x3F, 0x00, 0xF0, 0xFC, 0x19, 0x9C, 0x00,
        0xC0, 0x3F, 0x00, 0xF8, 0xF8, 0x3F, 0xFC, 0x00, 0xE0, 0x3F, 0x00, 0x98, 0xC1, 0x7D, 0xFC, 0x00,
        0xF0, 0x3F, 0x00, 0x08, 0x01, 0x4C, 0xDC, 0x00, 0xF8, 0x3F, 0x00, 0x08, 0x01, 0x44, 0x4C, 0x00,
        0xFC, 0x3F, 0x60, 0x08, 0x01, 0x40, 0x1C, 0x00, 0xFF, 0x0F, 0x60, 0x08, 0x00, 0x00, 0x1E, 0x20,
        0xFF, 0x03, 0xE0, 0x00, 0x00, 0x00, 0x3C, 0x60, 0xF8, 0x01, 0xF0, 0x01, 0x00, 0x00, 0x3C, 0x00,
        0x00, 0x00, 0xF0, 0x01, 0x00, 0x00, 0x1C, 0x30, 0x00, 0x00, 0xF0, 0x01, 0x00, 0x00, 0x1C, 0x30,
        0x00, 0x70, 0xF0, 0x01, 0x00, 0x00, 0x0C, 0x70, 0x00, 0x70, 0xF0, 0x01, 0x00, 0x00, 0x06, 0x78,
        0x00, 0xF0, 0xF0, 0x01, 0x00, 0x00, 0x03, 0x78, 0x00, 0xF0, 0xF1, 0x01, 0x00, 0x80, 0x01, 0xF8,
        0x00, 0xF8, 0xF7, 0x00, 0x00, 0xE0, 0x03, 0xFC, 0x00, 0xF8, 0xFF, 0xFF, 0x00, 0xFE, 0x73, 0xFC,
        0x00, 0xF8, 0xFF, 0xFF, 0xFF, 0xFF, 0xFB, 0xFE, 0x00, 0xF8, 0xFF, 0xFF, 0xFF, 0xFF, 0xFF, 0x7F,
        0x00, 0xF8, 0xFF, 0xFF, 0xFF, 0xFF, 0xFF, 0x7F, 0x00, 0xF8, 0xFF, 0xFF, 0xFF, 0xFF, 0xFF, 0x3F,
        0x00, 0xF8, 0xFF, 0xFF, 0xFF, 0xFF, 0xFF, 0x3F, 0x00, 0xFC, 0xFF, 0xFF, 0xFF, 0xFF, 0xFF, 0x1F,
        0x00, 0xFC, 0xFF, 0xFF, 0xFF, 0xFF, 0xFF, 0x0F, 0x00, 0xFE, 0xFF, 0xFF, 0xCF, 0xFF, 0xFF, 0x07
    },
    {
        0x00, 0x00, 0x00, 0x00, 0x00, 0x00, 0x00, 0x00, 0x00, 0x00, 0x00, 0x00, 0x00, 0x00, 0x00, 0x00,
        0x00, 0x00, 0x00, 0x00, 0x00, 0x00, 0x00, 0x00, 0x00, 0x00, 0x00, 0x00, 0x00, 0x00, 0x00, 0x00,
        0x00, 0x00, 0x00, 0x00, 0x00, 0x00, 0x00, 0x00, 0x00, 0x00, 0x00, 0x00, 0x00, 0x00, 0x00, 0x00,
        0x00, 0x00, 0x00, 0x00, 0x00, 0x00, 0x00, 0x00, 0x00, 0x00, 0x00, 0x00, 0x20, 0x00, 0x00, 0x00,
        0x00, 0x00, 0x00, 0x20, 0xE0, 0x01, 0x00, 0x00, 0x00, 0x00, 0x80, 0x3F, 0x00, 0x03, 0x78, 0x00,
        0x00, 0x00, 0xF0, 0x3F, 0x70, 0xC4, 0xFD, 0x00, 0x00, 0x00, 0xFE, 0x3F, 0x58, 0xE6, 0xFF, 0x01,
        0x00, 0x80, 0xFF, 0x7F, 0x10, 0xE7, 0xFF, 0x01, 0x00, 0xC0, 0xFF, 0x7F, 0x30, 0xE1, 0x3F, 0x3F,
        0x00, 0xF0, 0xFF, 0x7F, 0xA0, 0xE1, 0x3F, 0x3E, 0x00, 0xF8, 0xFF, 0x7F, 0xC0, 0xE0, 0x1F, 0x32,
        0x00, 0xFC, 0xFF, 0x7F, 0x40, 0xF0, 0x3F, 0x70, 0x00, 0xFC, 0xFF, 0x7F, 0x40, 0xF0, 0x1F, 0x38,
        0x00, 0xFC, 0xFF, 0xFF, 0xFF, 0xF3, 0x0F, 0x1C, 0x00, 0xF8, 0xFF, 0xFF, 0xFF, 0xFF, 0x0F, 0x08,
        0x00, 0xF8, 0xFF, 0xFF, 0xFF, 0xFF, 0xDF, 0x18, 0x00, 0xF0, 0xFF, 0xFF, 0xFF, 0xFF, 0xFF, 0x18,
        0x00, 0xE0, 0xFF, 0xFF, 0xFF, 0xFF, 0xFF, 0x39, 0x00, 0xE0, 0xFF, 0xFF, 0xFF, 0xFF, 0xFF, 0x3F,
        0x00, 0xF0, 0xFF, 0xFF, 0xFF, 0xFF, 0xFF, 0x3F, 0x00, 0xF8, 0xFF, 0xFF, 0xFF, 0xFF, 0xFF, 0x1F,
        0x00, 0xF8, 0xFF, 0xFF, 0xFF, 0xFF, 0xFF, 0x0F, 0x00, 0xFC, 0xFD, 0xFF, 0xFF, 0xFF, 0xFF, 0x07,
        0x00, 0x7C, 0xF8, 0xFF, 0xFF, 0xFF, 0xFF, 0x07, 0x00, 0x08, 0xF0, 0xFF, 0x3F, 0xFF, 0xFF, 0x0F,
        0x00, 0x00, 0xE0, 0xFF, 0x3F, 0xFF, 0xFF, 0x01, 0x00, 0x00, 0xC0, 0xFF, 0x7F, 0xFE, 0xF7, 0x00,
        0x00, 0x18, 0xC0, 0xFF, 0xFF, 0xFF, 0xFF, 0x01, 0x00, 0xFC, 0x98, 0xEF, 0xFF, 0xFF, 0x7F, 0x00,
        0x00, 0x7C, 0x1B, 0xC7, 0xFF, 0xEF, 0x0F, 0x00, 0x00, 0xFC, 0x39, 0x83, 0xFF, 0xCF, 0x0F, 0x00,
        0x00, 0xFE, 0x30, 0x80, 0xFF, 0x8F, 0x1F, 0x00, 0x00, 0xFF, 0x10, 0x00, 0xFF, 0x1F, 0x3E, 0x00,
        0x80, 0xFF, 0x00, 0x00, 0xFE, 0x1F, 0x7C, 0x00, 0x80, 0xFF, 0x00, 0xF0, 0xF8, 0x39, 0x78, 0x03,
        0xC0, 0xFF, 0x00, 0xF8, 0xE1, 0x7B, 0xFC, 0x03, 0xE0, 0xFF, 0x00, 0x98, 0x81, 0x5F, 0xFC, 0x03,
        0xF0, 0xFF, 0x00, 0x08, 0x01, 0x08, 0x3C, 0x01, 0xF8, 0x7F, 0x80, 0x18, 0x01, 0x08, 0x3C, 0x00,
        0xFE, 0x1F, 0x80, 0x19, 0x01, 0x48, 0x7C, 0x00, 0xFF, 0x07, 0xC0, 0x01, 0x00, 0x00, 0x7C, 0x40,
        0xFE, 0x07, 0xC0, 0x03, 0x00, 0x00, 0x7C, 0x00, 0xC0, 0x00, 0xE0, 0x03, 0x00, 0x00, 0xFC, 0x00,
        0x00, 0x40, 0xC0, 0x03, 0x00, 0x00, 0x3C, 0x40, 0x00, 0xE0, 0xC1, 0x03, 0x00, 0x00, 0x1C, 0x60,
        0x00, 0xE0, 0xC1, 0x03, 0x00, 0x00, 0x0C, 0xE0, 0x00, 0xE0, 0xC1, 0x03, 0x00, 0x00, 0x06, 0xE0,
        0x00, 0xF0, 0xE3, 0x03, 0x00, 0x00, 0x03, 0xF0, 0x00, 0xF0, 0xEF, 0x01, 0x00, 0x80, 0x03, 0xF0,
        0x00, 0xF0, 0xFF, 0x01, 0x00, 0xF0, 0x33, 0xF8, 0x00, 0xF0, 0xFF, 0xFF, 0x03, 0xFF, 0xF7, 0xF8,
        0x00, 0xF8, 0xFF, 0xFF, 0xFF, 0xFF, 0xFB, 0xFD, 0x00, 0xF8, 0xFF, 0xFF, 0xFF, 0xFF, 0xFF, 0xFF,
        0x00, 0xF8, 0xFF, 0xFF, 0xFF, 0xFF, 0xFF, 0x7F, 0x00, 0xF8, 0xFF, 0xFF, 0xFF, 0xFF, 0xFF, 0x3F,
        0x00, 0xF8, 0xFF, 0xFF, 0xFF, 0xFF, 0xFF, 0x3F, 0x00, 0xFC, 0xFF, 0xFF, 0xFF, 0xFF, 0xFF, 0x1F,
        0x00, 0xFC, 0xFF, 0xFF, 0xCF, 0xFF, 0xFF, 0x0F, 0x00, 0xFE, 0xFF, 0xFF, 0xCF, 0xFF, 0xFF, 0x0F
    },
    {
        0x00, 0x00, 0x00, 0x00, 0x00, 0x00, 0x00, 0x00, 0x00, 0x00, 0x00, 0x00, 0x00, 0x00, 0x00, 0x00,
        0x00, 0x00, 0x00, 0x00, 0x00, 0x00, 0x00, 0x00, 0x00, 0x00, 0x00, 0x00, 0x00, 0x00, 0x00, 0x00,
        0x00, 0x00, 0x00, 0x00, 0xC0, 0x00, 0x00, 0x00, 0x00, 0x00, 0x00, 0x00, 0x00, 0x00, 0x00, 0x00,
        0x00, 0x00, 0x00, 0x00, 0x00, 0x00, 0x00, 0x00, 0x00, 0x00, 0x00, 0x00, 0x40, 0x00, 0x00, 0x00,
        0x00, 0x00, 0x00, 0x38, 0x00, 0x03, 0x00, 0x00, 0x00, 0x00, 0x80, 0x7F, 0x00, 0xC4, 0xF8, 0x00,
        0x00, 0x00, 0xF0, 0x7F, 0xF0, 0xC4, 0xFF, 0x01, 0x00, 0x00, 0xFE, 0x7F, 0x98, 0xC4, 0xFF, 0x01,
        0x00, 0x80, 0xFF, 0x7F, 0x30, 0xE6, 0xFF, 0x1B, 0x00, 0xC0, 0xFF, 0x7F, 0x20, 0xC1, 0x3D, 0x3E,
        0x00, 0xF0, 0xFF, 0x7F, 0xC0, 0xE1, 0x3F, 0x7E, 0x00, 0xF8, 0xFF, 0xFF, 0xC0, 0xE0, 0x3F, 0x60,
        0x00, 0xF8, 0xFF, 0xFF, 0x00, 0xE0, 0x3F, 0x70, 0x00, 0xFC, 0xFF, 0xFF, 0x40, 0xE0, 0x1F, 0x30,
        0x00, 0xF8, 0xFF, 0xFF, 0xFF, 0xFF, 0x0F, 0x18, 0x00, 0xF8, 0xFF, 0xFF, 0xFF, 0xFF, 0x0F, 0x18,
        0x00, 0xF0, 0xFF, 0xFF, 0xFF, 0xFF, 0xFF, 0x30, 0x00, 0xE0, 0xFF, 0xFF, 0xFF, 0xFF, 0xFF, 0x30,
        0x00, 0xE0, 0xFF, 0xFF, 0xFF, 0xFF, 0xFF, 0x7F, 0x00, 0xE0, 0xFF, 0xFF, 0xFF, 0xFF, 0xFF, 0x7F,
        0x00, 0xF0, 0xFF, 0xFF, 0xFF, 0xFF, 0xFF, 0x7F, 0x00, 0xF0, 0xFF, 0xFF, 0xFF, 0xFF, 0xFF, 0x3F,
        0x00, 0xF8, 0xDF, 0xFF, 0xFF, 0xFF, 0xFF, 0x0F, 0x00, 0xFC, 0x83, 0xFF, 0xFF, 0xFF, 0xFF, 0x0F,
        0x00, 0xFC, 0x00, 0xFF, 0xFF, 0xFF, 0xFF, 0x0F, 0x00, 0x60, 0x00, 0xFF, 0x7F, 0xFE, 0xFF, 0x0F,
        0x00, 0xF0, 0x00, 0xFE, 0x7F, 0xFE, 0xFF, 0x01, 0x00, 0xF0, 0x03, 0xFE, 0xFF, 0xFE, 0xEF, 0x00,
        0x00, 0xF8, 0x06, 0xDE, 0xFF, 0xFF, 0xFF, 0x02, 0x00, 0x78, 0xFE, 0xCD, 0xFF, 0xFF, 0xFF, 0x03,
        0x00, 0xFC, 0xCF, 0x81, 0xFF, 0xEF, 0xFF, 0x01, 0x00, 0xF8, 0x87, 0x81, 0xFF, 0x9F, 0xFF, 0x00,
        0x00, 0xFE, 0x87, 0x01, 0xFF, 0x1F, 0xFF, 0x00, 0x00, 0xFF, 0x07, 0x00, 0xFE, 0x1F, 0xFC, 0x01,
        0x00, 0xFF, 0x07, 0x00, 0xFC, 0x3B, 0xF8, 0x01, 0x80, 0xFF, 0x07, 0x00, 0xF0, 0x03, 0xF8, 0x03,
        0xC0, 0xFF, 0x07, 0x00, 0x80, 0x07, 0xF8, 0x1B, 0xE0, 0xFF, 0x07, 0x00, 0x00, 0x00, 0xF8, 0x0B,
        0xF0, 0xFF, 0x03, 0x00, 0x00, 0x00, 0xF8, 0x0F, 0xF8, 0xFF, 0x03, 0x04, 0x00, 0x08, 0xFC, 0x0D,
        0xFC, 0xFF, 0x00, 0x16, 0x00, 0x80, 0xFC, 0x01, 0xFE, 0x3F, 0x00, 0x0E, 0x00, 0x00, 0xFC, 0x00,
        0xFC, 0x0F, 0x00, 0x0E, 0x00, 0x00, 0x78, 0x00, 0x00, 0x80, 0x00, 0x0F, 0x00, 0x00, 0x78, 0x00,
        0x00, 0x80, 0x03, 0x0F, 0x00, 0x00, 0x38, 0x01, 0x00, 0x80, 0x87, 0x0F, 0x00, 0x00, 0x38, 0x00,
        0x00, 0xC0, 0x87, 0x0F, 0x00, 0x00, 0x1C, 0x80, 0x00, 0xC0, 0x8F, 0x07, 0x00, 0x00, 0x1E, 0xD0,
        0x00, 0xE0, 0x9F, 0x07, 0x00, 0x00, 0x07, 0xC0, 0x00, 0xE0, 0xFF, 0x07, 0x00, 0xC0, 0x0F, 0xE0,
        0x00, 0xE0, 0xFF, 0x33, 0x00, 0xF0, 0x07, 0xF0, 0x00, 0xF0, 0xFF, 0xFF, 0xFF, 0xFF, 0xF7, 0xF0,
        0x00, 0xF0, 0xFF, 0xFF, 0xFF, 0xFF, 0xF7, 0xF8, 0x00, 0xF0, 0xFF, 0xFF, 0xFF, 0xFF, 0xFF, 0xFD,
        0x00, 0xF0, 0xFF, 0xFF, 0xFF, 0xFF, 0xFF, 0xFF, 0x00, 0xF8, 0xFF, 0xFF, 0xFF, 0xFF, 0xFF, 0xFF,
        0x00, 0xF8, 0xFF, 0xFF, 0xFF, 0xFF, 0xFF, 0x7F, 0x00, 0xF8, 0xFF, 0xFF, 0xFF, 0xFF, 0xFF, 0x3F,
        0x00, 0xF8, 0xFF, 0xFF, 0xDF, 0xFF, 0xFF, 0x1F, 0x00, 0xFC, 0xFF, 0xFF, 0x8F, 0xFF, 0xFF, 0x0F
    },
    {
        0x00, 0x00, 0x00, 0x00, 0x00, 0x00, 0x00, 0x00, 0x00, 0x00, 0x00, 0x00, 0x00, 0x00, 0x00, 0x00,
        0x00, 0x00, 0x00, 0x00, 0x00, 0x00, 0x00, 0x00, 0x00, 0x00, 0x00, 0x00, 0x00, 0x00, 0x00, 0x00,
        0x00, 0x00, 0x00, 0x00, 0x00, 0x00, 0x00, 0x00, 0x00, 0x00, 0x00, 0x00, 0x00, 0x00, 0x00, 0x00,
        0x00, 0x00, 0x00, 0x00, 0x00, 0x00, 0x00, 0x00, 0x00, 0x00, 0x00, 0x00, 0x40, 0x00, 0x00, 0x00,
        0x00, 0x00, 0x00, 0x40, 0xC0, 0x03, 0x00, 0x00, 0x00, 0x00, 0x00, 0x7E, 0x00, 0x06, 0xE0, 0x00,
        0x00, 0x00, 0xE0, 0x7F, 0xE0, 0x8C, 0xFB, 0x01, 0x00, 0x00, 0xF8, 0x7F, 0xB0, 0xCC, 0xFF, 0x01,
        0x00, 0x00, 0xFE, 0x7F, 0x20, 0xC6, 0xFF, 0x03, 0x00, 0x80, 0xFF, 0x7F, 0x60, 0xC3, 0x7F, 0x7E,
        0x00, 0xE0, 0xFF, 0xFF, 0x40, 0xC1, 0x3F, 0x7C, 0x00, 0xF0, 0xFF, 0xFF, 0x80, 0xC1, 0x3F, 0x64,
        0x00, 0xF8, 0xFF, 0xFF, 0x80, 0xE0, 0x7F, 0x60, 0x00, 0xF8, 0xFF, 0xFF, 0x00, 0xE0, 0x3F, 0x60,
        0x00, 0xF8, 0xFF, 0xFF, 0xFF, 0xE5, 0x1F, 0x38, 0x00, 0xF0, 0xFF, 0xFF, 0xFF, 0xFF, 0x1F, 0x10,
        0x00, 0xF0, 0xFF, 0xFF, 0xFF, 0x7F, 0xBF, 0x30, 0x00, 0xE0, 0xFF, 0xFF, 0xFF, 0xFF, 0xFF, 0x31,
        0x00, 0xC0, 0xFF, 0xFF, 0xFF, 0xFF, 0xFF, 0x73, 0x00, 0xC0, 0xFF, 0xFF, 0xFF, 0xFF, 0xFF, 0x7F,
        0x00, 0xE0, 0xFF, 0xFF, 0xFF, 0xFF, 0xFF, 0x7F, 0x00, 0xF0, 0xFF, 0xFF, 0xFF, 0xFF, 0xFF, 0x7F,
        0x00, 0xF0, 0xFF, 0xFF, 0xFF, 0xFF, 0xFF, 0x1F, 0x00, 0xF8, 0xFF, 0xFF, 0xFF, 0xFF, 0xFF, 0x0F,
        0x00, 0xF8, 0xFF, 0xFF, 0xFF, 0xFF, 0xFF, 0x0F, 0x00, 0xF0, 0x0F, 0xFC, 0x7F, 0xFE, 0xFF, 0x0F,
        0x00, 0xE0, 0x07, 0xFC, 0xFF, 0xFE, 0xFF, 0x03, 0x00, 0xE0, 0x07, 0xF8, 0xFF, 0xFC, 0xEF, 0x03,
        0x00, 0xF0, 0x0E, 0xF8, 0xFF, 0xFF, 0xFF, 0x00, 0x00, 0xF0, 0x1E, 0x98, 0xFF, 0xFF, 0xFF, 0x00,
        0x00, 0xF8, 0x3E, 0xC0, 0xFF, 0xFF, 0xFF, 0x05, 0x00, 0xF8, 0x7F, 0x0A, 0xFF, 0xBF, 0xFF, 0x01,
        0x00, 0xFC, 0xFF, 0x03, 0xFF, 0x1F, 0xFF, 0x07, 0x00, 0xFE, 0x3F, 0x07, 0xFE, 0x3F, 0xFC, 0x07,
        0x00, 0xFE, 0x1F, 0x06, 0xFC, 0x3F, 0xF8, 0x07, 0x00, 0xFF, 0x1F, 0x04, 0xF0, 0x07, 0xF0, 0x07,
        0x80, 0xFF, 0x1F, 0x00, 0xC0, 0x0F, 0xF8, 0x07, 0xC0, 0xFF, 0x0F, 0x00, 0x00, 0x00, 0xF8, 0x0F,
        0xE0, 0xFF, 0x0F, 0x00, 0x00, 0x00, 0xF8, 0x0F, 0xF0, 0xFF, 0x0F, 0x00, 0x00, 0x00, 0xF8, 0x37,
        0xF8, 0xFF, 0x0F, 0x00, 0x00, 0x00, 0xF8, 0x17, 0xFC, 0xFF, 0x07, 0x00, 0x00, 0x00, 0xF8, 0x18,
        0xFC, 0xBF, 0x07, 0x00, 0x00, 0x00, 0xF8, 0x08, 0xF0, 0x07, 0x07, 0x18, 0x00, 0x00, 0x78, 0x00,
        0x00, 0x00, 0x03, 0x10, 0x00, 0x00, 0x78, 0x00, 0x00, 0x00, 0x03, 0x18, 0x00, 0x00, 0x38, 0x02,
        0x00, 0x80, 0x07, 0x18, 0x00, 0x00, 0x38, 0x03, 0x00, 0x80, 0x0F, 0x18, 0x00, 0x00, 0x1C, 0x01,
        0x00, 0x80, 0x0F, 0x1F, 0x00, 0x00, 0x0E, 0x00, 0x00, 0xC0, 0x0F, 0x1F, 0x00, 0x80, 0x0F, 0x80,
        0x00, 0x80, 0x1F, 0x1F, 0x00, 0xE0, 0x0F, 0xC0, 0x00, 0xC0, 0xBF, 0xFF, 0x03, 0xFE, 0x0F, 0xE0,
        0x00, 0xC0, 0xFF, 0xFF, 0xFF, 0xFF, 0x2F, 0xF0, 0x00, 0xC0, 0xFF, 0xFF, 0xFF, 0xFF, 0xEF, 0xF0,
        0x00, 0xE0, 0xFF, 0xFF, 0xFF, 0xFF, 0xFF, 0xF9, 0x00, 0xE0, 0xFF, 0xFF, 0xFF, 0xFF, 0xFF, 0xFD,
        0x00, 0xE0, 0xFF, 0xFF, 0xFF, 0xFF, 0xFF, 0xFF, 0x00, 0xE0, 0xFF, 0xFF, 0xFF, 0xFF, 0xFF, 0xFF,
        0x00, 0xF0, 0xFF, 0xFF, 0xDF, 0xFF, 0xFF, 0x7F, 0x00, 0xF0, 0xFF, 0xFF, 0x9F, 0xFF, 0xFF, 0x7F
    },
    {
        0x00, 0x00, 0x00, 0x00, 0x00, 0x00, 0x00, 0x00, 0x00, 0x00, 0x00, 0x00, 0x00, 0x00, 0x00, 0x00,
        0x00, 0x00, 0x00, 0x00, 0x00, 0x00, 0x00, 0x00, 0x00, 0x00, 0x00, 0x00, 0x00, 0x00, 0x00, 0x00,
        0x00, 0x00, 0x00, 0x00, 0x00, 0x00, 0x00, 0x00, 0x00, 0x00, 0x00, 0x00, 0x80, 0x00, 0x00, 0x00,
        0x00, 0x00, 0x00, 0x00, 0x00, 0x00, 0x00, 0x00, 0x00, 0x00, 0x00, 0x00, 0x00, 0x00, 0x00, 0x00,
        0x00, 0x00, 0x00, 0x00, 0x40, 0x00, 0x00, 0x00, 0x00, 0x00, 0x00, 0x70, 0x00, 0x03, 0x00, 0x00,
        0x00, 0x00, 0x80, 0x7F, 0x00, 0xC4, 0xF0, 0x00, 0x00, 0x00, 0xF0, 0x7F, 0xE0, 0xCC, 0xFF, 0x01,
        0x00, 0x00, 0xFC, 0x7F, 0x30, 0xCC, 0xFF, 0x03, 0x00, 0x00, 0xFF, 0xFF, 0x20, 0xC6, 0xFF, 0x03,
        0x00, 0xC0, 0xFF, 0xFF, 0x00, 0xC3, 0x7F, 0x7E, 0x00, 0xE0, 0xFF, 0xFF, 0xC0, 0xC1, 0x3F, 0x7C,
        0x00, 0xF0, 0xFF, 0xFF, 0x80, 0xE0, 0x3F, 0x60, 0x00, 0xF8, 0xFF, 0xFF, 0x80, 0xE0, 0x7F, 0x60,
        0x00, 0xF8, 0xFF, 0xFF, 0x80, 0xE0, 0x1F, 0x70, 0x00, 0xF8, 0xFF, 0xFF, 0xFF, 0xFF, 0x1F, 0x18,
        0x00, 0xF0, 0xFF, 0xFF, 0xFF, 0xFF, 0x1F, 0x10, 0x00, 0xF0, 0xFF, 0xFF, 0xFF, 0xFF, 0xFF, 0x30,
        0x00, 0xE0, 0xFF, 0xFF, 0xFF, 0xFF, 0xFF, 0x71, 0x00, 0xC0, 0xFF, 0xFF, 0xFF, 0xFF, 0xFF, 0x7F,
        0x00, 0xE0, 0xFF, 0xFF, 0xFF, 0xFF, 0xFF, 0x7F, 0x00, 0xE0, 0xFF, 0xFF, 0xFF, 0xFF, 0xFF, 0x7F,
        0x00, 0xF0, 0xFF, 0xFF, 0xFF, 0xFF, 0xFF, 0x3F, 0x00, 0xF8, 0xFF, 0xFF, 0xFF, 0xFF, 0xFF, 0x0F,
        0x00, 0xF8, 0xFF, 0xFF, 0xFF, 0xFF, 0xFF, 0x0F, 0x00, 0xFC, 0xFF, 0xFF, 0xFF, 0xFF, 0xFF, 0x0F,
        0x00, 0xE0, 0xFF, 0xFF, 0x7F, 0xFE, 0xFF, 0x0F, 0x00, 0xE0, 0xFF, 0xFF, 0xFF, 0xFC, 0xFF, 0x03,
        0x00, 0xF0, 0x0F, 0xFC, 0xDF, 0xFC, 0xEF, 0x00, 0x00, 0xF0, 0x06, 0x9C, 0xFF, 0xFF, 0xFF, 0x00,
        0x00, 0xF8, 0x06, 0x9C, 0xFF, 0xFF, 0xFF, 0x04, 0x00, 0xF0, 0x0E, 0x04, 0xFF, 0xFF, 0xFF, 0x01,
        0x00, 0xF8, 0x0F, 0x04, 0xFF, 0x3F, 0xFF, 0x03, 0x00, 0xFC, 0x1F, 0x00, 0xFE, 0x3F, 0xFE, 0x0F,
        0x00, 0xFE, 0x3F, 0x04, 0xFE, 0x3F, 0xF8, 0x0F, 0x00, 0xFE, 0xBF, 0x01, 0xF8, 0x27, 0xF8, 0x1F,
        0x00, 0xFF, 0x9F, 0x03, 0xC0, 0x0F, 0xF8, 0x1F, 0x80, 0xFF, 0x1F, 0x03, 0x00, 0x0E, 0xF8, 0x0F,
        0xC0, 0xFF, 0x0F, 0x03, 0x00, 0x00, 0xF8, 0x0F, 0xE0, 0xFF, 0x0F, 0x00, 0x00, 0x00, 0xF8, 0x0F,
        0xE0, 0xFF, 0x0F, 0x00, 0x00, 0x00, 0xF8, 0x0F, 0xF0, 0xFF, 0x0F, 0x00, 0x00, 0x00, 0xF8, 0x3D,
        0xF8, 0xFF, 0x0F, 0x00, 0x00, 0x00, 0xF8, 0x18, 0xFC, 0x1F, 0x0F, 0x00, 0x00, 0x00, 0xF8, 0x18,
        0x00, 0x00, 0x0F, 0x00, 0x00, 0x00, 0x78, 0x08, 0x00, 0x00, 0x07, 0x00, 0x00, 0x00, 0x70, 0x00,
        0x00, 0x00, 0x07, 0x00, 0x00, 0x00, 0x38, 0x00, 0x00, 0x00, 0x07, 0x00, 0x00, 0x00, 0x38, 0x00,
        0x00, 0x00, 0x07, 0x00, 0x00, 0x00, 0x1C, 0x03, 0x00, 0x80, 0x0F, 0x00, 0x00, 0x00, 0x0F, 0x01,
        0x00, 0x80, 0x0F, 0x00, 0x00, 0x80, 0x8F, 0x00, 0x00, 0x80, 0x1F, 0x70, 0x00, 0xE0, 0x4F, 0x80,
        0x00, 0x80, 0x1F, 0xFE, 0xFF, 0xFF, 0x4F, 0xE0, 0x00, 0xC0, 0x1F, 0xFE, 0xFF, 0xFF, 0x2F, 0xE0,
        0x00, 0xC0, 0x3F, 0xFE, 0xFF, 0xFF, 0x2F, 0xE0, 0x00, 0xC0, 0xFF, 0xFF, 0xFF, 0xFF, 0x3F, 0xE0,
        0x00, 0xC0, 0xFF, 0xFF, 0xFF, 0xFF, 0xFF, 0xE0, 0x00, 0xC0, 0xFF, 0xFF, 0xFF, 0xFF, 0xFF, 0xFC,
        0x00, 0xC0, 0xFF, 0xFF, 0xFF, 0xFF, 0xFF, 0xFF, 0x00, 0xE0, 0xFF, 0xFF, 0x9F, 0xFF, 0xFF, 0x7F
    },
    {
        0x00, 0x00, 0x00, 0x00, 0x00, 0x00, 0x00, 0x00, 0x00, 0x00, 0x00, 0x00, 0x00, 0x00, 0x00, 0x00,
        0x00, 0x00, 0x00, 0x00, 0x00, 0x00, 0x00, 0x00, 0x00, 0x00, 0x00, 0x00, 0x00, 0x00, 0x00, 0x00,
        0x00, 0x00, 0x00, 0x00, 0x00, 0x00, 0x00, 0x00, 0x00, 0x00, 0x00, 0x00, 0x00, 0x00, 0x00, 0x00,
        0x00, 0x00, 0x00, 0x00, 0x80, 0x00, 0x00, 0x00, 0x00, 0x00, 0x00, 0x00, 0x00, 0x00, 0x00, 0x00,
        0x00, 0x00, 0x00, 0x00, 0x40, 0x00, 0x00, 0x00, 0x00, 0x00, 0x00, 0x00, 0xC0, 0x01, 0x00, 0x00,
        0x00, 0x00, 0x00, 0x7E, 0x00, 0x06, 0x60, 0x00, 0x00, 0x00, 0xE0, 0x7F, 0xA0, 0xC4, 0xF9, 0x01,
        0x00, 0x00, 0xF8, 0x7F, 0x90, 0xC4, 0xFF, 0x01, 0x00, 0x00, 0xFF, 0x7F, 0x10, 0xC6, 0xFF, 0x03,
        0x00, 0x80, 0xFF, 0x7F, 0x20, 0xC3, 0xFF, 0x3B, 0x00, 0xE0, 0xFF, 0xFF, 0x40, 0xC1, 0x3F, 0x7E,
        0x00, 0xF0, 0xFF, 0xFF, 0xC0, 0xE0, 0x3F, 0x64, 0x00, 0xF8, 0xFF, 0xFF, 0x80, 0xE0, 0x3F, 0x60,
        0x00, 0xF8, 0xFF, 0xFF, 0x80, 0xE0, 0x3F, 0x70, 0x00, 0xF8, 0xFF, 0xFF, 0xCF, 0xE1, 0x1F, 0x38,
        0x00, 0xF8, 0xFF, 0xFF, 0xFF, 0xFF, 0x0F, 0x18, 0x00, 0xF0, 0xFF, 0xFF, 0xFF, 0xFF, 0x9F, 0x10,
        0x00, 0xF0, 0xFF, 0xFF, 0xFF, 0xFF, 0xFF, 0x30, 0x00, 0xE0, 0xFF, 0xFF, 0xFF, 0xFF, 0xFF, 0x71,
        0x00, 0xC0, 0xFF, 0xFF, 0xFF, 0xFF, 0xFF, 0x7F, 0x00, 0xE0, 0xFF, 0xFF, 0xFF, 0xFF, 0xFF, 0x7F,
        0x00, 0xF0, 0xFF, 0xFF, 0xFF, 0xFF, 0xFF, 0x3F, 0x00, 0xF8, 0xFF, 0xFF, 0xFF, 0xFF, 0xFF, 0x1F,
        0x00, 0xF8, 0xFF, 0xFF, 0xFF, 0xFF, 0xFF, 0x0F, 0x00, 0xFC, 0xFF, 0xFF, 0xFF, 0xFF, 0xFF, 0x0F,
        0x00, 0xF0, 0xFF, 0xFF, 0x7F, 0xFE, 0xFF, 0x0F, 0x00, 0xE0, 0xFF, 0xFF, 0x7F, 0xFE, 0xFF, 0x03,
        0x00, 0xE0, 0xFF, 0xFF, 0xFF, 0xFC, 0xEF, 0x00, 0x00, 0xF0, 0x8E, 0xDF, 0xFF, 0xFF, 0xEF, 0x00,
        0x00, 0xF0, 0x01, 0x9E, 0xFF, 0xFF, 0xFF, 0x00, 0x00, 0xF8, 0x01, 0xCF, 0xFF, 0xFF, 0xFF, 0x05,
        0x00, 0xF0, 0x01, 0x07, 0xFF, 0xBF, 0xFF, 0x01, 0x00, 0xFC, 0x03, 0x03, 0xFE, 0x1F, 0xFF, 0x07,
        0x00, 0xFC, 0x03, 0x01, 0xFC, 0x3F, 0xFC, 0x0F, 0x00, 0xFE, 0x03, 0x00, 0xFC, 0x7F, 0xF8, 0x0F,
        0x00, 0xFF, 0x07, 0x00, 0xE0, 0x0F, 0xF8, 0x07, 0x00, 0xFF, 0x3F, 0x00, 0x80, 0x0F, 0xF8, 0x03,
        0x80, 0xFF, 0x77, 0x00, 0x00, 0x00, 0xF8, 0x03, 0xC0, 0xFF, 0xE3, 0x00, 0x00, 0x00, 0xF8, 0x01,
        0xE0, 0xFF, 0x43, 0x00, 0x00, 0x00, 0xF8, 0x01, 0xE0, 0xFF, 0x01, 0x30, 0x03, 0x90, 0xF8, 0x81,
        0xF0, 0xFF, 0x03, 0x00, 0x00, 0x00, 0xFC, 0xC3, 0xF8, 0x7F, 0x03, 0x00, 0x00, 0x00, 0xFC, 0x03,
        0xFC, 0x0F, 0x03, 0x00, 0x00, 0x00, 0x78, 0x03, 0x00, 0x00, 0x03, 0x00, 0x00, 0x00, 0x38, 0x01,
        0x00, 0x00, 0x07, 0x00, 0x00, 0x00, 0x38, 0x01, 0x00, 0x00, 0x03, 0x00, 0x00, 0x00, 0x38, 0x00,
        0x00, 0x00, 0x03, 0x00, 0x00, 0x00, 0x1C, 0x00, 0x00, 0x00, 0x03, 0x00, 0x00, 0x00, 0x5E, 0x00,
        0x00, 0x00, 0x03, 0x00, 0x00, 0x00, 0x6F, 0x00, 0x00, 0x00, 0x07, 0x00, 0x00, 0xC0, 0x6F, 0x00,
        0x00, 0x80, 0x07, 0xE0, 0x01, 0xFC, 0x3F, 0x20, 0x00, 0x80, 0x0F, 0xF8, 0xFF, 0xFF, 0x3F, 0x30,
        0x00, 0x80, 0x1F, 0xFE, 0xFF, 0xFF, 0x3F, 0x70, 0x00, 0x80, 0x3F, 0xFE, 0xFF, 0xFF, 0x3F, 0x70,
        0x00, 0x80, 0x7F, 0xFE, 0xFF, 0xFF, 0x1F, 0x70, 0x00, 0x80, 0xFF, 0xFF, 0xFF, 0xFF, 0x7F, 0x60,
        0x00, 0xC0, 0xFF, 0xFF, 0xFF, 0xFF, 0x7F, 0x74, 0x00, 0xC0, 0xFF, 0xFF, 0xDF, 0xFF, 0xFF, 0x7F
    },
    {
        0x00, 0x00, 0x00, 0x00, 0x00, 0x00, 0x00, 0x00, 0x00, 0x00, 0x00, 0x00, 0x00, 0x00, 0x00, 0x00,
        0x00, 0x00, 0x00, 0x00, 0x00, 0x00, 0x00, 0x00, 0x00, 0x00, 0x00, 0x00, 0x00, 0x00, 0x00, 0x00,
        0x00, 0x00, 0x00, 0x00, 0x00, 0x00, 0x00, 0x00, 0x00, 0x00, 0x00, 0x00, 0x00, 0x00, 0x00, 0x00,
        0x00, 0x00, 0x00, 0x00, 0x80, 0x00, 0x00, 0x00, 0x00, 0x00, 0x00, 0x00, 0x00, 0x00, 0x00, 0x00,
        0x00, 0x00, 0x00, 0x00, 0x20, 0x00, 0x00, 0x00, 0x00, 0x00, 0x00, 0x00, 0xE0, 0x00, 0x00, 0x00,
        0x00, 0x00, 0x00, 0x3C, 0x00, 0x03, 0x00, 0x00, 0x00, 0x00, 0xC0, 0x3F, 0x00, 0xC6, 0xF8, 0x00,
        0x00, 0x00, 0xF8, 0x7F, 0xD8, 0xC4, 0xFF, 0x01, 0x00, 0x00, 0xFE, 0x7F, 0x10, 0xE6, 0xFF, 0x01,
        0x00, 0x80, 0xFF, 0x7F, 0x20, 0xE3, 0xFF, 0x01, 0x00, 0xE0, 0xFF, 0x7F, 0x00, 0xE1, 0x3F, 0x3E,
        0x00, 0xF0, 0xFF, 0x7F, 0xC0, 0xE0, 0x3F, 0x76, 0x00, 0xF8, 0xFF, 0x7F, 0xC0, 0xE0, 0x3F, 0x60,
        0x00, 0xFC, 0xFF, 0xFF, 0x40, 0xE0, 0x3F, 0x70, 0x00, 0xFC, 0xFF, 0xFF, 0xC4, 0xE0, 0x1F, 0x38,
        0x00, 0xF8, 0xFF, 0xFF, 0xFF, 0xFF, 0x0F, 0x18, 0x00, 0xF8, 0xFF, 0xFF, 0xFF, 0xFF, 0x9F, 0x18,
        0x00, 0xF0, 0xFF, 0xFF, 0xFF, 0xFF, 0xFF, 0x30, 0x00, 0xE0, 0xFF, 0xFF, 0xFF, 0xFF, 0xFF, 0x38,
        0x00, 0xE0, 0xFF, 0xFF, 0xFF, 0xFF, 0xFF, 0x7F, 0x00, 0xE0, 0xFF, 0xFF, 0xFF, 0xFF, 0xFF, 0x7F,
        0x00, 0xF0, 0xFF, 0xFF, 0xFF, 0xFF, 0xFF, 0x3F, 0x00, 0xF8, 0xFF, 0xFF, 0xFF, 0xFF, 0xFF, 0x1F,
        0x00, 0xF8, 0xFF, 0xFF, 0xFF, 0xFF, 0xFF, 0x07, 0x00, 0xFC, 0xFF, 0xFF, 0xFF, 0xFF, 0xFF, 0x0F,
        0x00, 0xFC, 0xFF, 0xFF, 0x7F, 0xFF, 0xFF, 0x0F, 0x00, 0xE0, 0xFF, 0xFF, 0x7F, 0xFE, 0xFF, 0x07,
        0x00, 0xF0, 0xFF, 0xFF, 0x7F, 0xFE, 0xFF, 0x01, 0x00, 0xF0, 0xFE, 0xFF, 0xFF, 0xFE, 0xEF, 0x02,
        0x00, 0xF0, 0x80, 0xDF, 0xFF, 0xFF, 0xFF, 0x00, 0x00, 0xF8, 0x00, 0xCF, 0xFF, 0xFF, 0xFF, 0x00,
        0x00, 0xF8, 0x80, 0x87, 0xFF, 0xFF, 0xFF, 0x05, 0x00, 0xF8, 0x80, 0x03, 0xFF, 0x1F, 0xFF, 0x03,
        0x00, 0xFC, 0xC0, 0x01, 0xFE, 0x3F, 0xFE, 0x0F, 0x00, 0xFE, 0xC0, 0x00, 0xFC, 0x3F, 0xF8, 0x0F,
        0x00, 0xFF, 0x41, 0x00, 0xF8, 0x47, 0xF8, 0x1F, 0x00, 0xFF, 0x49, 0x00, 0xC0, 0x0F, 0xF8, 0x00,
        0x80, 0xFF, 0x0F, 0x30, 0x00, 0x00, 0x78, 0x00, 0x80, 0xFF, 0x1C, 0x18, 0x03, 0x88, 0x78, 0x40,
        0xC0, 0xFF, 0x38, 0x18, 0x00, 0x88, 0x3C, 0xE0, 0xE0, 0xFF, 0x10, 0x10, 0x01, 0x88, 0x38, 0xF0,
        0xF0, 0xFF, 0x00, 0x10, 0x00, 0x00, 0xFC, 0xF0, 0xF8, 0x7F, 0x00, 0x01, 0x00, 0x00, 0x7C, 0x00,
        0xF8, 0x3F, 0x00, 0x01, 0x00, 0x00, 0x58, 0x00, 0xF8, 0x03, 0x00, 0x02, 0x00, 0x00, 0x68, 0x00,
        0x00, 0x00, 0x00, 0x04, 0x00, 0x00, 0x08, 0x00, 0x00, 0x00, 0x01, 0x08, 0x00, 0x00, 0x08, 0x00,
        0x00, 0x00, 0x01, 0x00, 0x00, 0x00, 0x0C, 0x00, 0x00, 0x00, 0x01, 0x00, 0x00, 0x00, 0x1E, 0x00,
        0x00, 0x00, 0x01, 0x00, 0x00, 0x00, 0x1F, 0x00, 0x00, 0x00, 0x01, 0x00, 0x00, 0xC0, 0x3F, 0x08,
        0x00, 0x00, 0x03, 0x60, 0x00, 0xF8, 0x1F, 0x1C, 0x00, 0x00, 0x03, 0xF8, 0xFF, 0xFF, 0x1F, 0x18,
        0x00, 0x80, 0x07, 0xFF, 0xFF, 0xFF, 0x0F, 0x38, 0x00, 0x80, 0x0F, 0xFF, 0xFF, 0xFF, 0x0F, 0x30,
        0x00, 0x80, 0x1F, 0xFF, 0xFF, 0xFF, 0x0F, 0x20, 0x00, 0x80, 0xFF, 0xFF, 0xFF, 0xFF, 0x1F, 0x20,
        0x00, 0x80, 0xFF, 0xFF, 0xFF, 0xFF, 0x3F, 0x3F, 0x00, 0x80, 0xFF, 0xFF, 0xFF, 0xFF, 0x7F, 0x3F
    },
    {
        0x00, 0x00, 0x00, 0x00, 0x00, 0x00, 0x00, 0x00, 0x00, 0x00, 0x00, 0x00, 0x00, 0x00, 0x00, 0x00,
        0x00, 0x00, 0x00, 0x00, 0x00, 0x00, 0x00, 0x00, 0x00, 0x00, 0x00, 0x00, 0x00, 0x00, 0x00, 0x00,
        0x00, 0x00, 0x00, 0x00, 0x00, 0x00, 0x00, 0x00, 0x00, 0x00, 0x00, 0x00, 0x00, 0x00, 0x00, 0x00,
        0x00, 0x00, 0x00, 0x00, 0x40, 0x00, 0x00, 0x00, 0x00, 0x00, 0x00, 0x00, 0x00, 0x00, 0x00, 0x00,
        0x00, 0x00, 0x00, 0x00, 0x00, 0x00, 0x00, 0x00, 0x00, 0x00, 0x00, 0x00, 0xE0, 0x00, 0x00, 0x00,
        0x00, 0x00, 0x00, 0x3E, 0x00, 0x03, 0x00, 0x00, 0x00, 0x00, 0xE0, 0x3F, 0x40, 0xE2, 0xF8, 0x00,
        0x00, 0x00, 0xFC, 0x3F, 0x58, 0xE6, 0xFF, 0x00, 0x00, 0x00, 0xFF, 0x3F, 0x18, 0xE2, 0xFF, 0x01,
        0x00, 0xC0, 0xFF, 0x3F, 0x10, 0xE3, 0xFF, 0x11, 0x00, 0xE0, 0xFF, 0x7F, 0xA0, 0xE0, 0x3F, 0x3F,
        0x00, 0xF8, 0xFF, 0x7F, 0xC0, 0xE0, 0x1F, 0x3E, 0x00, 0xFC, 0xFF, 0x7F, 0x40, 0xF0, 0x1F, 0x70,
        0x00, 0xFC, 0xFF, 0x7F, 0x00, 0xF0, 0x3F, 0x30, 0x00, 0xFC, 0xFF, 0xFF, 0x5E, 0xF0, 0x0F, 0x38,
        0x00, 0xFC, 0xFF, 0xFF, 0xFF, 0xFF, 0x0F, 0x0C, 0x00, 0xF8, 0xFF, 0xFF, 0xFF, 0xFF, 0x0F, 0x08,
        0x00, 0xF0, 0xFF, 0xFF, 0xFF, 0xFF, 0xFF, 0x18, 0x00, 0xF0, 0xFF, 0xFF, 0xFF, 0xFF, 0xFF, 0x38,
        0x00, 0xE0, 0xFF, 0xFF, 0xFF, 0xFF, 0xFF, 0x3F, 0x00, 0xF0, 0xFF, 0xFF, 0xFF, 0xFF, 0xFF, 0x3F,
        0x00, 0xF0, 0xFF, 0xFF, 0xFF, 0xFF, 0xFF, 0x3F, 0x00, 0xF8, 0xFF, 0xFF, 0xFF, 0xFF, 0xFF, 0x1F,
        0x00, 0xFC, 0xFF, 0xFF, 0xFF, 0xFF, 0xFF, 0x07, 0x00, 0xFC, 0xFF, 0xFF, 0xFF, 0xFF, 0xFF, 0x07,
        0x00, 0xFC, 0xFF, 0xFF, 0x7F, 0xFF, 0xFF, 0x07, 0x00, 0xF0, 0xFF, 0xFF, 0x7F, 0xFE, 0xFF, 0x07,
        0x00, 0xF0, 0xFF, 0xFF, 0x7F, 0xFE, 0xF7, 0x01, 0x00, 0xF0, 0xF0, 0xFF, 0xFF, 0xFE, 0x77, 0x00,
        0x00, 0xF8, 0x80, 0xFF, 0xFF, 0xFF, 0x7F, 0x00, 0x00, 0x78, 0x00, 0xC7, 0xFF, 0xFF, 0xFF, 0x00,
        0x00, 0x78, 0x80, 0x87, 0xFF, 0xDF, 0xFF, 0x00, 0x00, 0x78, 0xC0, 0x03, 0xFF, 0x9F, 0xFF, 0x07,
        0x00, 0x7E, 0xE0, 0x01, 0xFE, 0x1F, 0xFE, 0x07, 0x00, 0x7E, 0xF0, 0x00, 0xFC, 0x3F, 0x1C, 0x08,
        0x00, 0x7F, 0x72, 0xE0, 0xF8, 0x3F, 0x18, 0x00, 0x00, 0xFF, 0x23, 0xF0, 0x81, 0x3F, 0x0C, 0x10,
        0x80, 0x7F, 0x67, 0xB8, 0x01, 0x7C, 0x0C, 0x38, 0xC0, 0x3F, 0x46, 0x08, 0x01, 0x4C, 0x0C, 0x7C,
        0xC0, 0x3F, 0xC0, 0x08, 0x01, 0x00, 0x0C, 0xFE, 0xE0, 0x1F, 0xC0, 0x18, 0x01, 0x48, 0x1C, 0xFE,
        0xF0, 0x1F, 0xE0, 0x00, 0x00, 0x00, 0x14, 0x00, 0xF8, 0x1F, 0xE0, 0x01, 0x00, 0x00, 0x14, 0x00,
        0xFC, 0x1F, 0xC0, 0x01, 0x00, 0x00, 0x18, 0x00, 0xF8, 0x07, 0x80, 0x03, 0x00, 0x00, 0x00, 0x00,
        0x00, 0x00, 0x00, 0x06, 0x00, 0x00, 0x00, 0x00, 0x00, 0x00, 0x00, 0x04, 0x00, 0x00, 0x04, 0x00,
        0x00, 0x00, 0x00, 0x00, 0x00, 0x00, 0x0C, 0x00, 0x00, 0x40, 0x00, 0x00, 0x00, 0x00, 0x1E, 0x0C,
        0x00, 0x40, 0x00, 0x00, 0x00, 0x80, 0x1F, 0x0C, 0x00, 0x40, 0x00, 0x00, 0x00, 0xC0, 0x1F, 0x18,
        0x00, 0xC0, 0x00, 0x3E, 0x00, 0xFC, 0x0F, 0x10, 0x00, 0xC0, 0xC1, 0xFF, 0xFF, 0xFF, 0x07, 0x00,
        0x00, 0xC0, 0xC3, 0xFF, 0xFF, 0xFF, 0x0F, 0x00, 0x00, 0xC0, 0xC7, 0xFF, 0xFF, 0xFF, 0x1F, 0x20,
        0x00, 0x80, 0xFF, 0xFF, 0xFF, 0xFF, 0x1F, 0x3F, 0x00, 0x80, 0xFF, 0xFF, 0xFF, 0xFF, 0x7F, 0x7F,
        0x00, 0x80, 0xFF, 0xFF, 0xFF, 0xFF, 0xFF, 0x7F, 0x00, 0x80, 0xFF, 0xFF, 0xEF, 0xFF, 0xFF, 0x7F
    },
    {
        0x00, 0x00, 0x00, 0x00, 0x00, 0x00, 0x00, 0x00, 0x00, 0x00, 0x00, 0x00, 0x00, 0x00, 0x00, 0x00,
        0x00, 0x00, 0x00, 0x00, 0x00, 0x00, 0x00, 0x00, 0x00, 0x00, 0x00, 0x00, 0x00, 0x00, 0x00, 0x00,
        0x00, 0x00, 0x00, 0x00, 0x00, 0x00, 0x00, 0x00, 0x00, 0x00, 0x00, 0x00, 0x40, 0x00, 0x00, 0x00,
        0x00, 0x00, 0x00, 0x00, 0x00, 0x00, 0x00, 0x00, 0x00, 0x00, 0x00, 0x00, 0x00, 0x00, 0x00, 0x00,
        0x00, 0x00, 0x00, 0x00, 0x20, 0x00, 0x00, 0x00, 0x00, 0x00, 0x00, 0x00, 0xE0, 0x00, 0x00, 0x00,
        0x00, 0x00, 0x00, 0x1F, 0x00, 0x03, 0x30, 0x00, 0x00, 0x00, 0xF0, 0x3F, 0x30, 0xE2, 0xFC, 0x00,
        0x00, 0x00, 0xFC, 0x3F, 0x0C, 0xE2, 0xFF, 0x00, 0x00, 0x00, 0xFF, 0x3F, 0x18, 0xE7, 0xFF, 0x01,
        0x00, 0xC0, 0xFF, 0x3F, 0x90, 0xE1, 0xFF, 0x1F, 0x00, 0xF0, 0xFF, 0x3F, 0xE0, 0xF0, 0x1F, 0x3F,
        0x00, 0xF8, 0xFF, 0x3F, 0x60, 0xF0, 0x1F, 0x33, 0x00, 0xFC, 0xFF, 0x7F, 0x60, 0xF0, 0x1F, 0x30,
        0x00, 0xFC, 0xFF, 0x7F, 0x00, 0xF0, 0x1F, 0x30, 0x00, 0xFC, 0xFF, 0xFF, 0xE1, 0xF0, 0x07, 0x1C,
        0x00, 0xFC, 0xFF, 0xFF, 0xFF, 0xFF, 0x07, 0x0C, 0x00, 0xF8, 0xFF, 0xFF, 0xFF, 0xFF, 0x4F, 0x08,
        0x00, 0xF8, 0xFF, 0xFF, 0xFF, 0xFF, 0x7F, 0x18, 0x00, 0xF0, 0xFF, 0xFF, 0xFF, 0xFF, 0xFF, 0x3C,
        0x00, 0xF0, 0xFF, 0xFF, 0xFF, 0xFF, 0xFF, 0x3F, 0x00, 0xF0, 0xFF, 0xFF, 0xFF, 0xFF, 0xFF, 0x3F,
        0x00, 0xF8, 0xFF, 0xFF, 0xFF, 0xFF, 0xFF, 0x1F, 0x00, 0xFC, 0xFF, 0xFF, 0xFF, 0xFF, 0xFF, 0x0F,
        0x00, 0xFC, 0xFF, 0xFF, 0xFF, 0xFF, 0xFF, 0x07, 0x00, 0xFE, 0xFF, 0xFF, 0xFF, 0xFF, 0xFF, 0x07,
        0x00, 0xFC, 0xFF, 0xFF, 0x3F, 0xFF, 0xFF, 0x07, 0x00, 0xF0, 0xFF, 0xFF, 0x3F, 0xFF, 0xFF, 0x01,
        0x00, 0x30, 0xC0, 0xFF, 0x7F, 0xFE, 0xF7, 0x00, 0x00, 0x38, 0xC0, 0xFF, 0xFF, 0xFF, 0x77, 0x00,
        0x00, 0x38, 0xE0, 0xFF, 0xFF, 0xFF, 0x7F, 0x00, 0x00, 0x3C, 0xE0, 0xC7, 0xFF, 0xFF, 0xFF, 0x00,
        0x00, 0x38, 0xF0, 0x83, 0xFF, 0xFF, 0xFF, 0x03, 0x00, 0x3E, 0xF0, 0x01, 0xFF, 0x9F, 0x0F, 0x00,
        0x00, 0x3E, 0xF8, 0x00, 0xFF, 0x1F, 0x06, 0x00, 0x00, 0xFF, 0x79, 0x00, 0xFC, 0x3F, 0x04, 0x04,
        0x00, 0x9F, 0x39, 0xF0, 0xF8, 0x17, 0x04, 0x0E, 0x80, 0x9F, 0x23, 0xF8, 0x80, 0x3F, 0x04, 0x1E,
        0xC0, 0x0F, 0x33, 0x98, 0x01, 0x6C, 0x04, 0x1F, 0xC0, 0x0F, 0x30, 0x08, 0x01, 0x44, 0x1C, 0x3F,
        0xE0, 0x0F, 0x70, 0x08, 0x01, 0x44, 0x1A, 0x7E, 0xF0, 0x0F, 0x70, 0x08, 0x01, 0x44, 0x1A, 0xFE,
        0xF8, 0x0F, 0xF0, 0x08, 0x00, 0x00, 0x18, 0x00, 0xFC, 0x0F, 0xE0, 0x00, 0x00, 0x00, 0x00, 0x00,
        0xFC, 0x0F, 0xC0, 0x01, 0x00, 0x00, 0x04, 0x00, 0xF0, 0x00, 0x80, 0x01, 0x00, 0x00, 0x04, 0x00,
        0x00, 0x00, 0x80, 0x07, 0x00, 0x00, 0x04, 0x04, 0x00, 0x10, 0x00, 0x06, 0x00, 0x00, 0x0C, 0x0C,
        0x00, 0x10, 0x00, 0x00, 0x00, 0x00, 0x0E, 0x1E, 0x00, 0x10, 0x00, 0x00, 0x00, 0x00, 0x0F, 0x18,
        0x00, 0x30, 0x00, 0x00, 0x00, 0xC0, 0x0F, 0x30, 0x00, 0x70, 0x80, 0x03, 0x00, 0xE0, 0x0F, 0x20,
        0x00, 0xF0, 0xF0, 0xFF, 0x00, 0xFE, 0x0F, 0x20, 0x00, 0xF0, 0xF1, 0xFF, 0xFF, 0xFF, 0x3F, 0x70,
        0x00, 0xE0, 0xE7, 0xFF, 0xFF, 0xFF, 0x3F, 0x7E, 0x00, 0xE0, 0xFF, 0xFF, 0xFF, 0xFF, 0xFF, 0x7F,
        0x00, 0xE0, 0xFF, 0xFF, 0xFF, 0xFF, 0xFF, 0x7F, 0x00, 0xE0, 0xFF, 0xFF, 0xFF, 0xFF, 0xFF, 0xFF,
        0x00, 0xC0, 0xFF, 0xFF, 0xFF, 0xFF, 0xFF, 0xFF, 0x00, 0xC0, 0xFF, 0xFF, 0xEF, 0xFF, 0xFF, 0xFF
    },
    {
        0x00, 0x00, 0x00, 0x00, 0x00, 0x00, 0x00, 0x00, 0x00, 0x00, 0x00, 0x00, 0x00, 0x00, 0x00, 0x00,
        0x00, 0x00, 0x00, 0x00, 0x00, 0x00, 0x00, 0x00, 0x00, 0x00, 0x00, 0x00, 0x00, 0x00, 0x00, 0x00,
        0x00, 0x00, 0x00, 0x00, 0x00, 0x00, 0x00, 0x00, 0x00, 0x00, 0x00, 0x00, 0x00, 0x00, 0x00, 0x00,
        0x00, 0x00, 0x00, 0x00, 0x00, 0x00, 0x00, 0x00, 0x00, 0x00, 0x00, 0x00, 0x00, 0x00, 0x00, 0x00,
        0x00, 0x00, 0x00, 0x00, 0x10, 0x00, 0x00, 0x00, 0x00, 0x00, 0x00, 0x00, 0xD0, 0x00, 0x00, 0x00,
        0x00, 0x00, 0x80, 0x3F, 0x00, 0x23, 0x38, 0x00, 0x00, 0x00, 0xF8, 0x1F, 0x38, 0xE2, 0x7D, 0x00,
        0x00, 0x00, 0xFE, 0x3F, 0x0C, 0xE2, 0xFF, 0x00, 0x00, 0x80, 0xFF, 0x3F, 0x18, 0xF3, 0xFF, 0x00,
        0x00, 0xE0, 0xFF, 0x3F, 0x90, 0xF1, 0xBE, 0x1F, 0x00, 0xF0, 0xFF, 0x3F, 0xE0, 0xF0, 0x1F, 0x3F,
        0x00, 0xFC, 0xFF, 0x3F, 0x60, 0xF0, 0x1F, 0x31, 0x00, 0xFC, 0xFF, 0x7F, 0x20, 0xF0, 0x1F, 0x30,
        0x00, 0xFE, 0xFF, 0x7F, 0x20, 0xF0, 0x0F, 0x38, 0x00, 0xFE, 0xFF, 0xFF, 0xFF, 0xF9, 0x07, 0x1C,
        0x00, 0xFC, 0xFF, 0xFF, 0xFF, 0xFF, 0x07, 0x04, 0x00, 0xF8, 0xFF, 0xFF, 0xFF, 0xFF, 0x7F, 0x08,
        0x00, 0xF8, 0xFF, 0xFF, 0xFF, 0xFF, 0x7F, 0x18, 0x00, 0xF0, 0xFF, 0xFF, 0xFF, 0xFF, 0xEF, 0x1C,
        0x00, 0xF0, 0xFF, 0xFF, 0xFF, 0xFF, 0xFF, 0x3F, 0x00, 0xF8, 0xFF, 0xFF, 0xFF, 0xFF, 0xFF, 0x3F,
        0x00, 0xF8, 0xFF, 0xFF, 0xFF, 0xFF, 0xFF, 0x1F, 0x00, 0xFC, 0xFF, 0xFF, 0xFF, 0xFF, 0xFF, 0x07,
        0x00, 0xFE, 0xFF, 0xFF, 0xFF, 0xFF, 0xFF, 0x03, 0x00, 0xFE, 0xFF, 0xFF, 0xFF, 0xFF, 0xFF, 0x07,
        0x00, 0x18, 0xF8, 0xFF, 0x3F, 0xFF, 0xFF, 0x07, 0x00, 0x10, 0xF0, 0xFF, 0x3F, 0xFF, 0xFF, 0x00,
        0x00, 0x18, 0xF0, 0xFF, 0x7F, 0xFF, 0x77, 0x00, 0x00, 0x18, 0xF8, 0xEF, 0xFF, 0xFF, 0x7F, 0x00,
        0x00, 0x1C, 0xF8, 0xF7, 0xFF, 0xFF, 0xFF, 0x01, 0x00, 0x1C, 0xF8, 0xC3, 0xFF, 0xFF, 0x03, 0x02,
        0x00, 0x1E, 0xFC, 0xC3, 0xFF, 0xCF, 0x03, 0x02, 0x00, 0xBE, 0xFD, 0x81, 0xFF, 0x8F, 0x03, 0x02,
        0x00, 0xFF, 0xF9, 0x00, 0xFF, 0x1F, 0x02, 0x03, 0x00, 0x8F, 0x39, 0x30, 0xFE, 0x1F, 0x00, 0x07,
        0x80, 0x8F, 0x33, 0xF8, 0xF8, 0x3B, 0x00, 0x07, 0xC0, 0x07, 0x33, 0xF8, 0xC0, 0x3F, 0x98, 0x0F,
        0xE0, 0x07, 0x30, 0x9C, 0x00, 0x6C, 0x0E, 0x1F, 0xE0, 0x07, 0x38, 0x0C, 0x01, 0x44, 0x18, 0x3E,
        0xF0, 0x07, 0x38, 0x8C, 0x00, 0x44, 0x1A, 0x3E, 0xF8, 0x07, 0x78, 0x88, 0x00, 0x04, 0x08, 0xFC,
        0xFC, 0x0F, 0x70, 0x08, 0x00, 0x00, 0x02, 0x00, 0xFE, 0x0F, 0xF0, 0x00, 0x00, 0x00, 0x06, 0x00,
        0xFE, 0x03, 0xF0, 0x00, 0x00, 0x00, 0x0C, 0x04, 0x00, 0x00, 0xE0, 0x01, 0x00, 0x00, 0x0C, 0x0C,
        0x00, 0x08, 0xE0, 0x03, 0x00, 0x00, 0x0C, 0x1C, 0x00, 0x18, 0x60, 0x00, 0x00, 0x00, 0x0E, 0x1C,
        0x00, 0x18, 0x40, 0x00, 0x00, 0x00, 0x0E, 0x3C, 0x00, 0x18, 0x40, 0x00, 0x00, 0x80, 0x0F, 0x38,
        0x00, 0x38, 0xF0, 0x00, 0x00, 0xC0, 0x0F, 0x70, 0x00, 0x78, 0xF8, 0x0B, 0x00, 0xF0, 0x0F, 0x78,
        0x00, 0xF8, 0xF8, 0xFF, 0x81, 0xFF, 0x1F, 0x7E, 0x00, 0xF8, 0xFF, 0xFF, 0xFF, 0xFF, 0xFF, 0x7E,
        0x00, 0xF8, 0xFF, 0xFF, 0xFF, 0xFF, 0xFF, 0x7F, 0x00, 0xF0, 0xFF, 0xFF, 0xFF, 0xFF, 0xFF, 0x7F,
        0x00, 0xF0, 0xFF, 0xFF, 0xFF, 0xFF, 0xFF, 0x7F, 0x00, 0xF0, 0xFF, 0xFF, 0xFF, 0xFF, 0xFF, 0xFF,
        0x00, 0xF0, 0xFF, 0xFF, 0xFF, 0xFF, 0xFF, 0xFF, 0x00, 0xE0, 0xFF, 0xFF, 0xEF, 0xFF, 0xFF, 0xFF
    },
    {
        0x00, 0x00, 0x00, 0x00, 0x00, 0x00, 0x00, 0x00, 0x00, 0x00, 0x00, 0x00, 0x00, 0x00, 0x00, 0x00,
        0x00, 0x00, 0x00, 0x00, 0x00, 0x00, 0x00, 0x00, 0x00, 0x00, 0x00, 0x00, 0x00, 0x00, 0x00, 0x00,
        0x00, 0x00, 0x00, 0x00, 0x00, 0x00, 0x00, 0x00, 0x00, 0x00, 0x00, 0x18, 0x00, 0x00, 0x00, 0x00,
        0x00, 0x00, 0x00, 0x00, 0x00, 0x00, 0x00, 0x00, 0x00, 0x00, 0x00, 0x00, 0x00, 0x00, 0x00, 0x00,
        0x00, 0x00, 0x00, 0x30, 0x00, 0x00, 0x00, 0x00, 0x00, 0x00, 0x00, 0x1C, 0x60, 0x00, 0x00, 0x00,
        0x00, 0xF0, 0x00, 0x02, 0xE0, 0x0F, 0x00, 0x00, 0x00, 0xF8, 0x3D, 0x53, 0xE0, 0x7F, 0x00, 0x00,
        0x00, 0xFC, 0x3F, 0x82, 0xE0, 0xFF, 0x03, 0x00, 0x00, 0xFC, 0x3F, 0x46, 0xE0, 0xFF, 0x0F, 0x00,
        0xC0, 0xE7, 0x3F, 0x0C, 0xF0, 0xFF, 0x3F, 0x00, 0xE0, 0xC3, 0x3F, 0x38, 0xF0, 0xFF, 0x7F, 0x00,
        0x60, 0xC0, 0x7F, 0x18, 0xF0, 0xFF, 0xFF, 0x00, 0x60, 0xE0, 0x7F, 0x10, 0xF0, 0xFF, 0xFF, 0x01,
        0xE0, 0x80, 0x7F, 0x00, 0xF0, 0xFF, 0xFF, 0x01, 0xC0, 0x81, 0x7F, 0xFF, 0xFF, 0xFF, 0xFF, 0x01,
        0x80, 0x80, 0xFF, 0xFF, 0xFF, 0xFF, 0xFF, 0x00, 0xC0, 0xF0, 0xFF, 0xFF, 0xFF, 0xFF, 0xFF, 0x00,
        0xE0, 0xF8, 0xFF, 0xFF, 0xFF, 0xFF, 0x7F, 0x00, 0xE0, 0xFD, 0xFF, 0xFF, 0xFF, 0xFF, 0x3F, 0x00,
        0xE0, 0xFF, 0xFF, 0xFF, 0xFF, 0xFF, 0x3F, 0x00, 0xE0, 0xFF, 0xFF, 0xFF, 0xFF, 0xFF, 0x7F, 0x00,
        0xC0, 0xFF, 0xFF, 0xFF, 0xFF, 0xFF, 0xFF, 0x00, 0x00, 0xFF, 0xFF, 0xFF, 0xFF, 0xFF, 0xFF, 0x01,
        0x00, 0xFF, 0xFF, 0xFF, 0xFF, 0xFF, 0xFF, 0x01, 0x00, 0xFF, 0xFF, 0xFF, 0xFF, 0xFF, 0xF7, 0x03,
        0x00, 0xFF, 0xFF, 0xE7, 0xFF, 0xFF, 0x00, 0x00, 0x00, 0xFC, 0xFF, 0xF3, 0xFF, 0xFF, 0x00, 0x00,
        0x00, 0x70, 0xFF, 0xF3, 0xFF, 0xFF, 0x00, 0x00, 0x00, 0xFC, 0xFF, 0xFF, 0xBF, 0xFF, 0x80, 0x00,
        0x00, 0x04, 0xFF, 0xFF, 0x9F, 0xFF, 0xC1, 0x00, 0x00, 0x04, 0xFC, 0xFF, 0x1F, 0xFF, 0xC1, 0x01,
        0x00, 0x04, 0x9C, 0xFF, 0x0F, 0xFE, 0xE1, 0x01, 0x00, 0x07, 0xC6, 0xFF, 0x07, 0xFC, 0xEC, 0x03,
        0x00, 0x07, 0xC0, 0xFF, 0x03, 0x78, 0xCC, 0x07, 0x00, 0x07, 0xE0, 0xFE, 0x21, 0x70, 0x8E, 0x07,
        0x80, 0x07, 0xE0, 0x7F, 0x78, 0x60, 0x86, 0x0F, 0xC0, 0xC3, 0xF1, 0x0F, 0xFC, 0x60, 0x80, 0x1F,
        0xC0, 0x41, 0x91, 0x01, 0xCC, 0x70, 0x00, 0x3F, 0xE0, 0xC1, 0x01, 0x01, 0x84, 0x70, 0x00, 0x7F,
        0xF0, 0x41, 0x10, 0x00, 0x84, 0xF0, 0x80, 0x7F, 0xF8, 0x00, 0x90, 0x00, 0xC4, 0xF0, 0x80, 0xFF,
        0x30, 0x00, 0x01, 0x00, 0x00, 0x70, 0x80, 0xFF, 0x00, 0x80, 0x01, 0x00, 0x00, 0x78, 0x80, 0xFF,
        0x80, 0x80, 0x01, 0x00, 0x00, 0x7C, 0x00, 0x7C, 0xC0, 0xC0, 0x00, 0x00, 0x00, 0x7C, 0x80, 0x00,
        0xE0, 0xC1, 0x01, 0x00, 0x00, 0x7E, 0x80, 0x00, 0xE0, 0x81, 0x01, 0x00, 0x00, 0x78, 0x00, 0x00,
        0xF0, 0x80, 0x03, 0x00, 0x00, 0x30, 0x00, 0x00, 0xF0, 0x00, 0x07, 0x00, 0x00, 0x78, 0xC0, 0x00,
        0xF0, 0x00, 0x1F, 0x00, 0x00, 0xFC, 0xF8, 0x00, 0xF0, 0x81, 0x7F, 0x00, 0xC0, 0x7E, 0xF8, 0x00,
        0xF8, 0xE9, 0xFF, 0x1F, 0xFF, 0xFF, 0xFE, 0x00, 0xF8, 0xFF, 0xFF, 0xFF, 0xFF, 0xFF, 0xFF, 0x00,
        0xF8, 0xFF, 0xFF, 0xFF, 0xFF, 0xFF, 0xFF, 0x00, 0xF8, 0xFF, 0xFF, 0xFF, 0xFF, 0xFF, 0x7F, 0x00,
        0xF8, 0xFF, 0xFF, 0xFF, 0xFF, 0xFF, 0x7F, 0x00, 0xF0, 0xFF, 0xFF, 0xFF, 0xFF, 0xFF, 0x7F, 0x00,
        0xF0, 0xFF, 0xFF, 0xFF, 0xFF, 0xFF, 0x7F, 0x00, 0xF0, 0xFF, 0xFF, 0x9F, 0xFF, 0xFF, 0x7F, 0x00
    },
    {
        0x00, 0x00, 0x00, 0x00, 0x00, 0x00, 0x00, 0x00, 0x00, 0x00, 0x00, 0x00, 0x00, 0x00, 0x00, 0x00,
        0x00, 0x00, 0x00, 0x00, 0x00, 0x00, 0x00, 0x00, 0x00, 0x00, 0x00, 0x00, 0x00, 0x00, 0x00, 0x00,
        0x00, 0x00, 0x00, 0x00, 0x00, 0x00, 0x00, 0x00, 0x00, 0x00, 0x00, 0x00, 0x00, 0x00, 0x00, 0x00,
        0x00, 0x00, 0x00, 0x00, 0x00, 0x00, 0x00, 0x00, 0x00, 0x00, 0x00, 0x00, 0x00, 0x00, 0x00, 0x00,
        0x00, 0x00, 0x00, 0x30, 0x00, 0x00, 0x00, 0x00, 0x00, 0x00, 0x00, 0x0C, 0xC0, 0x00, 0x00, 0x00,
        0x00, 0xF0, 0x10, 0x22, 0xE0, 0x1F, 0x00, 0x00, 0x00, 0xF8, 0x3D, 0x53, 0xE0, 0xFF, 0x00, 0x00,
        0x00, 0xFC, 0x3F, 0x83, 0xE0, 0xFF, 0x03, 0x00, 0x00, 0xFC, 0x3F, 0x46, 0xE0, 0xFF, 0x0F, 0x00,
        0xE0, 0xE7, 0x3F, 0x2C, 0xF0, 0xFF, 0x3F, 0x00, 0xE0, 0xC3, 0x3F, 0x38, 0xF0, 0xFF, 0x7F, 0x00,
        0x60, 0xC0, 0x7F, 0x10, 0xF0, 0xFF, 0xFF, 0x00, 0x60, 0xE0, 0x7F, 0x10, 0xF0, 0xFF, 0xFF, 0x01,
        0x60, 0x80, 0x7F, 0x00, 0xF0, 0xFF, 0xFF, 0x01, 0xC0, 0x81, 0x7F, 0xFF, 0xFF, 0xFF, 0xFF, 0x01,
        0x80, 0x80, 0xFF, 0xFF, 0xFF, 0xFF, 0xFF, 0x00, 0xC0, 0xF8, 0xFF, 0xFF, 0xFF, 0xFF, 0xFF, 0x00,
        0xE0, 0xF8, 0xFF, 0xFF, 0xFF, 0xFF, 0x7F, 0x00, 0xE0, 0xFD, 0xFF, 0xFF, 0xFF, 0xFF, 0x3F, 0x00,
        0xE0, 0xFF, 0xFF, 0xFF, 0xFF, 0xFF, 0x3F, 0x00, 0xE0, 0xFF, 0xFF, 0xFF, 0xFF, 0xFF, 0x7F, 0x00,
        0xC0, 0xFF, 0xFF, 0xFF, 0xFF, 0xFF, 0xFF, 0x00, 0x00, 0xFF, 0xFF, 0xFF, 0xFF, 0xFF, 0xFF, 0x01,
        0x00, 0xFF, 0xFF, 0xFF, 0xFF, 0xFF, 0xFF, 0x01, 0x00, 0xFF, 0xFF, 0xFF, 0xFF, 0xFF, 0xE3, 0x01,
        0x00, 0xFF, 0xFF, 0xE7, 0xFF, 0xFF, 0x01, 0x00, 0x00, 0xFC, 0xFF, 0xF3, 0xFF, 0xFF, 0x01, 0x00,
        0x00, 0x70, 0xFF, 0xF3, 0xFF, 0xFF, 0x01, 0x00, 0x00, 0xF8, 0xFF, 0xFF, 0xBF, 0xFF, 0x01, 0x00,
        0x00, 0x08, 0xFE, 0xFF, 0x3F, 0xFF, 0x81, 0x01, 0x00, 0x04, 0xB8, 0xFF, 0x1F, 0xFF, 0xC0, 0x01,
        0x00, 0x04, 0x9C, 0xFF, 0x0F, 0xFE, 0xE7, 0x01, 0x00, 0x06, 0xC4, 0xFF, 0x0F, 0x7C, 0xEE, 0x03,
        0x00, 0x07, 0xC0, 0xFF, 0x03, 0x78, 0xC6, 0x07, 0x00, 0x07, 0xC0, 0xFE, 0x31, 0x30, 0x87, 0x0F,
        0x80, 0x67, 0xE1, 0x7E, 0x78, 0x20, 0x82, 0x0F, 0x80, 0xE1, 0xF1, 0x0F, 0xEC, 0x60, 0x80, 0x1F,
        0xC0, 0x61, 0x91, 0x01, 0xC4, 0x70, 0x80, 0x3F, 0xC0, 0x61, 0x01, 0x01, 0x84, 0x60, 0x80, 0x7F,
        0xE0, 0x00, 0x91, 0x00, 0xC4, 0x70, 0x80, 0xFF, 0xF0, 0x00, 0x91, 0x00, 0xC4, 0xF0, 0x80, 0xFF,
        0x78, 0x80, 0x01, 0x00, 0x00, 0x70, 0x80, 0xFF, 0x00, 0xC0, 0x01, 0x00, 0x00, 0x78, 0x80, 0xFF,
        0xC0, 0xC0, 0x01, 0x00, 0x00, 0x78, 0x00, 0x00, 0xC0, 0xC0, 0x01, 0x00, 0x00, 0x7C, 0x00, 0x00,
        0xE0, 0x80, 0x01, 0x00, 0x00, 0x7E, 0x00, 0x00, 0xE0, 0x80, 0x01, 0x00, 0x00, 0x78, 0x00, 0x00,
        0xF0, 0x81, 0x03, 0x00, 0x00, 0x78, 0x80, 0x00, 0xF0, 0x00, 0x07, 0x00, 0x00, 0xF8, 0xF0, 0x00,
        0xF0, 0x01, 0x1F, 0x00, 0x00, 0x7E, 0xF8, 0x00, 0xF0, 0x03, 0x7F, 0x00, 0xC0, 0x7E, 0xFC, 0x00,
        0xF8, 0x79, 0xFF, 0xDF, 0xFF, 0xFF, 0xFF, 0x00, 0xF8, 0x7F, 0xFF, 0xFF, 0xFF, 0xFF, 0xFF, 0x00,
        0xF0, 0xFF, 0xFF, 0xFF, 0xFF, 0xFF, 0xFF, 0x00, 0xF0, 0xFF, 0xFF, 0xFF, 0xFF, 0xFF, 0xFF, 0x00,
        0xF0, 0xFF, 0xFF, 0xFF, 0xFF, 0xFF, 0x7F, 0x00, 0xF0, 0xFF, 0xFF, 0xFF, 0xFF, 0xFF, 0x7F, 0x00,
        0xF0, 0xFF, 0xFF, 0xFF, 0xFF, 0xFF, 0x7F, 0x00, 0xE0, 0xFF, 0xFF, 0x9F, 0xFF, 0xFF, 0x7F, 0x00
    },
    {
        0x00, 0x00, 0x00, 0x00, 0x00, 0x00, 0x00, 0x00, 0x00, 0x00, 0x00, 0x00, 0x00, 0x00, 0x00, 0x00,
        0x00, 0x00, 0x00, 0x00, 0x00, 0x00, 0x00, 0x00, 0x00, 0x00, 0x00, 0x00, 0x00, 0x00, 0x00, 0x00,
        0x00, 0x00, 0x00, 0x00, 0x00, 0x00, 0x00, 0x00, 0x00, 0x00, 0x00, 0x00, 0x00, 0x00, 0x00, 0x00,
        0x00, 0x00, 0x00, 0x00, 0x00, 0x00, 0x00, 0x00, 0x00, 0x00, 0x00, 0x20, 0x00, 0x00, 0x00, 0x00,
        0x00, 0x00, 0x00, 0x18, 0x00, 0x00, 0x00, 0x00, 0x00, 0x20, 0x00, 0x06, 0xE0, 0x01, 0x00, 0x00,
        0x00, 0xF8, 0x18, 0x23, 0xE0, 0x1F, 0x00, 0x00, 0x00, 0xFC, 0x1F, 0x59, 0xE0, 0xFF, 0x00, 0x00,
        0x00, 0xFC, 0x3F, 0xC3, 0xF0, 0xFF, 0x03, 0x00, 0xC0, 0xFD, 0x3F, 0x46, 0xF0, 0xFF, 0x0F, 0x00,
        0xE0, 0xE7, 0x3F, 0x2C, 0xF0, 0xFF, 0x3F, 0x00, 0x60, 0xE2, 0x3F, 0x18, 0xF0, 0xFF, 0x7F, 0x00,
        0x70, 0xE0, 0x3F, 0x18, 0xF0, 0xFF, 0xFF, 0x00, 0x70, 0xE0, 0x3F, 0x10, 0xF0, 0xFF, 0xFF, 0x01,
        0xE0, 0x80, 0x7F, 0xF0, 0xFF, 0xFF, 0xFF, 0x01, 0x80, 0x80, 0xFF, 0xFF, 0xFF, 0xFF, 0xFF, 0x01,
        0x80, 0x80, 0xFF, 0xFF, 0xFF, 0xFF, 0xFF, 0x00, 0xC0, 0xF8, 0xFF, 0xFF, 0xFF, 0xFF, 0x7F, 0x00,
        0xE0, 0xF8, 0xFF, 0xFF, 0xFF, 0xFF, 0x7F, 0x00, 0xE0, 0xFF, 0xFF, 0xFF, 0xFF, 0xFF, 0x3F, 0x00,
        0xE0, 0xFF, 0xFF, 0xFF, 0xFF, 0xFF, 0x3F, 0x00, 0xE0, 0xFF, 0xFF, 0xFF, 0xFF, 0xFF, 0x7F, 0x00,
        0xC0, 0xFF, 0xFF, 0xFF, 0xFF, 0xFF, 0xFF, 0x00, 0x00, 0xFF, 0xFF, 0xFF, 0xFF, 0xFF, 0xFF, 0x00,
        0x00, 0xFF, 0xFF, 0xFF, 0xFF, 0xFF, 0xFB, 0x01, 0x80, 0xFF, 0xFF, 0xF7, 0xFF, 0xFF, 0x81, 0x01,
        0x00, 0xFF, 0xFF, 0xF7, 0xFF, 0xFF, 0x01, 0x00, 0x00, 0xFC, 0xFF, 0xF3, 0xFF, 0xFF, 0x00, 0x00,
        0x00, 0x78, 0xFF, 0xB3, 0xFF, 0xFF, 0x00, 0x00, 0x00, 0xE4, 0xFF, 0xFF, 0xDF, 0xFF, 0x80, 0x00,
        0x00, 0x06, 0xFE, 0xFF, 0x1F, 0x7F, 0xC0, 0x01, 0x00, 0x02, 0x9C, 0xFF, 0x0F, 0x7F, 0xF3, 0x00,
        0x00, 0x02, 0x8E, 0xFF, 0x0F, 0x3E, 0xF7, 0x03, 0x00, 0x03, 0xC3, 0xFF, 0x07, 0xBC, 0xE3, 0x07,
        0x00, 0x03, 0xC1, 0xFF, 0x03, 0x98, 0xE3, 0x07, 0x00, 0x83, 0xE0, 0xFC, 0x38, 0x80, 0xE0, 0x0F,
        0x80, 0xF1, 0xE0, 0x7E, 0x7C, 0x00, 0xC0, 0x1F, 0x80, 0xD0, 0xF1, 0x0F, 0xEC, 0x20, 0xC0, 0x1F,
        0x40, 0xF0, 0x91, 0x00, 0xC4, 0x30, 0xC0, 0x7F, 0x40, 0x90, 0x81, 0x00, 0x84, 0x70, 0xC0, 0xFF,
        0x60, 0x80, 0x81, 0x00, 0xC4, 0x20, 0xE0, 0xFF, 0x70, 0xC0, 0x81, 0x00, 0x40, 0x30, 0xE0, 0xFF,
        0x38, 0xC0, 0x01, 0x00, 0x00, 0x30, 0xC0, 0xFF, 0x00, 0xE0, 0x01, 0x00, 0x00, 0x78, 0x80, 0xFF,
        0x60, 0xE0, 0x00, 0x00, 0x00, 0x78, 0x00, 0x00, 0x60, 0xC0, 0x00, 0x00, 0x00, 0x7C, 0x00, 0x00,
        0x70, 0x80, 0x01, 0x00, 0x00, 0x7E, 0x00, 0x00, 0x70, 0x80, 0x01, 0x00, 0x00, 0x7C, 0x70, 0x00,
        0xF8, 0x00, 0x03, 0x00, 0x00, 0x78, 0x78, 0x00, 0xF8, 0x00, 0x07, 0x00, 0x00, 0x7C, 0x78, 0x00,
        0xF8, 0x01, 0x1E, 0x00, 0x00, 0x7C, 0x7E, 0x00, 0xF8, 0x41, 0xFF, 0x01, 0xF0, 0xFF, 0x7F, 0x00,
        0xF8, 0x7D, 0xFF, 0xFF, 0xFF, 0xFF, 0x7F, 0x00, 0xF8, 0xFF, 0xFF, 0xFF, 0xFF, 0xFF, 0xFF, 0x00,
        0xF0, 0xFF, 0xFF, 0xFF, 0xFF, 0xFF, 0xFF, 0x00, 0xF0, 0xFF, 0xFF, 0xFF, 0xFF, 0xFF, 0xFF, 0x00,
        0xE0, 0xFF, 0xFF, 0xFF, 0xFF, 0xFF, 0xFF, 0x00, 0xE0, 0xFF, 0xFF, 0xFF, 0xFF, 0xFF, 0xFF, 0x00,
        0xC0, 0xFF, 0xFF, 0xFF, 0xFF, 0xFF, 0xFF, 0x00, 0xC0, 0xFF, 0xFF, 0x9F, 0xFF, 0xFF, 0xFF, 0x00
    },
    {
        0x00, 0x00, 0x00, 0x00, 0x00, 0x00, 0x00, 0x00, 0x00, 0x00, 0x00, 0x00, 0x00, 0x00, 0x00, 0x00,
        0x00, 0x00, 0x00, 0x00, 0x00, 0x00, 0x00, 0x00, 0x00, 0x00, 0x00, 0x00, 0x00, 0x00, 0x00, 0x00,
        0x00, 0x00, 0x00, 0x08, 0x00, 0x00, 0x00, 0x00, 0x00, 0x00, 0x00, 0x00, 0x00, 0x00, 0x00, 0x00,
        0x00, 0x00, 0x00, 0x00, 0x00, 0x00, 0x00, 0x00, 0x00, 0x00, 0x00, 0x20, 0x00, 0x00, 0x00, 0x00,
        0x00, 0x00, 0x00, 0x0C, 0x00, 0x00, 0x00, 0x00, 0x00, 0x70, 0x00, 0x02, 0xE0, 0x03, 0x00, 0x00,
        0x00, 0xF8, 0x1C, 0x31, 0xF0, 0x3F, 0x00, 0x00, 0x00, 0xFC, 0x1F, 0x49, 0xF0, 0xFF, 0x01, 0x00,
        0x00, 0xFC, 0x3F, 0x43, 0xF0, 0xFF, 0x07, 0x00, 0xE0, 0xF7, 0x1F, 0x26, 0xF0, 0xFF, 0x0F, 0x00,
        0xF0, 0xE3, 0x3F, 0x14, 0xF0, 0xFF, 0x3F, 0x00, 0x30, 0xE0, 0x3F, 0x18, 0xF0, 0xFF, 0x7F, 0x00,
        0x30, 0xE0, 0x3F, 0x18, 0xF8, 0xFF, 0xFF, 0x00, 0x70, 0xE0, 0x3F, 0x00, 0xF8, 0xFF, 0xFF, 0x00,
        0xE0, 0x80, 0x3F, 0xFA, 0xFF, 0xFF, 0xFF, 0x00, 0x80, 0x80, 0xFF, 0xFF, 0xFF, 0xFF, 0xFF, 0x00,
        0x40, 0xC8, 0xFF, 0xFF, 0xFF, 0xFF, 0x7F, 0x00, 0x60, 0xF8, 0xFF, 0xFF, 0xFF, 0xFF, 0x7F, 0x00,
        0xE0, 0xFC, 0xFF, 0xFF, 0xFF, 0xFF, 0x3F, 0x00, 0xF0, 0x7F, 0xFE, 0xFF, 0xFF, 0xFF, 0x3F, 0x00,
        0xF0, 0xFF, 0xFF, 0xFF, 0xFF, 0xFF, 0x3F, 0x00, 0xE0, 0xFF, 0xFF, 0xFF, 0xFF, 0xFF, 0x7F, 0x00,
        0xC0, 0xFF, 0xFF, 0xFF, 0xFF, 0xFF, 0xFF, 0x00, 0x00, 0xFF, 0xFF, 0xFF, 0xFF, 0xFF, 0xFF, 0x00,
        0x80, 0xFF, 0xFF, 0xFF, 0xFF, 0xFF, 0xF1, 0x01, 0x80, 0xFF, 0xFF, 0xF7, 0xFF, 0xFF, 0xC0, 0x01,
        0x00, 0xFE, 0xFF, 0xF3, 0xFF, 0x7F, 0x00, 0x00, 0x00, 0xB8, 0xFF, 0xF3, 0xFF, 0x3F, 0x00, 0x00,
        0x00, 0xBE, 0xFF, 0xFB, 0xFF, 0x3F, 0x80, 0x00, 0x00, 0xE0, 0xFF, 0xFF, 0xFF, 0x1F, 0xE0, 0x00,
        0x00, 0x80, 0xBF, 0xFF, 0x1F, 0xCF, 0xF9, 0x00, 0x00, 0x00, 0x9F, 0xFF, 0x0F, 0xCF, 0xFC, 0x00,
        0x00, 0x80, 0x87, 0xFF, 0x07, 0xE6, 0xF8, 0x03, 0x00, 0xC0, 0xC3, 0xFF, 0x03, 0x60, 0xF8, 0x07,
        0x00, 0xE0, 0xC0, 0xFF, 0x03, 0x00, 0xF0, 0x07, 0x00, 0xF6, 0xE0, 0xFE, 0x3C, 0x00, 0xF0, 0x0F,
        0x00, 0xF6, 0xF0, 0x7E, 0x7C, 0x00, 0xF0, 0x1F, 0x00, 0xFC, 0xD9, 0x09, 0x66, 0x00, 0xF0, 0x3F,
        0x00, 0xE4, 0x88, 0x00, 0x42, 0x08, 0xF8, 0x7F, 0x00, 0xE0, 0x89, 0x00, 0x42, 0x18, 0xF8, 0xFF,
        0x00, 0xF0, 0x89, 0x00, 0x44, 0x0C, 0xE0, 0xFF, 0x10, 0xF0, 0x00, 0x00, 0x40, 0x1C, 0x80, 0xFF,
        0x00, 0xF0, 0x01, 0x00, 0x00, 0x1C, 0x00, 0xFF, 0x00, 0xF8, 0x00, 0x00, 0x00, 0x3E, 0x00, 0x3E,
        0x10, 0xE0, 0x00, 0x00, 0x00, 0x3E, 0x00, 0x00, 0x38, 0xC0, 0x00, 0x00, 0x00, 0x1E, 0x18, 0x00,
        0x38, 0x80, 0x00, 0x00, 0x00, 0x1E, 0x3C, 0x00, 0x38, 0x00, 0x01, 0x00, 0x00, 0x1E, 0x3C, 0x00,
        0x78, 0x00, 0x02, 0x00, 0x00, 0x1E, 0x3E, 0x00, 0x7C, 0x00, 0x0F, 0x00, 0x00, 0x3E, 0x3F, 0x00,
        0xFC, 0x18, 0x3F, 0x00, 0x00, 0xFC, 0x7F, 0x00, 0xF8, 0x78, 0xFF, 0x03, 0xFC, 0xFF, 0x7F, 0x00,
        0xF8, 0x7C, 0xFF, 0xFF, 0xFF, 0xFF, 0x7F, 0x00, 0xF8, 0xFF, 0xFF, 0xFF, 0xFF, 0xFF, 0x7F, 0x00,
        0xF0, 0xFF, 0xFF, 0xFF, 0xFF, 0xFF, 0xFF, 0x00, 0xF0, 0xFF, 0xFF, 0xFF, 0xFF, 0xFF, 0xFF, 0x00,
        0xE0, 0xFF, 0xFF, 0xFF, 0xFF, 0xFF, 0xFF, 0x00, 0xE0, 0xFF, 0xFF, 0xFF, 0xFF, 0xFF, 0xFF, 0x00,
        0x80, 0xFF, 0xFF, 0xDF, 0xFF, 0xFF, 0xFF, 0x01, 0x80, 0xFF, 0xFF, 0xCF, 0xFF, 0xFF, 0xFF, 0x01
    },
    {
        0x00, 0x00, 0x00, 0x00, 0x00, 0x00, 0x00, 0x00, 0x00, 0x00, 0x00, 0x00, 0x00, 0x00, 0x00, 0x00,
        0x00, 0x00, 0x00, 0x00, 0x00, 0x00, 0x00, 0x00, 0x00, 0x00, 0x00, 0x00, 0x00, 0x00, 0x00, 0x00,
        0x00, 0x00, 0x00, 0x00, 0x00, 0x00, 0x00, 0x00, 0x00, 0x00, 0x00, 0x00, 0x00, 0x00, 0x00, 0x00,
        0x00, 0x00, 0x00, 0x00, 0x00, 0x00, 0x00, 0x00, 0x00, 0x00, 0x00, 0x10, 0x00, 0x00, 0x00, 0x00,
        0x00, 0x00, 0x00, 0x06, 0x70, 0x00, 0x00, 0x00, 0x00, 0x78, 0x18, 0x11, 0xF0, 0x07, 0x00, 0x00,
        0x00, 0xFC, 0x9E, 0x39, 0xF0, 0x3F, 0x00, 0x00, 0x00, 0xFE, 0x9F, 0x61, 0xF0, 0xFF, 0x01, 0x00,
        0x40, 0xFE, 0x1F, 0x63, 0xF0, 0xFF, 0x07, 0x00, 0xF0, 0xF3, 0x1F, 0x16, 0xF8, 0xFF, 0x1F, 0x00,
        0xF0, 0xE1, 0x1F, 0x1C, 0xF8, 0xFF, 0x3F, 0x00, 0x30, 0xE0, 0x1F, 0x08, 0xF8, 0xFF, 0x7F, 0x00,
        0x30, 0xF0, 0x3F, 0x08, 0xF8, 0xFF, 0xFF, 0x00, 0x70, 0xC0, 0x3F, 0x08, 0xF8, 0xFF, 0xFF, 0x00,
        0xE0, 0xC0, 0x3F, 0xFF, 0xFF, 0xFF, 0xFF, 0x00, 0x40, 0xC0, 0xFF, 0xFF, 0xFF, 0xFF, 0x7F, 0x00,
        0x60, 0xF8, 0xFF, 0xFF, 0xFF, 0xFF, 0x7F, 0x00, 0x70, 0xFC, 0xFF, 0xFF, 0xFF, 0xFF, 0x3F, 0x00,
        0xF0, 0xFE, 0xFF, 0xFF, 0xFF, 0xFF, 0x1F, 0x00, 0xF0, 0xFF, 0xFF, 0xFF, 0xFF, 0xFF, 0x1F, 0x00,
        0xF0, 0xFF, 0xFF, 0xFF, 0xFF, 0xFF, 0x3F, 0x00, 0xE0, 0xFF, 0xFF, 0xFF, 0xFF, 0xFF, 0x7F, 0x00,
        0x80, 0xFF, 0xFF, 0xFF, 0xFF, 0xBF, 0x7F, 0x00, 0x80, 0xFF, 0xFF, 0xFF, 0xFF, 0x1F, 0xFE, 0x00,
        0x80, 0xFF, 0xFF, 0xFF, 0xFF, 0x0F, 0xF8, 0x00, 0x80, 0xFF, 0xFF, 0xF3, 0xFF, 0x0F, 0x20, 0x00,
        0x00, 0xFE, 0xFF, 0xF3, 0xFF, 0x07, 0x20, 0x00, 0x00, 0xBA, 0xFF, 0xF9, 0xFF, 0x07, 0x78, 0x00,
        0x00, 0xF8, 0xFF, 0xFF, 0xFF, 0x03, 0x7E, 0x00, 0x00, 0xFF, 0xFF, 0xFF, 0x9F, 0xB9, 0xFB, 0x00,
        0x00, 0xF0, 0xDF, 0xFF, 0x8F, 0x99, 0xFB, 0x00, 0x00, 0xF0, 0xCF, 0xFF, 0x07, 0x1C, 0xFF, 0x00,
        0x00, 0xF8, 0xC3, 0xFF, 0x07, 0x1C, 0xFE, 0x01, 0x00, 0xF8, 0xC1, 0xFF, 0x03, 0x00, 0xFE, 0x03,
        0x00, 0xFC, 0xE0, 0xFE, 0x10, 0x00, 0xFE, 0x07, 0x00, 0x7C, 0x70, 0x7E, 0x3C, 0x00, 0xFE, 0x0F,
        0x90, 0xFF, 0xF8, 0x1F, 0x7E, 0x00, 0xFE, 0x1F, 0x80, 0xFE, 0xC8, 0x00, 0x66, 0x00, 0xFE, 0x3F,
        0x80, 0xFD, 0x00, 0x00, 0x42, 0x02, 0xFE, 0x7F, 0x00, 0xF9, 0x48, 0x00, 0x62, 0x03, 0xFC, 0xFF,
        0x00, 0xF8, 0x40, 0x00, 0x62, 0x03, 0xF0, 0xFF, 0x00, 0xF8, 0x00, 0x00, 0x00, 0x07, 0xE0, 0xFF,
        0x00, 0xF8, 0x00, 0x00, 0x80, 0x07, 0xC0, 0xFF, 0x00, 0xF4, 0x00, 0x00, 0x80, 0x07, 0x00, 0x00,
        0x00, 0xF0, 0x00, 0x00, 0x80, 0x0F, 0x0E, 0x00, 0x08, 0xE0, 0x00, 0x00, 0x80, 0x0F, 0x0E, 0x00,
        0x0C, 0xE0, 0x00, 0x00, 0x80, 0x0F, 0x1F, 0x00, 0x1C, 0xC0, 0x01, 0x00, 0x00, 0x8F, 0x1F, 0x00,
        0x1C, 0x80, 0x03, 0x00, 0x00, 0x8F, 0x1F, 0x00, 0x3C, 0x00, 0x0F, 0x00, 0x00, 0xFF, 0x3F, 0x00,
        0x7C, 0x20, 0x3F, 0x00, 0x20, 0xFE, 0x3F, 0x00, 0x7C, 0x3C, 0xFF, 0x8F, 0xFF, 0xFF, 0x3F, 0x00,
        0xFC, 0xFC, 0xFF, 0xFF, 0xFF, 0xFF, 0x7F, 0x00, 0xFC, 0xFF, 0xFF, 0xFF, 0xFF, 0xFF, 0x7F, 0x00,
        0xF8, 0xFF, 0xFF, 0xFF, 0xFF, 0xFF, 0x7F, 0x00, 0xF8, 0xFF, 0xFF, 0xFF, 0xFF, 0xFF, 0x7F, 0x00,
        0xF0, 0xFF, 0xFF, 0xFF, 0xFF, 0xFF, 0x7F, 0x00, 0xE0, 0xFF, 0xFF, 0xFF, 0xFF, 0xFF, 0xFF, 0x00,
        0xC0, 0xFF, 0xFF, 0xCF, 0xFF, 0xFF, 0xFF, 0x00, 0x80, 0xFF, 0xFF, 0xCF, 0xFF, 0xFF, 0xFF, 0x01
    },
    {
        0x00, 0x00, 0x00, 0x00, 0x00, 0x00, 0x00, 0x00, 0x00, 0x00, 0x00, 0x00, 0x00, 0x00, 0x00, 0x00,
        0x00, 0x00, 0x00, 0x00, 0x00, 0x00, 0x00, 0x00, 0x00, 0x00, 0x00, 0x00, 0x00, 0x00, 0x00, 0x00,
        0x00, 0x00, 0x00, 0x00, 0x00, 0x00, 0x00, 0x00, 0x00, 0x00, 0x00, 0x00, 0x00, 0x00, 0x00, 0x00,
        0x00, 0x00, 0x00, 0x00, 0x00, 0x00, 0x00, 0x00, 0x00, 0x00, 0x00, 0x18, 0x00, 0x00, 0x00, 0x00,
        0x00, 0x00, 0x00, 0x02, 0x30, 0x00, 0x00, 0x00, 0x00, 0x3C, 0x88, 0x01, 0xF8, 0x07, 0x00, 0x00,
        0x00, 0x7E, 0x8F, 0x3C, 0xF8, 0x3F, 0x00, 0x00, 0x00, 0xFE, 0x8F, 0x20, 0xF8, 0xFF, 0x00, 0x00,
        0x00, 0xFF, 0x9F, 0x11, 0xF8, 0xFF, 0x03, 0x00, 0xF0, 0xFB, 0x0F, 0x13, 0xF8, 0xFF, 0x0F, 0x00,
        0xF8, 0xF1, 0x1F, 0x0E, 0xF8, 0xFF, 0x3F, 0x00, 0x18, 0xF1, 0x1F, 0x0C, 0xFC, 0xFF, 0x7F, 0x00,
        0x38, 0xF0, 0x1F, 0x08, 0xFC, 0xFF, 0x7F, 0x00, 0x30, 0xE0, 0x1F, 0x08, 0xFC, 0xFF, 0xFF, 0x00,
        0x60, 0xC0, 0xBF, 0xFF, 0xFF, 0xFF, 0x7F, 0x00, 0x40, 0xC0, 0xFF, 0xFF, 0xFF, 0xFF, 0x7F, 0x00,
        0x20, 0xFC, 0xFF, 0xFF, 0xFF, 0xFF, 0x3F, 0x00, 0x30, 0xFC, 0xFF, 0xFF, 0xFF, 0xFF, 0x3F, 0x00,
        0x78, 0xFE, 0xFF, 0xFF, 0xFF, 0xFF, 0x1F, 0x00, 0xF8, 0xFF, 0xFF, 0xFF, 0xFF, 0xFF, 0x1F, 0x00,
        0xF8, 0xFF, 0xFF, 0xFF, 0xFF, 0xFF, 0x3F, 0x00, 0xF0, 0xFF, 0xFF, 0xFF, 0xFF, 0xFF, 0x3F, 0x00,
        0xC0, 0xFF, 0xFF, 0xFF, 0xFF, 0xFF, 0x7F, 0x00, 0x80, 0xFF, 0xFF, 0xFF, 0xFF, 0xFB, 0xFF, 0x00,
        0xC0, 0xFF, 0xFF, 0xFF, 0xFF, 0x81, 0xFF, 0x00, 0xC0, 0xFF, 0xFF, 0xF9, 0xFF, 0x01, 0x3F, 0x00,
        0x00, 0xFE, 0xFF, 0xF9, 0xFF, 0x00, 0x3E, 0x00, 0x00, 0xDC, 0xFF, 0xFD, 0xFF, 0x80, 0x3F, 0x00,
        0x00, 0xFD, 0xFF, 0xFF, 0xEF, 0xC0, 0x3D, 0x00, 0x00, 0xFC, 0xFF, 0xFF, 0x4F, 0xE0, 0x79, 0x00,
        0x00, 0xFC, 0xEF, 0xFF, 0x07, 0xF7, 0xFF, 0x00, 0x80, 0xFF, 0xEF, 0xFF, 0x07, 0xF6, 0x7F, 0x00,
        0x00, 0xFE, 0xE3, 0xFF, 0x03, 0xC3, 0xFF, 0x01, 0x00, 0xFF, 0xE0, 0xFF, 0x01, 0xC3, 0xFF, 0x03,
        0x00, 0x7F, 0x70, 0xFF, 0x18, 0xC1, 0xFF, 0x03, 0x00, 0x7F, 0x38, 0x3F, 0x3E, 0xC0, 0xFF, 0x07,
        0x00, 0x7F, 0xF8, 0x0F, 0x3E, 0xC0, 0xFF, 0x0F, 0x80, 0xFF, 0x6C, 0x00, 0x23, 0xC0, 0xFF, 0x1F,
        0xE0, 0x7F, 0x44, 0x00, 0x61, 0xC0, 0xFF, 0x3F, 0x60, 0xFF, 0x44, 0x00, 0x61, 0x80, 0xFF, 0x3F,
        0xC0, 0xFE, 0x40, 0x00, 0x20, 0x00, 0xFF, 0xFF, 0xC0, 0xFC, 0x00, 0x00, 0x60, 0x00, 0xFF, 0xFF,
        0x00, 0xF8, 0x00, 0x00, 0xC0, 0x00, 0xE6, 0xFF, 0x00, 0x78, 0x00, 0x00, 0xC0, 0x00, 0x04, 0x0C,
        0x00, 0x71, 0x00, 0x00, 0xC0, 0x00, 0x06, 0x00, 0x00, 0x72, 0x00, 0x00, 0xC0, 0x00, 0x07, 0x00,
        0x00, 0xE0, 0x00, 0x00, 0xC0, 0x81, 0x07, 0x00, 0x04, 0xC0, 0x00, 0x00, 0xC0, 0x87, 0x0F, 0x00,
        0x0C, 0x80, 0x03, 0x00, 0xC0, 0xC7, 0x0F, 0x00, 0x0E, 0x80, 0x0F, 0x00, 0x80, 0xE7, 0x0F, 0x00,
        0x3E, 0x80, 0x3F, 0x00, 0xD0, 0xFF, 0x1F, 0x00, 0x3E, 0x80, 0xFF, 0xCF, 0xFF, 0xFF, 0x1F, 0x00,
        0x7E, 0xB8, 0xFF, 0xFF, 0xFF, 0xFF, 0x1F, 0x00, 0x7E, 0xFE, 0xFF, 0xFF, 0xFF, 0xFF, 0x3F, 0x00,
        0xFC, 0xFE, 0xFF, 0xFF, 0xFF, 0xFF, 0x3F, 0x00, 0xFC, 0xFF, 0xFF, 0xFF, 0xFF, 0xFF, 0x3F, 0x00,
        0xFC, 0xFF, 0xFF, 0xFF, 0xFF, 0xFF, 0x3F, 0x00, 0xF8, 0xFF, 0xFF, 0xFF, 0xFF, 0xFF, 0x3F, 0x00,
        0xF0, 0xFF, 0xFF, 0xEF, 0xFF, 0xFF, 0x7F, 0x00, 0xF0, 0xFF, 0xFF, 0xC7, 0xFF, 0xFF, 0x7F, 0x00
    },
    {
        0x00, 0x00, 0x00, 0x00, 0x00, 0x00, 0x00, 0x00, 0x00, 0x00, 0x00, 0x00, 0x00, 0x00, 0x00, 0x00,
        0x00, 0x00, 0x00, 0x00, 0x00, 0x00, 0x00, 0x00, 0x00, 0x00, 0x00, 0x00, 0x00, 0x00, 0x00, 0x00,
        0x00, 0x00, 0x00, 0x00, 0x00, 0x00, 0x00, 0x00, 0x00, 0x00, 0x00, 0x04, 0x00, 0x00, 0x00, 0x00,
        0x00, 0x00, 0x00, 0x00, 0x00, 0x00, 0x00, 0x00, 0x00, 0x00, 0x00, 0x08, 0x00, 0x00, 0x00, 0x00,
        0x00, 0x00, 0x00, 0x0A, 0x00, 0x00, 0x00, 0x00, 0x00, 0x18, 0x00, 0x01, 0xF8, 0x01, 0x00, 0x00,
        0x00, 0x7C, 0x8E, 0x14, 0xF8, 0x0F, 0x00, 0x00, 0x00, 0xFE, 0x8F, 0x20, 0xF8, 0x7F, 0x00, 0x00,
        0x00, 0xFF, 0x8F, 0x21, 0xF8, 0xFF, 0x01, 0x00, 0x70, 0xFF, 0x0F, 0x13, 0xF8, 0xFF, 0x07, 0x00,
        0xF8, 0xF1, 0x1F, 0x0A, 0xF8, 0xFF, 0x1F, 0x00, 0x98, 0xF0, 0x1F, 0x0C, 0xF8, 0xFF, 0x3F, 0x00,
        0x18, 0xF0, 0x1F, 0x0C, 0xFC, 0xFF, 0x7F, 0x00, 0x38, 0xF0, 0x1F, 0x04, 0xFC, 0xFF, 0x7F, 0x00,
        0x70, 0xE0, 0x1F, 0x0E, 0xFD, 0xFF, 0xFF, 0x00, 0x60, 0xC0, 0xFF, 0xFF, 0xFF, 0xFF, 0x7F, 0x00,
        0x20, 0xE4, 0xFF, 0xFF, 0xFF, 0xFF, 0x3F, 0x00, 0x30, 0xFC, 0xFF, 0xFF, 0xFF, 0xFF, 0x3F, 0x00,
        0x70, 0xFE, 0xFF, 0xFF, 0xFF, 0xFF, 0x1F, 0x00, 0xF8, 0xFF, 0xFF, 0xFF, 0xFF, 0xFF, 0x0F, 0x00,
        0xF8, 0xFF, 0xFF, 0xFF, 0xFF, 0xFF, 0x1F, 0x00, 0xF8, 0xFF, 0xFF, 0xFF, 0xFF, 0xFF, 0x3F, 0x00,
        0xE0, 0xFF, 0xFF, 0xFF, 0xFF, 0xFF, 0x7F, 0x00, 0x80, 0xFF, 0xFF, 0xFF, 0xFF, 0xFF, 0x7F, 0x00,
        0xC0, 0xFF, 0xFF, 0xFF, 0xFF, 0xFF, 0xFF, 0x00, 0xC0, 0xFF, 0xFF, 0xF9, 0xFF, 0xFF, 0xFF, 0x00,
        0x00, 0xFF, 0xFF, 0xF9, 0xFF, 0xC0, 0x1F, 0x00, 0x00, 0xDE, 0xFF, 0xF9, 0xFF, 0x80, 0x3F, 0x00,
        0x00, 0xDD, 0xFF, 0xFD, 0xEF, 0x80, 0x3D, 0x00, 0x00, 0xFC, 0xFF, 0xFF, 0x6F, 0x80, 0x7D, 0x00,
        0x00, 0xFC, 0xFF, 0xFF, 0x47, 0xC0, 0x7D, 0x00, 0x00, 0xFE, 0xEF, 0xFF, 0x07, 0xE0, 0xFF, 0x00,
        0x00, 0xFF, 0xE3, 0xFF, 0x03, 0xF0, 0x7F, 0x00, 0x80, 0xFF, 0xE1, 0xFF, 0x03, 0xFF, 0xFF, 0x01,
        0xC0, 0x7F, 0xF0, 0xFF, 0x00, 0xF3, 0xFF, 0x01, 0xC0, 0x7F, 0x30, 0x7F, 0x9E, 0xE3, 0xFF, 0x03,
        0xC0, 0x7F, 0xF8, 0x0F, 0x9E, 0xC1, 0xFF, 0x07, 0xC0, 0x7F, 0xEC, 0x01, 0x13, 0xC0, 0xFF, 0x0F,
        0xC0, 0x7F, 0x44, 0x00, 0x21, 0xC0, 0xFF, 0x1F, 0xC0, 0xFF, 0x44, 0x00, 0x21, 0xC0, 0xFF, 0x3F,
        0xB0, 0x7F, 0x44, 0x00, 0x21, 0xC0, 0xFF, 0x7F, 0x60, 0xFC, 0x00, 0x00, 0x20, 0xC0, 0xFF, 0xFF,
        0x60, 0xFC, 0x00, 0x00, 0x00, 0xC0, 0xF7, 0xFF, 0x40, 0x78, 0x00, 0x00, 0x00, 0x80, 0xC3, 0x7F,
        0x00, 0x78, 0x00, 0x00, 0x00, 0x80, 0x03, 0x00, 0x00, 0x70, 0x00, 0x00, 0x20, 0x80, 0x03, 0x00,
        0x00, 0x71, 0x00, 0x00, 0x20, 0x80, 0x07, 0x00, 0x00, 0xE3, 0x00, 0x00, 0x20, 0x00, 0x07, 0x00,
        0x00, 0xC2, 0x01, 0x00, 0x60, 0x80, 0x07, 0x00, 0x00, 0x80, 0x03, 0x00, 0x60, 0xC0, 0x07, 0x00,
        0x04, 0xC0, 0x0F, 0x00, 0xE0, 0xC3, 0x0F, 0x00, 0x0C, 0xC0, 0xFF, 0x00, 0xFE, 0xE3, 0x0F, 0x00,
        0x1E, 0xC0, 0xFF, 0xFF, 0xFF, 0xE3, 0x0F, 0x00, 0x3E, 0xC0, 0xFF, 0xFF, 0xFF, 0xFF, 0x0F, 0x00,
        0x3C, 0xFC, 0xFF, 0xFF, 0xFF, 0xFF, 0x1F, 0x00, 0x7C, 0xFE, 0xFF, 0xFF, 0xFF, 0xFF, 0x1F, 0x00,
        0xFC, 0xFE, 0xFF, 0xFF, 0xFF, 0xFF, 0x1F, 0x00, 0xFC, 0xFF, 0xFF, 0xFF, 0xFF, 0xFF, 0x1F, 0x00,
        0xF8, 0xFF, 0xFF, 0xEF, 0xFF, 0xFF, 0x3F, 0x00, 0xF8, 0xFF, 0xFF, 0xC7, 0xFF, 0xFF, 0x3F, 0x00
    },
    {
        0x00, 0x00, 0x00, 0x00, 0x00, 0x00, 0x00, 0x00, 0x00, 0x00, 0x00, 0x00, 0x00, 0x00, 0x00, 0x00,
        0x00, 0x00, 0x00, 0x00, 0x00, 0x00, 0x00, 0x00, 0x00, 0x00, 0x00, 0x00, 0x00, 0x00, 0x00, 0x00,
        0x00, 0x00, 0x00, 0x00, 0x00, 0x00, 0x00, 0x00, 0x00, 0x00, 0x00, 0x0C, 0x00, 0x00, 0x00, 0x00,
        0x00, 0x00, 0x00, 0x00, 0x00, 0x00, 0x00, 0x00, 0x00, 0x00, 0x00, 0x00, 0x00, 0x00, 0x00, 0x00,
        0x00, 0x00, 0x00, 0x18, 0x00, 0x00, 0x00, 0x00, 0x00, 0x00, 0x00, 0x07, 0x10, 0x00, 0x00, 0x00,
        0x00, 0x3C, 0x88, 0x01, 0xF8, 0x07, 0x00, 0x00, 0x00, 0x7E, 0x8F, 0x3C, 0xF8, 0x3F, 0x00, 0x00,
        0x00, 0xFE, 0x8F, 0x64, 0xF8, 0xFF, 0x00, 0x00, 0x00, 0xFF, 0x8F, 0x01, 0xF8, 0xFF, 0x03, 0x00,
        0xF0, 0xFB, 0x0F, 0x13, 0xF8, 0xFF, 0x0F, 0x00, 0xF8, 0xF1, 0x1F, 0x0E, 0xF8, 0xFF, 0x1F, 0x00,
        0x18, 0xF1, 0x1F, 0x0C, 0xFC, 0xFF, 0x7F, 0x00, 0x18, 0xF0, 0x1F, 0x04, 0xFC, 0xFF, 0x7F, 0x00,
        0x38, 0xE0, 0x1F, 0x00, 0xFC, 0xFF, 0xFF, 0x00, 0x70, 0xC0, 0xBF, 0xFF, 0xFF, 0xFF, 0x7F, 0x00,
        0x40, 0xC0, 0xFF, 0xFF, 0xFF, 0xFF, 0x7F, 0x00, 0x20, 0xFC, 0xFF, 0xFF, 0xFF, 0xFF, 0x3F, 0x00,
        0x30, 0xFC, 0xFF, 0xFF, 0xFF, 0xFF, 0x3F, 0x00, 0x78, 0xFE, 0xFF, 0xFF, 0xFF, 0xFF, 0x1F, 0x00,
        0xF8, 0xFF, 0xFF, 0xFF, 0xFF, 0xFF, 0x1F, 0x00, 0xF8, 0xFF, 0xFF, 0xFF, 0xFF, 0xFF, 0x3F, 0x00,
        0xF0, 0xFF, 0xFF, 0xFF, 0xFF, 0xFF, 0x3F, 0x00, 0xC0, 0xFF, 0xFF, 0xFF, 0xFF, 0xFF, 0x7F, 0x00,
        0x80, 0xFF, 0xFF, 0xFF, 0xFF, 0xFF, 0x7F, 0x00, 0xC0, 0xFF, 0xFF, 0xFF, 0xFF, 0xFF, 0xFF, 0x00,
        0xC0, 0xFF, 0xFF, 0xF9, 0xFF, 0xFF, 0x3F, 0x00, 0x00, 0xFE, 0xFF, 0xF9, 0xFF, 0xFF, 0x3F, 0x00,
        0x00, 0xDC, 0xFF, 0xFD, 0xFF, 0xE1, 0x3F, 0x00, 0x00, 0xFC, 0xFF, 0xFF, 0xEF, 0x01, 0x3D, 0x00,
        0x00, 0xFC, 0xFF, 0xFF, 0xD7, 0x01, 0x79, 0x00, 0x00, 0xFC, 0xFF, 0xFF, 0x87, 0x01, 0x7F, 0x00,
        0x00, 0xFE, 0xEF, 0xFF, 0x03, 0x81, 0x7F, 0x00, 0x80, 0xFF, 0xE3, 0xFF, 0x01, 0x81, 0xFF, 0x00,
        0xC0, 0xFF, 0xF0, 0xFF, 0x01, 0xC0, 0xFF, 0x01, 0xC0, 0x7F, 0xF0, 0x7F, 0x18, 0xC0, 0xFF, 0x03,
        0x80, 0x7F, 0xB0, 0x3F, 0x3E, 0xFC, 0xFF, 0x03, 0x80, 0x7F, 0xF8, 0x03, 0x3E, 0xCC, 0xFF, 0x07,
        0x80, 0x7F, 0x6C, 0x00, 0x73, 0x8E, 0xFF, 0x0F, 0x00, 0x7F, 0x44, 0x00, 0x61, 0x86, 0xFF, 0x1F,
        0x00, 0xFF, 0x44, 0x00, 0x61, 0x80, 0xFF, 0x1F, 0x00, 0xFD, 0x40, 0x00, 0x20, 0x80, 0xFF, 0x3F,
        0xC0, 0xFC, 0x00, 0x00, 0x00, 0x80, 0xFF, 0x7F, 0xC0, 0xFC, 0x00, 0x00, 0x00, 0x80, 0xF3, 0xFF,
        0x80, 0x79, 0x00, 0x00, 0x00, 0x80, 0x83, 0x7F, 0x80, 0x79, 0x00, 0x00, 0x00, 0x80, 0x03, 0x00,
        0x00, 0x70, 0x00, 0x00, 0x00, 0x80, 0x03, 0x00, 0x00, 0xF0, 0x00, 0x00, 0x00, 0x80, 0x07, 0x00,
        0x00, 0xE0, 0x01, 0x00, 0x00, 0x80, 0x07, 0x00, 0x00, 0xC4, 0x01, 0x00, 0x00, 0x80, 0x07, 0x00,
        0x00, 0xCC, 0x07, 0x00, 0x00, 0x80, 0x07, 0x00, 0x08, 0xC8, 0x3F, 0x00, 0x10, 0x80, 0x07, 0x00,
        0x18, 0xD0, 0xFF, 0x83, 0x3F, 0xC0, 0x07, 0x00, 0x38, 0xD0, 0xFF, 0xFF, 0xFF, 0xC1, 0x0F, 0x00,
        0x38, 0xE0, 0xFF, 0xFF, 0xFF, 0xE3, 0x0F, 0x00, 0x18, 0xE0, 0xFF, 0xFF, 0xFF, 0xF3, 0x0F, 0x00,
        0x18, 0xF0, 0xFF, 0xFF, 0xFF, 0xFF, 0x0F, 0x00, 0x38, 0xF8, 0xFF, 0xFF, 0xFF, 0xFF, 0x0F, 0x00,
        0xF8, 0xFD, 0xFF, 0xFF, 0xFF, 0xFF, 0x1F, 0x00, 0xF8, 0xFF, 0xFF, 0xCF, 0xFF, 0xFF, 0x1F, 0x00
    },
    {
        0x00, 0x00, 0x00, 0x00, 0x00, 0x00, 0x00, 0x00, 0x00, 0x00, 0x00, 0x00, 0x00, 0x00, 0x00, 0x00,
        0x00, 0x00, 0x00, 0x00, 0x00, 0x00, 0x00, 0x00, 0x00, 0x00, 0x00, 0x00, 0x00, 0x00, 0x00, 0x00,
        0x00, 0x00, 0x00, 0x00, 0x00, 0x00, 0x00, 0x00, 0x00, 0x00, 0x00, 0x00, 0x00, 0x00, 0x00, 0x00,
        0x00, 0x00, 0x00, 0x00, 0x00, 0x00, 0x00, 0x00, 0x00, 0x00, 0x00, 0x00, 0x00, 0x00, 0x00, 0x00,
        0x00, 0x00, 0x00, 0x00, 0x00, 0x00, 0x00, 0x00, 0x00, 0x00, 0x00, 0x0C, 0x00, 0x00, 0x00, 0x00,
        0x00, 0x10, 0x00, 0x03, 0xF0, 0x01, 0x00, 0x00, 0x00, 0x7C, 0x8C, 0x19, 0xF0, 0x1F, 0x00, 0x00,
        0x00, 0xFE, 0x9F, 0x69, 0xF0, 0x7F, 0x00, 0x00, 0x00, 0xFE, 0x9F, 0x21, 0xF8, 0xFF, 0x03, 0x00,
        0x60, 0xFF, 0x1F, 0x03, 0xF8, 0xFF, 0x07, 0x00, 0xF0, 0xF1, 0x1F, 0x16, 0xF8, 0xFF, 0x1F, 0x00,
        0x38, 0xF1, 0x1F, 0x0C, 0xF8, 0xFF, 0x3F, 0x00, 0x38, 0xF0, 0x1F, 0x08, 0xF8, 0xFF, 0x7F, 0x00,
        0x38, 0x70, 0x1F, 0x00, 0xFC, 0xFF, 0xFF, 0x00, 0x70, 0xC0, 0x3F, 0xF8, 0xFF, 0xFF, 0xFF, 0x00,
        0x40, 0xC0, 0xFF, 0xFF, 0xFF, 0xFF, 0x7F, 0x00, 0x60, 0xC4, 0xFF, 0xFF, 0xFF, 0xFF, 0x7F, 0x00,
        0x20, 0xFC, 0xFF, 0xFF, 0xFF, 0xFF, 0x3F, 0x00, 0x70, 0xFC, 0xFF, 0xFF, 0xFF, 0xFF, 0x1F, 0x00,
        0xF0, 0xFF, 0xFF, 0xFF, 0xFF, 0xFF, 0x1F, 0x00, 0xF8, 0xFF, 0xFF, 0xFF, 0xFF, 0xFF, 0x1F, 0x00,
        0xF0, 0xFF, 0xFF, 0xFF, 0xFF, 0xFF, 0x3F, 0x00, 0xE0, 0xFF, 0xFF, 0xFF, 0xFF, 0xFF, 0x7F, 0x00,
        0x80, 0xFF, 0xFF, 0xFF, 0xFF, 0xFF, 0x7F, 0x00, 0xC0, 0xFF, 0xFF, 0xFF, 0xFF, 0xFF, 0xFF, 0x00,
        0xC0, 0xFF, 0xFF, 0xFB, 0xFF, 0xFF, 0xFF, 0x00, 0x00, 0xFF, 0xFF, 0xF9, 0xFF, 0xFF, 0x3F, 0x00,
        0x00, 0xFE, 0xFF, 0xF9, 0xFF, 0xFF, 0x3F, 0x00, 0x00, 0xDC, 0xFF, 0xFD, 0xFF, 0xFF, 0x3F, 0x00,
        0x00, 0xFC, 0xFF, 0xFF, 0xFF, 0x03, 0x7C, 0x00, 0x00, 0xFC, 0xFF, 0xFF, 0xC7, 0x07, 0x7C, 0x00,
        0x00, 0xFE, 0xEF, 0xFF, 0x87, 0x07, 0x7C, 0x00, 0x80, 0xFF, 0xE7, 0xFF, 0x03, 0x07, 0x7C, 0x00,
        0x80, 0xFF, 0xF1, 0xFF, 0x01, 0x06, 0xFE, 0x01, 0xC0, 0xFF, 0xF0, 0xFF, 0x00, 0x0C, 0xFE, 0x01,
        0xC0, 0x7F, 0xB0, 0x3F, 0x1C, 0x00, 0xFE, 0x03, 0x00, 0xFE, 0xF8, 0x0F, 0x3E, 0x60, 0xFF, 0x03,
        0x00, 0xFC, 0x78, 0x00, 0x76, 0xE0, 0xFF, 0x07, 0x00, 0xFC, 0x40, 0x00, 0x62, 0x70, 0xFE, 0x0F,
        0x08, 0xF8, 0x40, 0x00, 0x62, 0x30, 0xFE, 0x1F, 0x1C, 0xF8, 0x40, 0x00, 0x62, 0x00, 0xFC, 0x1F,
        0x1E, 0xF8, 0x00, 0x00, 0x20, 0x00, 0xFC, 0x3F, 0x00, 0xFC, 0x00, 0x00, 0x00, 0x00, 0xFC, 0x7F,
        0x00, 0xFC, 0x00, 0x00, 0x00, 0x00, 0xE0, 0xFF, 0x00, 0xEC, 0x00, 0x00, 0x00, 0x00, 0x02, 0x3E,
        0x00, 0xC8, 0x00, 0x00, 0x00, 0x00, 0x02, 0x00, 0x00, 0xE0, 0x00, 0x00, 0x00, 0x00, 0x03, 0x00,
        0x00, 0xE0, 0x00, 0x00, 0x00, 0x00, 0x02, 0x00, 0x00, 0xE0, 0x01, 0x00, 0x00, 0x00, 0x06, 0x00,
        0x00, 0xF0, 0x07, 0x00, 0x00, 0x00, 0x02, 0x00, 0x00, 0xF0, 0x1F, 0x00, 0x00, 0x00, 0x07, 0x00,
        0x60, 0xE0, 0xFF, 0x00, 0x1C, 0x00, 0x07, 0x00, 0x60, 0xE0, 0xFF, 0xFF, 0x5F, 0x80, 0x07, 0x00,
        0x70, 0xC0, 0xFF, 0xFF, 0xFF, 0xC3, 0x07, 0x00, 0x30, 0xC0, 0xFF, 0xFF, 0xFF, 0xC3, 0x07, 0x00,
        0x30, 0xE0, 0xFF, 0xFF, 0xFF, 0xF3, 0x07, 0x00, 0x10, 0xE0, 0xFF, 0xFF, 0xFF, 0xFF, 0x07, 0x00,
        0x70, 0xF2, 0xFF, 0xFF, 0xFF, 0xFF, 0x0F, 0x00, 0xF0, 0xFB, 0xFF, 0xFF, 0xFF, 0xFF, 0x0F, 0x00
    },
    {
        0x00, 0x00, 0x00, 0x00, 0x00, 0x00, 0x00, 0x00, 0x00, 0x00, 0x00, 0x00, 0x00, 0x00, 0x00, 0x00,
        0x00, 0x00, 0x00, 0x00, 0x00, 0x00, 0x00, 0x00, 0x00, 0x00, 0x00, 0x00, 0x00, 0x00, 0x00, 0x00,
        0x00, 0x00, 0x00, 0x00, 0x00, 0x00, 0x00, 0x00, 0x00, 0x00, 0x00, 0x00, 0x00, 0x00, 0x00, 0x00,
        0x00, 0x00, 0x00, 0x08, 0x00, 0x00, 0x00, 0x00, 0x00, 0x00, 0x00, 0x00, 0x00, 0x00, 0x00, 0x00,
        0x00, 0x00, 0x00, 0x10, 0x00, 0x00, 0x00, 0x00, 0x00, 0x00, 0x00, 0x14, 0x00, 0x00, 0x00, 0x00,
        0x00, 0x00, 0x00, 0x06, 0xF0, 0x01, 0x00, 0x00, 0x00, 0x78, 0x18, 0x21, 0xF0, 0x1F, 0x00, 0x00,
        0x00, 0xFC, 0x1F, 0x69, 0xF0, 0xFF, 0x00, 0x00, 0x00, 0xFE, 0x1F, 0x43, 0xF0, 0xFF, 0x03, 0x00,
        0x40, 0xFE, 0x1F, 0x23, 0xF0, 0xFF, 0x0F, 0x00, 0xF0, 0xF3, 0x3F, 0x14, 0xF0, 0xFF, 0x1F, 0x00,
        0x70, 0xE1, 0x1F, 0x1C, 0xF8, 0xFF, 0x7F, 0x00, 0x30, 0xE0, 0x3F, 0x08, 0xF8, 0xFF, 0xFF, 0x00,
        0x30, 0xF0, 0x3F, 0x08, 0xF8, 0xFF, 0xFF, 0x00, 0x70, 0xC0, 0x3F, 0x08, 0xF8, 0xFF, 0xFF, 0x00,
        0xC0, 0x80, 0xFF, 0xFF, 0xFF, 0xFF, 0xFF, 0x00, 0x40, 0xC0, 0xFF, 0xFF, 0xFF, 0xFF, 0x7F, 0x00,
        0x60, 0xF8, 0xFF, 0xFF, 0xFF, 0xFF, 0x7F, 0x00, 0x60, 0xFC, 0xFF, 0xFF, 0xFF, 0xFF, 0x3F, 0x00,
        0xF0, 0xFF, 0xFF, 0xFF, 0xFF, 0xFF, 0x1F, 0x00, 0xF0, 0xFF, 0xFF, 0xFF, 0xFF, 0xFF, 0x3F, 0x00,
        0xF0, 0xFF, 0xFF, 0xFF, 0xFF, 0xFF, 0x7F, 0x00, 0xC0, 0xFF, 0xFF, 0xFF, 0xFF, 0xFF, 0x7F, 0x00,
        0x80, 0xFF, 0xFF, 0xFF, 0xFF, 0xFF, 0xFF, 0x00, 0x80, 0xFF, 0xFF, 0xFF, 0xFF, 0xFF, 0xFF, 0x00,
        0x80, 0xFF, 0xFF, 0xFB, 0xFF, 0xFF, 0xFF, 0x01, 0x80, 0xFF, 0xFF, 0xF3, 0xFF, 0xFF, 0x3F, 0x00,
        0x00, 0xBE, 0xFF, 0xF9, 0xFF, 0xFF, 0x3F, 0x00, 0x00, 0xB8, 0xFF, 0xDD, 0xFF, 0xFF, 0x7F, 0x00,
        0x00, 0xF8, 0xFF, 0xFF, 0xDF, 0x0F, 0x7C, 0x00, 0x00, 0xFD, 0xFF, 0xFF, 0x8F, 0x07, 0xF8, 0x00,
        0x00, 0xFC, 0xFF, 0xFF, 0x87, 0x07, 0x78, 0x00, 0x00, 0xFF, 0xE7, 0xFF, 0x03, 0x0E, 0x78, 0x00,
        0x80, 0xFF, 0xE3, 0xFF, 0x03, 0x1E, 0xF8, 0x01, 0xC0, 0xFF, 0xF0, 0xFF, 0x00, 0x1C, 0xF8, 0x01,
        0x00, 0xF0, 0xB0, 0x7F, 0x1C, 0x38, 0xF8, 0x03, 0x00, 0xE0, 0xF0, 0x0F, 0x7C, 0x30, 0xFF, 0x07,
        0x30, 0xE0, 0xF8, 0x00, 0x66, 0x90, 0xFF, 0x07, 0x70, 0xC0, 0xC8, 0x00, 0x42, 0x88, 0xF1, 0x0F,
        0xF8, 0xC0, 0x89, 0x00, 0x42, 0xC8, 0xF0, 0x1F, 0xFE, 0xC1, 0x08, 0x00, 0x42, 0x08, 0xF0, 0x1F,
        0x1C, 0xE0, 0x09, 0x00, 0x40, 0x0C, 0xF0, 0x3F, 0x00, 0xB0, 0x01, 0x00, 0x00, 0x0C, 0xF0, 0x7F,
        0x00, 0xE0, 0x00, 0x00, 0x00, 0x0E, 0xE0, 0xFF, 0x00, 0x20, 0x00, 0x00, 0x00, 0x07, 0x80, 0xFF,
        0x00, 0x00, 0x00, 0x00, 0x80, 0x01, 0x00, 0x00, 0x00, 0x80, 0x00, 0x00, 0x80, 0x00, 0x00, 0x00,
        0x00, 0x80, 0x01, 0x00, 0x00, 0x00, 0x00, 0x00, 0x00, 0xC0, 0x01, 0x00, 0x00, 0x00, 0x00, 0x00,
        0x80, 0xC0, 0x07, 0x00, 0x00, 0x00, 0x08, 0x00, 0xC0, 0xC0, 0x1F, 0x00, 0x00, 0x00, 0x08, 0x00,
        0xE0, 0xC0, 0xFF, 0x00, 0x70, 0x00, 0x0C, 0x00, 0x60, 0x80, 0xFF, 0xFF, 0xFF, 0x0F, 0x0E, 0x00,
        0x20, 0x80, 0xFF, 0xFF, 0xFF, 0x0F, 0x07, 0x00, 0x00, 0x80, 0xFF, 0xFF, 0xFF, 0x8F, 0x07, 0x00,
        0x30, 0xC0, 0xFF, 0xFF, 0xFF, 0xE7, 0x07, 0x00, 0xF0, 0xE3, 0xFF, 0xFF, 0xFF, 0xFF, 0x07, 0x00,
        0xF0, 0xFF, 0xFF, 0xFF, 0xFF, 0xFF, 0x07, 0x00, 0xF0, 0xFF, 0xFF, 0xDF, 0xFF, 0xFF, 0x07, 0x00
    },
    {
        0x00, 0x00, 0x00, 0x00, 0x00, 0x00, 0x00, 0x00, 0x00, 0x00, 0x00, 0x00, 0x00, 0x00, 0x00, 0x00,
        0x00, 0x00, 0x00, 0x00, 0x00, 0x00, 0x00, 0x00, 0x00, 0x00, 0x00, 0x00, 0x00, 0x00, 0x00, 0x00,
        0x00, 0x00, 0x00, 0x00, 0x00, 0x00, 0x00, 0x00, 0x00, 0x00, 0x00, 0x00, 0x00, 0x00, 0x00, 0x00,
        0x00, 0x00, 0x00, 0x00, 0x00, 0x00, 0x00, 0x00, 0x00, 0x00, 0x00, 0x00, 0x00, 0x00, 0x00, 0x00,
        0x00, 0x00, 0x00, 0x20, 0x00, 0x00, 0x00, 0x00, 0x00, 0x00, 0x00, 0x28, 0x00, 0x00, 0x00, 0x00,
        0x00, 0x20, 0x00, 0x07, 0xF0, 0x03, 0x00, 0x00, 0x00, 0xF8, 0x1C, 0x31, 0xE0, 0x3F, 0x00, 0x00,
        0x00, 0xFC, 0x1F, 0xCB, 0xF0, 0xFF, 0x01, 0x00, 0x00, 0xFC, 0x1F, 0xC3, 0xF0, 0xFF, 0x03, 0x00,
        0xC0, 0xFE, 0x3F, 0x26, 0xF0, 0xFF, 0x0F, 0x00, 0xE0, 0xE3, 0x3F, 0x0C, 0xF0, 0xFF, 0x3F, 0x00,
        0x70, 0xE3, 0x3F, 0x18, 0xF0, 0xFF, 0x7F, 0x00, 0x30, 0xE0, 0x3F, 0x18, 0xF0, 0xFF, 0xFF, 0x00,
        0x70, 0xE0, 0x3F, 0x10, 0xF8, 0xFF, 0xFF, 0x01, 0xE0, 0x80, 0x3F, 0x3A, 0xFE, 0xFF, 0xFF, 0x01,
        0xC0, 0x80, 0xFF, 0xFF, 0xFF, 0xFF, 0xFF, 0x00, 0xC0, 0xC8, 0xFF, 0xFF, 0xFF, 0xFF, 0xFF, 0x00,
        0x60, 0xF8, 0xFF, 0xFF, 0xFF, 0xFF, 0x7F, 0x00, 0xE0, 0xFC, 0xFF, 0xFF, 0xFF, 0xFF, 0x3F, 0x00,
        0xF0, 0xFF, 0xFF, 0xFF, 0xFF, 0xFF, 0x3F, 0x00, 0xF0, 0xFF, 0xFF, 0xFF, 0xFF, 0xFF, 0x3F, 0x00,
        0xE0, 0xFF, 0xFF, 0xFF, 0xFF, 0xFF, 0x7F, 0x00, 0xC0, 0xFF, 0xFF, 0xFF, 0xFF, 0xFF, 0xFF, 0x00,
        0x00, 0xFF, 0xFF, 0xFF, 0xFF, 0xFF, 0xFF, 0x00, 0x80, 0xFF, 0xFF, 0xFF, 0xFF, 0xFF, 0xFF, 0x01,
        0x80, 0xFF, 0xFF, 0xF3, 0xFF, 0xFF, 0xFF, 0x01, 0x00, 0xFE, 0xFF, 0xF3, 0xFF, 0xFF, 0x3F, 0x00,
        0x00, 0xBC, 0xFF, 0xFB, 0xFF, 0x7F, 0x78, 0x00, 0x00, 0xBA, 0xFF, 0xFF, 0xFF, 0x0F, 0x78, 0x00,
        0x00, 0xF8, 0xFF, 0xFF, 0xFF, 0x0F, 0x70, 0x00, 0x00, 0xF8, 0xFF, 0xFF, 0x8F, 0x0F, 0xF0, 0x00,
        0x00, 0xFC, 0xDF, 0xFF, 0x0F, 0x1F, 0xF0, 0x00, 0x00, 0xFF, 0xE7, 0xFF, 0x07, 0x3E, 0xF0, 0x00,
        0x00, 0xC0, 0xE3, 0xFF, 0x03, 0x7E, 0xF0, 0x01, 0x00, 0x80, 0xE0, 0xFF, 0x01, 0x78, 0xF0, 0x03,
        0xC0, 0x80, 0xC0, 0x7F, 0x38, 0x70, 0xFE, 0x03, 0xC0, 0x81, 0xF0, 0x0F, 0x7C, 0x30, 0xE7, 0x07,
        0xE0, 0x83, 0xD0, 0x00, 0x6C, 0x10, 0xC3, 0x0F, 0xF0, 0x03, 0x89, 0x00, 0xC2, 0x30, 0xC3, 0x1F,
        0xF8, 0xC3, 0x88, 0x00, 0xC0, 0x18, 0xC0, 0x1F, 0xFC, 0x41, 0x89, 0x00, 0x44, 0x38, 0xC0, 0x3F,
        0x00, 0xC0, 0x01, 0x00, 0x40, 0x38, 0xC0, 0x7F, 0x00, 0x40, 0x00, 0x00, 0x00, 0x3C, 0xC0, 0x7F,
        0x00, 0x00, 0x00, 0x00, 0x00, 0x1C, 0xC0, 0xFF, 0x00, 0x00, 0x00, 0x00, 0x00, 0x0E, 0x00, 0x7E,
        0x00, 0x80, 0x00, 0x00, 0x00, 0x07, 0x00, 0x00, 0x80, 0x80, 0x00, 0x00, 0x80, 0x03, 0x00, 0x00,
        0xC0, 0xC1, 0x01, 0x00, 0x00, 0x00, 0x20, 0x00, 0xC0, 0xC0, 0x03, 0x00, 0x00, 0x00, 0x20, 0x00,
        0x60, 0xC0, 0x0F, 0x00, 0x00, 0x00, 0x30, 0x00, 0x60, 0x80, 0x3F, 0x00, 0x00, 0x03, 0x30, 0x00,
        0x00, 0x80, 0xFF, 0x01, 0xF0, 0x3F, 0x38, 0x00, 0x10, 0xC0, 0xFF, 0xFF, 0xFF, 0x3F, 0x1C, 0x00,
        0xF0, 0xC0, 0xFF, 0xFF, 0xFF, 0x1F, 0x1F, 0x00, 0xF0, 0xF3, 0xFF, 0xFF, 0xFF, 0xFF, 0x1F, 0x00,
        0xF8, 0xFF, 0xFF, 0xFF, 0xFF, 0xFF, 0x1F, 0x00, 0xF8, 0xFF, 0xFF, 0xFF, 0xFF, 0xFF, 0x0F, 0x00,
        0xF8, 0xFF, 0xFF, 0xFF, 0xFF, 0xFF, 0x0F, 0x00, 0xF8, 0xFF, 0xFF, 0xDF, 0xFF, 0xFF, 0x0F, 0x00
    },
    {
        0x00, 0x00, 0x00, 0x00, 0x00, 0x00, 0x00, 0x00, 0x00, 0x00, 0x00, 0x00, 0x00, 0x00, 0x00, 0x00,
        0x00, 0x00, 0x00, 0x00, 0x00, 0x00, 0x00, 0x00, 0x00, 0x00, 0x00, 0x00, 0x00, 0x00, 0x00, 0x00,
        0x00, 0x00, 0x00, 0x00, 0x00, 0x00, 0x00, 0x00, 0x00, 0x00, 0x00, 0x08, 0x00, 0x00, 0x00, 0x00,
        0x00, 0x00, 0x00, 0x08, 0x00, 0x00, 0x00, 0x00, 0x00, 0x00, 0x00, 0x00, 0x00, 0x00, 0x00, 0x00,
        0x00, 0x00, 0x00, 0x20, 0x00, 0x00, 0x00, 0x00, 0x00, 0x00, 0x00, 0x18, 0x00, 0x00, 0x00, 0x00,
        0x00, 0x70, 0x00, 0x02, 0xE0, 0x07, 0x00, 0x00, 0x00, 0xF8, 0x3C, 0x53, 0xE0, 0x7F, 0x00, 0x00,
        0x00, 0xFC, 0x3F, 0xD3, 0xE0, 0xFF, 0x01, 0x00, 0x00, 0xFC, 0x3F, 0xC7, 0xF0, 0xFF, 0x07, 0x00,
        0xE0, 0xF7, 0x3F, 0x26, 0xF0, 0xFF, 0x1F, 0x00, 0xE0, 0xE3, 0x3F, 0x28, 0xF0, 0xFF, 0x7F, 0x00,
        0x70, 0xE2, 0x3F, 0x18, 0xF0, 0xFF, 0xFF, 0x00, 0x70, 0xE0, 0x3F, 0x10, 0xF0, 0xFF, 0xFF, 0x01,
        0x70, 0xC0, 0x7F, 0x10, 0xF0, 0xFF, 0xFF, 0x01, 0xE0, 0x80, 0x7F, 0xFC, 0xFF, 0xFF, 0xFF, 0x01,
        0x80, 0x80, 0xFF, 0xFF, 0xFF, 0xFF, 0xFF, 0x00, 0xC0, 0xD8, 0xFF, 0xFF, 0xFF, 0xFF, 0xFF, 0x00,
        0xE0, 0xF8, 0xFF, 0xFF, 0xFF, 0xFF, 0x7F, 0x00, 0xE0, 0xFC, 0xFF, 0xFF, 0xFF, 0xFF, 0x3F, 0x00,
        0xE0, 0xFF, 0xFE, 0xFF, 0xFF, 0xFF, 0x3F, 0x00, 0xE0, 0xFF, 0xFF, 0xFF, 0xFF, 0xFF, 0x7F, 0x00,
        0xE0, 0xFF, 0xFF, 0xFF, 0xFF, 0xFF, 0x7F, 0x00, 0x80, 0xFF, 0xFF, 0xFF, 0xFF, 0xFF, 0xFF, 0x00,
        0x00, 0xFF, 0xFF, 0xFF, 0xFF, 0xFF, 0xFF, 0x01, 0x80, 0xFF, 0xFF, 0xFF, 0xFF, 0xFF, 0xFF, 0x01,
        0x80, 0xFF, 0xFF, 0xF7, 0xFF, 0xFF, 0x7F, 0x00, 0x00, 0xFC, 0xFF, 0xF3, 0xFF, 0x3F, 0x60, 0x00,
        0x00, 0x78, 0xFF, 0xF3, 0xFF, 0x1F, 0x60, 0x00, 0x00, 0xF0, 0xFF, 0xFF, 0xFF, 0x3F, 0x60, 0x00,
        0x00, 0xFA, 0xFF, 0xFF, 0xFF, 0x3F, 0xE0, 0x00, 0x00, 0xFE, 0xFF, 0xFF, 0x0F, 0x7F, 0xE0, 0x00,
        0x00, 0x80, 0xDF, 0xFF, 0x0F, 0x7E, 0xE0, 0x00, 0x00, 0x80, 0xC7, 0xFF, 0x07, 0xFE, 0xF0, 0x03,
        0x00, 0x01, 0xE3, 0xFF, 0x03, 0xFC, 0xFE, 0x03, 0x80, 0x03, 0xE0, 0xFF, 0x01, 0x78, 0xFC, 0x07,
        0x80, 0x03, 0x60, 0x7F, 0x78, 0x70, 0xC6, 0x07, 0xC0, 0x07, 0xF0, 0x0F, 0x7C, 0x30, 0xC7, 0x0F,
        0xE0, 0x47, 0xD1, 0x00, 0xCC, 0x30, 0x80, 0x0F, 0xE0, 0xC3, 0x81, 0x00, 0x84, 0x30, 0x80, 0x1F,
        0xF0, 0x41, 0x81, 0x00, 0xC4, 0x70, 0x80, 0x3F, 0xFC, 0xC1, 0x80, 0x00, 0xC4, 0x78, 0x80, 0x7F,
        0x00, 0x00, 0x00, 0x00, 0x00, 0x78, 0xC0, 0xFF, 0x00, 0x00, 0x01, 0x00, 0x00, 0x18, 0xC0, 0xFF,
        0x00, 0x00, 0x01, 0x00, 0x00, 0x1C, 0x80, 0xFF, 0x00, 0x81, 0x00, 0x00, 0x00, 0x1E, 0x00, 0x00,
        0x80, 0xC0, 0x00, 0x00, 0x00, 0x0F, 0x00, 0x00, 0xC0, 0xC0, 0x01, 0x00, 0x00, 0x08, 0x40, 0x00,
        0xE0, 0xC1, 0x03, 0x00, 0x00, 0x00, 0x40, 0x00, 0x60, 0xC0, 0x07, 0x00, 0x00, 0x00, 0x60, 0x00,
        0x70, 0xC0, 0x0F, 0x00, 0x00, 0x00, 0x70, 0x00, 0x30, 0xC0, 0x7F, 0x00, 0x00, 0x3F, 0x78, 0x00,
        0x30, 0xE0, 0xFF, 0x0B, 0xFC, 0x7F, 0x7C, 0x00, 0xF8, 0xF1, 0xFF, 0xFF, 0xFF, 0x7F, 0x3E, 0x00,
        0xF8, 0xFB, 0xFF, 0xFF, 0xFF, 0xFF, 0x3F, 0x00, 0xF8, 0xFF, 0xFF, 0xFF, 0xFF, 0xFF, 0x3F, 0x00,
        0xF8, 0xFF, 0xFF, 0xFF, 0xFF, 0xFF, 0x3F, 0x00, 0xF8, 0xFF, 0xFF, 0xFF, 0xFF, 0xFF, 0x3F, 0x00,
        0xF8, 0xFF, 0xFF, 0xFF, 0xFF, 0xFF, 0x1F, 0x00, 0xF8, 0xFF, 0xFF, 0xDF, 0xFF, 0xFF, 0x1F, 0x00
    },
    {
        0x00, 0x00, 0x00, 0x00, 0x00, 0x00, 0x00, 0x00, 0x00, 0x00, 0x00, 0x00, 0x00, 0x00, 0x00, 0x00,
        0x00, 0x00, 0x00, 0x00, 0x00, 0x00, 0x00, 0x00, 0x00, 0x00, 0x00, 0x00, 0x00, 0x00, 0x00, 0x00,
        0x00, 0x00, 0x00, 0x00, 0x00, 0x00, 0x00, 0x00, 0x00, 0x00, 0x00, 0x18, 0x00, 0x00, 0x00, 0x00,
        0x00, 0x00, 0x00, 0x00, 0x00, 0x00, 0x00, 0x00, 0x00, 0x00, 0x00, 0x00, 0x00, 0x00, 0x00, 0x00,
        0x00, 0x00, 0x00, 0x20, 0x00, 0x00, 0x00, 0x00, 0x00, 0x00, 0x00, 0x2C, 0x60, 0x00, 0x00, 0x00,
        0x00, 0xF0, 0x00, 0x02, 0xE0, 0x0F, 0x00, 0x00, 0x00, 0xF8, 0x3D, 0x53, 0xE0, 0x7F, 0x00, 0x00,
        0x00, 0xFC, 0x3F, 0x92, 0xE0, 0xFF, 0x03, 0x00, 0x00, 0xFC, 0x3F, 0xC6, 0xE0, 0xFF, 0x0F, 0x00,
        0xC0, 0xE7, 0x3F, 0x2C, 0xF0, 0xFF, 0x1F, 0x00, 0xE0, 0xC3, 0x3F, 0x38, 0xF0, 0xFF, 0x7F, 0x00,
        0x60, 0xC0, 0x7F, 0x10, 0xF0, 0xFF, 0xFF, 0x00, 0x70, 0xE0, 0x7F, 0x10, 0xF0, 0xFF, 0xFF, 0x01,
        0xE0, 0xC0, 0x7F, 0x00, 0xF0, 0xFF, 0xFF, 0x01, 0xC0, 0x81, 0xFF, 0xFE, 0xFF, 0xFF, 0xFF, 0x01,
        0x80, 0x80, 0xFF, 0xFF, 0xFF, 0xFF, 0xFF, 0x00, 0xC0, 0xF8, 0xFF, 0xFF, 0xFF, 0xFF, 0xFF, 0x00,
        0xE0, 0xF8, 0xFF, 0xFF, 0xFF, 0xFF, 0x7F, 0x00, 0xE0, 0xFD, 0xFF, 0xFF, 0xFF, 0xFF, 0x3F, 0x00,
        0xE0, 0xFF, 0xFF, 0xFF, 0xFF, 0xFF, 0x3F, 0x00, 0xE0, 0xFF, 0xFF, 0xFF, 0xFF, 0xFF, 0x7F, 0x00,
        0xC0, 0xFF, 0xFF, 0xFF, 0xFF, 0xFF, 0xFF, 0x00, 0x00, 0xFF, 0xFF, 0xFF, 0xFF, 0xFF, 0xFF, 0x00,
        0x00, 0xFF, 0xFF, 0xFF, 0xFF, 0xFF, 0xFF, 0x01, 0x00, 0xFF, 0xFF, 0xFF, 0xFF, 0xFF, 0xFF, 0x01,
        0x00, 0xFF, 0xFF, 0xF7, 0xFF, 0x7F, 0x00, 0x00, 0x00, 0xFC, 0xFF, 0xF3, 0xFF, 0x7F, 0x00, 0x00,
        0x00, 0x70, 0xFF, 0xF3, 0xFF, 0x7F, 0x40, 0x00, 0x00, 0xFC, 0xFF, 0xFF, 0xBF, 0xFF, 0xC0, 0x00,
        0x00, 0x82, 0xFF, 0xFF, 0x9F, 0xFF, 0xC0, 0x00, 0x00, 0x02, 0xFE, 0xFF, 0x1F, 0xFF, 0xC0, 0x01,
        0x00, 0x02, 0x9E, 0xFF, 0x0F, 0xFE, 0xE0, 0x00, 0x00, 0x03, 0xC6, 0xFF, 0x07, 0xFC, 0xFC, 0x03,
        0x00, 0x07, 0xC0, 0xFF, 0x03, 0xF8, 0xCC, 0x03, 0x00, 0x07, 0xE0, 0xFE, 0x21, 0x70, 0x8E, 0x07,
        0x80, 0x07, 0xE1, 0x7F, 0x78, 0x60, 0x86, 0x0F, 0xC0, 0xC3, 0xF1, 0x0F, 0xFC, 0x60, 0x80, 0x1F,
        0xC0, 0x43, 0x91, 0x01, 0xCC, 0x70, 0x80, 0x1F, 0xE0, 0x41, 0x01, 0x01, 0x84, 0x70, 0x80, 0x3F,
        0xF0, 0x41, 0x90, 0x00, 0x84, 0x70, 0x80, 0x7F, 0xF8, 0x01, 0x90, 0x00, 0xC4, 0xF0, 0x80, 0xFF,
        0x30, 0x00, 0x01, 0x00, 0x00, 0x70, 0x80, 0xFF, 0x00, 0x00, 0x01, 0x00, 0x00, 0x78, 0x80, 0xFF,
        0x80, 0x80, 0x01, 0x00, 0x00, 0x7C, 0x00, 0xFE, 0xC0, 0xC0, 0x01, 0x00, 0x00, 0x3C, 0x40, 0x00,
        0xE0, 0xC0, 0x01, 0x00, 0x00, 0x3E, 0xC0, 0x00, 0xE0, 0x81, 0x01, 0x00, 0x00, 0x38, 0xC0, 0x00,
        0xF0, 0x80, 0x03, 0x00, 0x00, 0x38, 0x80, 0x00, 0xF0, 0x80, 0x07, 0x00, 0x00, 0x38, 0xC0, 0x00,
        0x70, 0x00, 0x1F, 0x00, 0x00, 0xFE, 0xF0, 0x00, 0xF0, 0x80, 0x7F, 0x00, 0xC0, 0x7F, 0xF8, 0x00,
        0xF8, 0xE3, 0xFF, 0x0F, 0xFE, 0xFF, 0x7E, 0x00, 0xF8, 0xFF, 0xFF, 0xFF, 0xFF, 0xFF, 0x7F, 0x00,
        0xF8, 0x7F, 0xFF, 0xFF, 0xFF, 0xFF, 0x7F, 0x00, 0xF8, 0xFF, 0xFF, 0xFF, 0xFF, 0xFF, 0x7F, 0x00,
        0xF8, 0xFF, 0xFF, 0xFF, 0xFF, 0xFF, 0x7F, 0x00, 0xF8, 0xFF, 0xFF, 0xFF, 0xFF, 0xFF, 0x7F, 0x00,
        0xF8, 0xFF, 0xFF, 0xFF, 0xFF, 0xFF, 0x3F, 0x00, 0xF8, 0xFF, 0xFF, 0x9F, 0xFF, 0xFF, 0x3F, 0x00
    },
    {
        0x00, 0x00, 0x00, 0x00, 0x00, 0x00, 0x00, 0x00, 0x00, 0x00, 0x00, 0x00, 0x00, 0x00, 0x00, 0x00,
        0x00, 0x00, 0x00, 0x00, 0x00, 0x00, 0x00, 0x00, 0x00, 0x00, 0x00, 0x00, 0x00, 0x00, 0x00, 0x00,
        0x00, 0x00, 0x00, 0x00, 0x00, 0x00, 0x00, 0x00, 0x00, 0x00, 0x00, 0x10, 0x00, 0x00, 0x00, 0x00,
        0x00, 0x00, 0x00, 0x20, 0x00, 0x00, 0x00, 0x00, 0x00, 0x00, 0x00, 0x00, 0x00, 0x00, 0x00, 0x00,
        0x00, 0x00, 0x00, 0x30, 0x00, 0x00, 0x00, 0x00, 0x00, 0x00, 0x00, 0x0C, 0x60, 0x00, 0x00, 0x00,
        0x00, 0xF0, 0x10, 0x02, 0xE0, 0x0F, 0x00, 0x00, 0x00, 0xF8, 0x3D, 0x52, 0xE0, 0xFF, 0x00, 0x00,
        0x00, 0xFC, 0x3F, 0x82, 0xE1, 0xFF, 0x03, 0x00, 0x00, 0xFC, 0x3F, 0x46, 0xE0, 0xFF, 0x0F, 0x00,
        0xE0, 0xE7, 0x3F, 0x6C, 0xF0, 0xFF, 0x3F, 0x00, 0xE0, 0xC3, 0x3F, 0x38, 0xF0, 0xFF, 0x7F, 0x00,
        0x60, 0xC0, 0x7F, 0x18, 0xF0, 0xFF, 0xFF, 0x00, 0x60, 0xE0, 0x7F, 0x10, 0xF0, 0xFF, 0xFF, 0x01,
        0x60, 0x80, 0x7F, 0x10, 0xF0, 0xFF, 0xFF, 0x01, 0xC0, 0x81, 0x7F, 0xFF, 0xFF, 0xFF, 0xFF, 0x01,
        0x80, 0x80, 0xFF, 0xFF, 0xFF, 0xFF, 0xFF, 0x00, 0xC0, 0xF0, 0xFF, 0xFF, 0xFF, 0xFF, 0xFF, 0x00,
        0xC0, 0xF8, 0xFF, 0xFF, 0xFF, 0xFF, 0x7F, 0x00, 0xE0, 0xFD, 0xFF, 0xFF, 0xFF, 0xFF, 0x3F, 0x00,
        0xE0, 0xFF, 0xFF, 0xFF, 0xFF, 0xFF, 0x3F, 0x00, 0xE0, 0xFF, 0xFF, 0xFF, 0xFF, 0xFF, 0x7F, 0x00,
        0xC0, 0xFF, 0xFF, 0xFF, 0xFF, 0xFF, 0xFF, 0x00, 0x00, 0xFF, 0xFF, 0xFF, 0xFF, 0xFF, 0xFF, 0x01,
        0x00, 0xFF, 0xFF, 0xFF, 0xFF, 0xFF, 0xFF, 0x01, 0x00, 0xFF, 0xFF, 0xFF, 0xFF, 0xFF, 0xF3, 0x03,
        0x00, 0xFF, 0xFF, 0xE7, 0xFF, 0xFF, 0x01, 0x00, 0x00, 0xFC, 0xFF, 0xF3, 0xFF, 0xFF, 0x01, 0x00,
        0x00, 0x70, 0xFF, 0xF3, 0xFF, 0xFF, 0x01, 0x00, 0x00, 0xF8, 0xFF, 0xFF, 0xBF, 0xFF, 0x81, 0x00,
        0x00, 0x00, 0xFE, 0xFF, 0x3F, 0xFF, 0x81, 0x01, 0x00, 0x06, 0xFC, 0xFF, 0x0F, 0xFF, 0xC1, 0x01,
        0x00, 0x04, 0x9C, 0xFF, 0x0F, 0xFE, 0xE1, 0x03, 0x00, 0x06, 0xCC, 0xFF, 0x07, 0xFC, 0xFC, 0x03,
        0x00, 0x07, 0xC0, 0xFF, 0x03, 0xF8, 0xCC, 0x07, 0x00, 0x07, 0xE0, 0xFE, 0x21, 0x70, 0x86, 0x0F,
        0x80, 0x47, 0xE0, 0x7E, 0x78, 0x60, 0x86, 0x0F, 0x80, 0xC3, 0xF1, 0x0F, 0xFC, 0x60, 0x80, 0x1F,
        0xC0, 0x61, 0x91, 0x01, 0xC4, 0x60, 0x80, 0x3F, 0xC0, 0xC1, 0x01, 0x01, 0x84, 0x70, 0x80, 0x7F,
        0xE0, 0x41, 0x91, 0x00, 0x84, 0xE0, 0x80, 0xFF, 0xF0, 0x00, 0x91, 0x00, 0xC4, 0xF0, 0x80, 0xFF,
        0xF8, 0x00, 0x01, 0x00, 0x00, 0xF0, 0x80, 0xFF, 0x00, 0x80, 0x01, 0x00, 0x00, 0x78, 0x80, 0xFF,
        0x80, 0xC0, 0x01, 0x00, 0x00, 0xF8, 0x00, 0x00, 0xC0, 0xC0, 0x00, 0x00, 0x00, 0xFC, 0x00, 0x00,
        0xE0, 0x80, 0x01, 0x00, 0x00, 0xFC, 0x00, 0x00, 0xE0, 0x81, 0x01, 0x00, 0x00, 0xF8, 0x00, 0x00,
        0xF0, 0x81, 0x03, 0x00, 0x00, 0xF8, 0x00, 0x00, 0xF0, 0x01, 0x07, 0x00, 0x00, 0xF8, 0xC0, 0x00,
        0xF0, 0x00, 0x1F, 0x00, 0x00, 0xFC, 0xF0, 0x00, 0xF0, 0x03, 0x7F, 0x00, 0xC0, 0x7E, 0xF8, 0x00,
        0xF8, 0x19, 0xFF, 0x1F, 0xFF, 0xFF, 0xFE, 0x00, 0xF8, 0x7F, 0xFF, 0xFF, 0xFF, 0xFF, 0xFF, 0x00,
        0xF8, 0xFF, 0xFF, 0xFF, 0xFF, 0xFF, 0xFF, 0x00, 0xF0, 0xFF, 0xFF, 0xFF, 0xFF, 0xFF, 0xFF, 0x00,
        0xF0, 0xFF, 0xFF, 0xFF, 0xFF, 0xFF, 0xFF, 0x00, 0xF0, 0xFF, 0xFF, 0xFF, 0xFF, 0xFF, 0x7F, 0x00,
        0xF0, 0xFF, 0xFF, 0xFF, 0xFF, 0xFF, 0x7F, 0x00, 0xF0, 0xFF, 0xFF, 0x9F, 0xFF, 0xFF, 0x7F, 0x00
    },
    {
        0x00, 0x00, 0x00, 0x00, 0x00, 0x00, 0x00, 0x00, 0x00, 0x00, 0x00, 0x00, 0x00, 0x00, 0x00, 0x00,
        0x00, 0x00, 0x00, 0x00, 0x00, 0x00, 0x00, 0x00, 0x00, 0x00, 0x00, 0x00, 0x00, 0x00, 0x00, 0x00,
        0x00, 0x00, 0x00, 0x00, 0x00, 0x00, 0x00, 0x00, 0x00, 0x00, 0x00, 0x18, 0x00, 0x00, 0x00, 0x00,
        0x00, 0x00, 0x00, 0x00, 0x00, 0x00, 0x00, 0x00, 0x00, 0x00, 0x00, 0x00, 0x00, 0x00, 0x00, 0x00,
        0x00, 0x00, 0x00, 0x38, 0x00, 0x00, 0x00, 0x00, 0x00, 0x00, 0x00, 0x0C, 0xE0, 0x01, 0x00, 0x00,
        0x00, 0xF0, 0x30, 0x03, 0xE0, 0x1F, 0x00, 0x00, 0x00, 0xF8, 0x1F, 0xD1, 0xE0, 0xFF, 0x00, 0x00,
        0x00, 0xFC, 0x3F, 0xD3, 0xE0, 0xFF, 0x03, 0x00, 0xC0, 0xFC, 0x3F, 0x06, 0xF0, 0xFF, 0x0F, 0x00,
        0xE0, 0xE3, 0x3F, 0x2C, 0xF0, 0xFF, 0x3F, 0x00, 0x60, 0xC3, 0x3F, 0x18, 0xF0, 0xFF, 0x7F, 0x00,
        0x70, 0xE0, 0x3F, 0x10, 0xF0, 0xFF, 0xFF, 0x00, 0x60, 0xE0, 0x7F, 0x10, 0xF0, 0xFF, 0xFF, 0x01,
        0xE0, 0x80, 0x7F, 0x00, 0xF8, 0xFF, 0xFF, 0x01, 0x80, 0x81, 0xFF, 0xFF, 0xFF, 0xFF, 0xFF, 0x01,
        0x80, 0x80, 0xFF, 0xFF, 0xFF, 0xFF, 0xFF, 0x00, 0xC0, 0xF8, 0xFF, 0xFF, 0xFF, 0xFF, 0x7F, 0x00,
        0xE0, 0xF8, 0xFF, 0xFF, 0xFF, 0xFF, 0x7F, 0x00, 0xE0, 0xFF, 0xFF, 0xFF, 0xFF, 0xFF, 0x3F, 0x00,
        0xE0, 0xFF, 0xFF, 0xFF, 0xFF, 0xFF, 0x3F, 0x00, 0xE0, 0xFF, 0xFF, 0xFF, 0xFF, 0xFF, 0x7F, 0x00,
        0xC0, 0xFF, 0xFF, 0xFF, 0xFF, 0xFF, 0xFF, 0x00, 0x00, 0xFF, 0xFF, 0xFF, 0xFF, 0xFF, 0xFF, 0x01,
        0x00, 0xFF, 0xFF, 0xFF, 0xFF, 0xFF, 0xFF, 0x01, 0x80, 0xFF, 0xFF, 0xFF, 0xFF, 0xFF, 0xC3, 0x01,
        0x00, 0xFF, 0xFF, 0xF7, 0xFF, 0xFF, 0x01, 0x00, 0x00, 0xFC, 0xFF, 0xF3, 0xFF, 0xFF, 0x01, 0x00,
        0x00, 0x70, 0xFF, 0xF3, 0xFF, 0xFF, 0x00, 0x00, 0x00, 0xF8, 0xFF, 0xFF, 0xFF, 0xFF, 0x00, 0x00,
        0x00, 0x06, 0xFE, 0xFF, 0x1F, 0xFF, 0xC0, 0x01, 0x00, 0x04, 0xBC, 0xFF, 0x0F, 0xFF, 0xE0, 0x00,
        0x00, 0x04, 0x9C, 0xFF, 0x0F, 0x7E, 0xF6, 0x01, 0x00, 0x02, 0xC6, 0xFF, 0x07, 0x3C, 0xE7, 0x03,
        0x00, 0x03, 0xC2, 0xFF, 0x03, 0x38, 0xC7, 0x07, 0x00, 0x03, 0xE0, 0xFE, 0x39, 0x00, 0xC3, 0x0F,
        0x80, 0xB3, 0xE0, 0x7E, 0x7C, 0x20, 0xC0, 0x1F, 0x80, 0xB0, 0xF1, 0x0F, 0xEC, 0x20, 0xC0, 0x1F,
        0xC0, 0xA0, 0x91, 0x00, 0xC4, 0x20, 0x80, 0x3F, 0xC0, 0xA0, 0x01, 0x00, 0x84, 0x20, 0xC0, 0x7F,
        0x60, 0x00, 0x81, 0x00, 0xC4, 0x70, 0xC0, 0xFF, 0x70, 0x80, 0x81, 0x00, 0x44, 0x70, 0xC0, 0xFF,
        0x70, 0x80, 0x01, 0x00, 0x00, 0x70, 0xC0, 0xFF, 0x00, 0xC0, 0x01, 0x00, 0x00, 0x70, 0x80, 0xFF,
        0x40, 0xE0, 0x01, 0x00, 0x00, 0x78, 0x00, 0x00, 0x60, 0x80, 0x00, 0x00, 0x00, 0x7C, 0x00, 0x00,
        0xE0, 0x80, 0x01, 0x00, 0x00, 0xFC, 0x00, 0x00, 0xF0, 0x80, 0x01, 0x00, 0x00, 0x7C, 0x00, 0x00,
        0xF0, 0x00, 0x03, 0x00, 0x00, 0x78, 0x70, 0x00, 0xF0, 0x00, 0x07, 0x00, 0x00, 0x78, 0x70, 0x00,
        0xF8, 0x01, 0x1E, 0x00, 0x00, 0x7C, 0x7C, 0x00, 0xF8, 0x01, 0xFF, 0x00, 0xE0, 0x7C, 0xFE, 0x00,
        0xF8, 0x79, 0xFF, 0xFF, 0xFF, 0xFF, 0xFF, 0x00, 0xF8, 0x7F, 0xFF, 0xFF, 0xFF, 0xFF, 0xFF, 0x00,
        0xF0, 0xFF, 0xFF, 0xFF, 0xFF, 0xFF, 0xFF, 0x00, 0xF0, 0xFF, 0xFF, 0xFF, 0xFF, 0xFF, 0xFF, 0x00,
        0xF0, 0xFF, 0xFF, 0xFF, 0xFF, 0xFF, 0xFF, 0x00, 0xE0, 0xFF, 0xFF, 0xFF, 0xFF, 0xFF, 0xFF, 0x00,
        0xE0, 0xFF, 0xFF, 0xFF, 0xFF, 0xFF, 0xFF, 0x00, 0xC0, 0xFF, 0xFF, 0x9F, 0xFF, 0xFF, 0xFF, 0x00
    },
    {
        0x00, 0x00, 0x00, 0x00, 0x00, 0x00, 0x00, 0x00, 0x00, 0x00, 0x00, 0x00, 0x00, 0x00, 0x00, 0x00,
        0x00, 0x00, 0x00, 0x00, 0x00, 0x00, 0x00, 0x00, 0x00, 0x00, 0x00, 0x00, 0x00, 0x00, 0x00, 0x00,
        0x00, 0x00, 0x00, 0x00, 0x00, 0x00, 0x00, 0x00, 0x00, 0x00, 0x00, 0x08, 0x00, 0x00, 0x00, 0x00,
        0x00, 0x00, 0x00, 0x00, 0x00, 0x00, 0x00, 0x00, 0x00, 0x00, 0x00, 0x00, 0x00, 0x00, 0x00, 0x00,
        0x00, 0x00, 0x00, 0x38, 0x00, 0x00, 0x00, 0x00, 0x00, 0x70, 0x00, 0x06, 0xE0, 0x03, 0x00, 0x00,
        0x00, 0xF8, 0x1C, 0x53, 0xE0, 0x3F, 0x00, 0x00, 0x00, 0xFC, 0x3F, 0xD9, 0xF0, 0xFF, 0x00, 0x00,
        0x00, 0xFC, 0x1F, 0x43, 0xF0, 0xFF, 0x07, 0x00, 0xE0, 0xFF, 0x3F, 0x26, 0xF0, 0xFF, 0x0F, 0x00,
        0xF0, 0xE3, 0x3F, 0x2C, 0xF0, 0xFF, 0x3F, 0x00, 0x70, 0xE2, 0x3F, 0x18, 0xF0, 0xFF, 0x7F, 0x00,
        0x30, 0xE0, 0x3F, 0x10, 0xF0, 0xFF, 0xFF, 0x00, 0x70, 0xE0, 0x3F, 0x00, 0xF8, 0xFF, 0xFF, 0x01,
        0xE0, 0x80, 0x3F, 0x1C, 0xFA, 0xFF, 0xFF, 0x01, 0x80, 0x80, 0xFF, 0xFF, 0xFF, 0xFF, 0xFF, 0x00,
        0xC0, 0xC8, 0xFF, 0xFF, 0xFF, 0xFF, 0xFF, 0x00, 0x60, 0xF8, 0xFF, 0xFF, 0xFF, 0xFF, 0x7F, 0x00,
        0xE0, 0xFC, 0xFF, 0xFF, 0xFF, 0xFF, 0x3F, 0x00, 0xF0, 0xFF, 0xFF, 0xFF, 0xFF, 0xFF, 0x3F, 0x00,
        0xF0, 0xFF, 0xFF, 0xFF, 0xFF, 0xFF, 0x3F, 0x00, 0xE0, 0xFF, 0xFF, 0xFF, 0xFF, 0xFF, 0x7F, 0x00,
        0xC0, 0xFF, 0xFF, 0xFF, 0xFF, 0xFF, 0xFF, 0x00, 0x00, 0xFF, 0xFF, 0xFF, 0xFF, 0xFF, 0xFF, 0x00,
        0x80, 0xFF, 0xFF, 0xFF, 0xFF, 0xFF, 0xF1, 0x01, 0x80, 0xFF, 0xFF, 0xF7, 0xFF, 0xFF, 0xC1, 0x01,
        0x00, 0xFE, 0xFF, 0xF3, 0xFF, 0xFF, 0x00, 0x00, 0x00, 0xFC, 0xFF, 0xF3, 0xFF, 0x7F, 0x00, 0x00,
        0x00, 0xFC, 0xFF, 0xFB, 0xFF, 0x7F, 0x00, 0x00, 0x00, 0xE2, 0xFF, 0xFF, 0xFF, 0x3F, 0xC0, 0x00,
        0x00, 0x02, 0xFF, 0xFF, 0x1F, 0xBF, 0xF1, 0x00, 0x00, 0x00, 0xBE, 0xFF, 0x0F, 0x9F, 0xFB, 0x00,
        0x00, 0x00, 0x8F, 0xFF, 0x0F, 0xDE, 0xF1, 0x03, 0x00, 0x80, 0xC3, 0xFF, 0x07, 0xCC, 0xF1, 0x03,
        0x00, 0xC0, 0xC0, 0xFF, 0x03, 0x40, 0xF0, 0x07, 0x80, 0xEC, 0xE0, 0xFE, 0x38, 0x00, 0xE0, 0x0F,
        0x00, 0xEC, 0xF0, 0x7E, 0x7C, 0x00, 0xF0, 0x1F, 0x00, 0xEC, 0xD0, 0x06, 0x6C, 0x00, 0xF0, 0x3F,
        0x00, 0xD8, 0x89, 0x00, 0xC2, 0x00, 0xF0, 0x7F, 0x00, 0xC8, 0x88, 0x00, 0xC0, 0x00, 0xF0, 0xFF,
        0x00, 0xE0, 0x89, 0x00, 0x44, 0x10, 0xE0, 0xFF, 0x30, 0xE0, 0x01, 0x00, 0x40, 0x18, 0xC0, 0xFF,
        0x10, 0xF0, 0x01, 0x00, 0x00, 0x3C, 0x00, 0xFF, 0x00, 0xF0, 0x00, 0x00, 0x00, 0x3C, 0x00, 0x7C,
        0x30, 0xE0, 0x00, 0x00, 0x00, 0x3C, 0x00, 0x00, 0x30, 0xC0, 0x00, 0x00, 0x00, 0x3E, 0x00, 0x00,
        0x70, 0x80, 0x01, 0x00, 0x00, 0x3E, 0x38, 0x00, 0x78, 0x00, 0x01, 0x00, 0x00, 0x3E, 0x38, 0x00,
        0x78, 0x00, 0x03, 0x00, 0x00, 0x3C, 0x3C, 0x00, 0xF8, 0x00, 0x06, 0x00, 0x00, 0x3C, 0x7E, 0x00,
        0xF8, 0x00, 0x3F, 0x00, 0x00, 0xBC, 0x7F, 0x00, 0xF8, 0x78, 0xFF, 0x01, 0xF8, 0xFD, 0x7F, 0x00,
        0xF8, 0x7D, 0xFF, 0xFF, 0xFF, 0xFF, 0x7F, 0x00, 0xF8, 0xFF, 0xFF, 0xFF, 0xFF, 0xFF, 0xFF, 0x00,
        0xF0, 0xFF, 0xFF, 0xFF, 0xFF, 0xFF, 0xFF, 0x00, 0xF0, 0xFF, 0xFF, 0xFF, 0xFF, 0xFF, 0xFF, 0x00,
        0xE0, 0xFF, 0xFF, 0xFF, 0xFF, 0xFF, 0xFF, 0x00, 0xE0, 0xFF, 0xFF, 0xFF, 0xFF, 0xFF, 0xFF, 0x00,
        0xC0, 0xFF, 0xFF, 0xDF, 0xFF, 0xFF, 0xFF, 0x01, 0x80, 0xFF, 0xFF, 0x8F, 0xFF, 0xFF, 0xFF, 0x01
    },
    {
        0x00, 0x00, 0x00, 0x00, 0x00, 0x00, 0x00, 0x00, 0x00, 0x00, 0x00, 0x00, 0x00, 0x00, 0x00, 0x00,
        0x00, 0x00, 0x00, 0x00, 0x00, 0x00, 0x00, 0x00, 0x00, 0x00, 0x00, 0x00, 0x00, 0x00, 0x00, 0x00,
        0x00, 0x00, 0x00, 0x08, 0x00, 0x00, 0x00, 0x00, 0x00, 0x00, 0x00, 0x00, 0x00, 0x00, 0x00, 0x00,
        0x00, 0x00, 0x00, 0x00, 0x00, 0x00, 0x00, 0x00, 0x00, 0x00, 0x00, 0x10, 0x00, 0x00, 0x00, 0x00,
        0x00, 0x00, 0x00, 0x1C, 0x00, 0x00, 0x00, 0x00, 0x00, 0x78, 0x00, 0x03, 0xF0, 0x07, 0x00, 0x00,
        0x00, 0xFC, 0x1E, 0x39, 0xF0, 0x3F, 0x00, 0x00, 0x00, 0xFC, 0x9F, 0xE9, 0xF0, 0xFF, 0x01, 0x00,
        0x00, 0xFE, 0x1F, 0x03, 0xF0, 0xFF, 0x07, 0x00, 0xE0, 0xF3, 0x3F, 0x26, 0xF0, 0xFF, 0x1F, 0x00,
        0xF0, 0xE3, 0x3F, 0x1C, 0xF0, 0xFF, 0x3F, 0x00, 0x30, 0xE0, 0x3F, 0x18, 0xF8, 0xFF, 0x7F, 0x00,
        0x30, 0xE0, 0x3F, 0x08, 0xF8, 0xFF, 0xFF, 0x00, 0x70, 0xE0, 0x3F, 0x00, 0xF8, 0xFF, 0xFF, 0x00,
        0xE0, 0x80, 0x3F, 0xFD, 0xFF, 0xFF, 0xFF, 0x00, 0xC0, 0x80, 0xFF, 0xFF, 0xFF, 0xFF, 0xFF, 0x00,
        0x40, 0xF8, 0xFF, 0xFF, 0xFF, 0xFF, 0x7F, 0x00, 0x60, 0xF8, 0xFF, 0xFF, 0xFF, 0xFF, 0x7F, 0x00,
        0xF0, 0xFC, 0xFF, 0xFF, 0xFF, 0xFF, 0x3F, 0x00, 0xF0, 0xFF, 0xFF, 0xFF, 0xFF, 0xFF, 0x3F, 0x00,
        0xF0, 0xFF, 0xFF, 0xFF, 0xFF, 0xFF, 0x3F, 0x00, 0xE0, 0xFF, 0xFF, 0xFF, 0xFF, 0xFF, 0x7F, 0x00,
        0xC0, 0xFF, 0xFF, 0xFF, 0xFF, 0xFF, 0xFF, 0x00, 0x80, 0xFF, 0xFF, 0xFF, 0xFF, 0xFF, 0xFC, 0x00,
        0x80, 0xFF, 0xFF, 0xFF, 0xFF, 0x7F, 0xF0, 0x01, 0x80, 0xFF, 0xFF, 0xF3, 0xFF, 0x3F, 0x40, 0x00,
        0x00, 0xFC, 0xFF, 0xF3, 0xFF, 0x1F, 0x00, 0x00, 0x00, 0xB8, 0xFF, 0xF3, 0xFF, 0x1F, 0x00, 0x00,
        0x00, 0xFE, 0xFF, 0xFB, 0xFF, 0x0F, 0x60, 0x00, 0x00, 0xF0, 0xFF, 0xFF, 0xDF, 0x6F, 0xF8, 0x00,
        0x00, 0x80, 0xBF, 0xFF, 0x8F, 0x67, 0xFE, 0x00, 0x00, 0xC0, 0xCF, 0xFF, 0x0F, 0x67, 0xFE, 0x00,
        0x00, 0xE0, 0xC7, 0xFF, 0x07, 0x32, 0xFC, 0x03, 0x00, 0xE0, 0xC1, 0xFF, 0x03, 0x20, 0xFC, 0x03,
        0x00, 0xF0, 0xC0, 0xFF, 0x01, 0x00, 0xF8, 0x07, 0x00, 0xFB, 0x70, 0xFE, 0x3C, 0x00, 0xF8, 0x0F,
        0x00, 0xFB, 0xF0, 0x3F, 0x7E, 0x00, 0xF8, 0x1F, 0x00, 0xFB, 0xD8, 0x06, 0x66, 0x00, 0xF8, 0x3F,
        0x00, 0xF6, 0x88, 0x00, 0x42, 0x00, 0xFC, 0x7F, 0x00, 0xF0, 0x88, 0x00, 0x42, 0x0C, 0xF8, 0xFF,
        0x00, 0xF8, 0x09, 0x00, 0x42, 0x0E, 0xE0, 0xFF, 0x00, 0xF8, 0x01, 0x00, 0x00, 0x0E, 0x80, 0xFF,
        0x00, 0xF8, 0x01, 0x00, 0x00, 0x0F, 0x80, 0xFF, 0x00, 0xF8, 0x00, 0x00, 0x00, 0x1F, 0x00, 0x1C,
        0x18, 0xF0, 0x00, 0x00, 0x00, 0x1F, 0x18, 0x00, 0x18, 0xE0, 0x00, 0x00, 0x00, 0x1F, 0x1C, 0x00,
        0x38, 0xC0, 0x00, 0x00, 0x00, 0x1F, 0x1C, 0x00, 0x3C, 0x80, 0x01, 0x00, 0x00, 0x1E, 0x3E, 0x00,
        0x3C, 0x00, 0x03, 0x00, 0x00, 0x1E, 0x3F, 0x00, 0x7C, 0x00, 0x07, 0x00, 0x00, 0xDE, 0x3F, 0x00,
        0x7C, 0x28, 0x3F, 0x00, 0x40, 0xFC, 0x7F, 0x00, 0xFC, 0x7C, 0xFF, 0x07, 0xFE, 0xFF, 0x7F, 0x00,
        0xF8, 0xFE, 0xFF, 0xFF, 0xFF, 0xFF, 0x7F, 0x00, 0xF8, 0xFF, 0xFF, 0xFF, 0xFF, 0xFF, 0x7F, 0x00,
        0xF8, 0xFF, 0xFF, 0xFF, 0xFF, 0xFF, 0xFF, 0x00, 0xF0, 0xFF, 0xFF, 0xFF, 0xFF, 0xFF, 0xFF, 0x00,
        0xE0, 0xFF, 0xFF, 0xFF, 0xFF, 0xFF, 0xFF, 0x00, 0xE0, 0xFF, 0xFF, 0xFF, 0xFF, 0xFF, 0xFF, 0x00,
        0x80, 0xFF, 0xFF, 0xDF, 0xFF, 0xFF, 0xFF, 0x00, 0x80, 0xFF, 0xFF, 0xCF, 0xFF, 0xFF, 0xFF, 0x01
    },
    {
        0x00, 0x00, 0x00, 0x00, 0x00, 0x00, 0x00, 0x00, 0x00, 0x00, 0x00, 0x00, 0x00, 0x00, 0x00, 0x00,
        0x00, 0x00, 0x00, 0x00, 0x00, 0x00, 0x00, 0x00, 0x00, 0x00, 0x00, 0x00, 0x00, 0x00, 0x00, 0x00,
        0x00, 0x00, 0x00, 0x08, 0x00, 0x00, 0x00, 0x00, 0x00, 0x00, 0x00, 0x00, 0x00, 0x00, 0x00, 0x00,
        0x00, 0x00, 0x00, 0x00, 0x00, 0x00, 0x00, 0x00, 0x00, 0x00, 0x00, 0x18, 0x00, 0x00, 0x00, 0x00,
        0x00, 0x00, 0x00, 0x07, 0x70, 0x00, 0x00, 0x00, 0x00, 0x7C, 0x08, 0x01, 0xF0, 0x0F, 0x00, 0x00,
        0x00, 0xFC, 0x9F, 0x38, 0xF0, 0x3F, 0x00, 0x00, 0x00, 0xFE, 0x8F, 0x65, 0xF0, 0xFF, 0x01, 0x00,
        0x60, 0xFE, 0x1F, 0x23, 0xF8, 0xFF, 0x07, 0x00, 0xF0, 0xF3, 0x1F, 0x12, 0xF8, 0xFF, 0x1F, 0x00,
        0xF0, 0xF1, 0x1F, 0x1C, 0xF8, 0xFF, 0x3F, 0x00, 0x30, 0xE0, 0x1F, 0x0C, 0xF8, 0xFF, 0x7F, 0x00,
        0x30, 0xF0, 0x1F, 0x08, 0xF8, 0xFF, 0xFF, 0x00, 0x70, 0xE0, 0x3F, 0x08, 0xF8, 0xFF, 0xFF, 0x00,
        0x60, 0xC0, 0xFF, 0xFF, 0xFF, 0xFF, 0xFF, 0x00, 0x40, 0xC0, 0xFF, 0xFF, 0xFF, 0xFF, 0x7F, 0x00,
        0x60, 0xFC, 0xFF, 0xFF, 0xFF, 0xFF, 0x3F, 0x00, 0x70, 0xFC, 0xFF, 0xFF, 0xFF, 0xFF, 0x3F, 0x00,
        0xF0, 0xFF, 0xFF, 0xFF, 0xFF, 0xFF, 0x1F, 0x00, 0xF0, 0xFF, 0xFF, 0xFF, 0xFF, 0xFF, 0x1F, 0x00,
        0xF0, 0xFF, 0xFF, 0xFF, 0xFF, 0xFF, 0x3F, 0x00, 0xE0, 0xFF, 0xFF, 0xFF, 0xFF, 0xFF, 0x7F, 0x00,
        0x80, 0xFF, 0xFF, 0xFF, 0xFF, 0xEF, 0x7F, 0x00, 0x80, 0xFF, 0xFF, 0xFF, 0xFF, 0x07, 0xFF, 0x00,
        0xC0, 0xFF, 0xFF, 0xFF, 0xFF, 0x07, 0xFC, 0x00, 0x80, 0xFF, 0xFF, 0xFB, 0xFF, 0x03, 0x38, 0x00,
        0x00, 0xFE, 0xFF, 0xF9, 0xFF, 0x03, 0x3C, 0x00, 0x00, 0xB8, 0xFF, 0xF9, 0xFF, 0x01, 0x3E, 0x00,
        0x00, 0xF8, 0xFF, 0xFF, 0xCF, 0x81, 0x7B, 0x00, 0x00, 0xFF, 0xFF, 0xFF, 0x8F, 0xFC, 0x7B, 0x00,
        0x00, 0xFC, 0xDF, 0xFF, 0x07, 0xCC, 0x7B, 0x00, 0x00, 0xF8, 0xCF, 0xFF, 0x07, 0x8E, 0xFF, 0x01,
        0x00, 0xFC, 0xC3, 0xFF, 0x03, 0x86, 0xFF, 0x01, 0x00, 0xFC, 0xE0, 0xFF, 0x01, 0x00, 0xFF, 0x03,
        0x00, 0x7E, 0x60, 0xFE, 0x00, 0x00, 0xFF, 0x07, 0x00, 0xFE, 0x00, 0x3F, 0x00, 0x00, 0xFF, 0x07,
        0x40, 0x7F, 0x80, 0x0F, 0x00, 0x00, 0xFF, 0x1F, 0xC0, 0xFE, 0x00, 0x00, 0x00, 0x00, 0xFF, 0x1F,
        0xC0, 0xFF, 0x00, 0x00, 0x00, 0x01, 0xFF, 0x3F, 0x80, 0xFC, 0x40, 0x00, 0x80, 0x01, 0xFE, 0x7F,
        0x00, 0xFC, 0x40, 0x00, 0xE2, 0x01, 0xFC, 0xFF, 0x00, 0xF8, 0x00, 0x00, 0x80, 0x01, 0xF0, 0xFF,
        0x00, 0xF8, 0x00, 0x00, 0x80, 0x03, 0xC0, 0xFF, 0x00, 0xF2, 0x00, 0x00, 0xC0, 0x03, 0x00, 0x00,
        0x00, 0xF6, 0x00, 0x00, 0xC0, 0x07, 0x07, 0x00, 0x00, 0xE0, 0x00, 0x00, 0xC0, 0x07, 0x0F, 0x00,
        0x0C, 0xE0, 0x00, 0x00, 0x80, 0x07, 0x0F, 0x00, 0x0C, 0xC0, 0x01, 0x00, 0x80, 0x87, 0x1F, 0x00,
        0x1C, 0x80, 0x03, 0x00, 0x00, 0xCF, 0x1F, 0x00, 0x1C, 0x80, 0x0F, 0x00, 0x00, 0xEF, 0x1F, 0x00,
        0x3C, 0x80, 0x3F, 0x00, 0x70, 0xFF, 0x3F, 0x00, 0x7C, 0xBC, 0xFF, 0xEF, 0xFF, 0xFF, 0x3F, 0x00,
        0x7C, 0xFC, 0xFF, 0xFF, 0xFF, 0xFF, 0x3F, 0x00, 0xFC, 0xFE, 0xFF, 0xFF, 0xFF, 0xFF, 0x7F, 0x00,
        0xFC, 0xFF, 0xFF, 0xFF, 0xFF, 0xFF, 0x7F, 0x00, 0xF8, 0xFF, 0xFF, 0xFF, 0xFF, 0xFF, 0x7F, 0x00,
        0xF8, 0xFF, 0xFF, 0xFF, 0xFF, 0xFF, 0x7F, 0x00, 0xF0, 0xFF, 0xFF, 0xFF, 0xFF, 0xFF, 0x7F, 0x00,
        0xE0, 0xFF, 0xFF, 0xCF, 0xFF, 0xFF, 0xFF, 0x00, 0xC0, 0xFF, 0xFF, 0xCF, 0xFF, 0xFF, 0xFF, 0x00
    },
    {
        0x00, 0x00, 0x00, 0x00, 0x00, 0x00, 0x00, 0x00, 0x00, 0x00, 0x00, 0x00, 0x00, 0x00, 0x00, 0x00,
        0x00, 0x00, 0x00, 0x00, 0x00, 0x00, 0x00, 0x00, 0x00, 0x00, 0x00, 0x00, 0x00, 0x00, 0x00, 0x00,
        0x00, 0x00, 0x00, 0x04, 0x00, 0x00, 0x00, 0x00, 0x00, 0x00, 0x00, 0x00, 0x00, 0x00, 0x00, 0x00,
        0x00, 0x00, 0x00, 0x00, 0x00, 0x00, 0x00, 0x00, 0x00, 0x00, 0x00, 0x08, 0x00, 0x00, 0x00, 0x00,
        0x00, 0x00, 0x00, 0x1E, 0x00, 0x00, 0x00, 0x00, 0x00, 0x38, 0x80, 0x01, 0xF8, 0x03, 0x00, 0x00,
        0x00, 0x7C, 0x8F, 0x18, 0xF8, 0x1F, 0x00, 0x00, 0x00, 0xFE, 0x8F, 0x24, 0xF8, 0xFF, 0x00, 0x00,
        0x00, 0xFF, 0x8F, 0x21, 0xF8, 0xFF, 0x03, 0x00, 0xF0, 0xF9, 0x1F, 0x13, 0xF8, 0xFF, 0x0F, 0x00,
        0xF8, 0xF1, 0x0F, 0x0E, 0xF8, 0xFF, 0x1F, 0x00, 0x18, 0xF1, 0x1F, 0x0C, 0xF8, 0xFF, 0x3F, 0x00,
        0x18, 0xF0, 0x1F, 0x04, 0xFC, 0xFF, 0x7F, 0x00, 0x38, 0xF0, 0x1F, 0x00, 0xFC, 0xFF, 0x7F, 0x00,
        0x70, 0xC0, 0x9F, 0xFE, 0xFF, 0xFF, 0x7F, 0x00, 0x60, 0xC0, 0xFF, 0xFF, 0xFF, 0xFF, 0x7F, 0x00,
        0x20, 0xFC, 0xFF, 0xFF, 0xFF, 0xFF, 0x3F, 0x00, 0x30, 0xFC, 0xFF, 0xFF, 0xFF, 0xFF, 0x3F, 0x00,
        0x78, 0xFE, 0xFF, 0xFF, 0xFF, 0xFF, 0x1F, 0x00, 0xF8, 0xFF, 0xFF, 0xFF, 0xFF, 0xFF, 0x1F, 0x00,
        0xF8, 0xFF, 0xFF, 0xFF, 0xFF, 0xFF, 0x1F, 0x00, 0xF0, 0xFF, 0xFF, 0xFF, 0xFF, 0xFF, 0x3F, 0x00,
        0xE0, 0xFF, 0xFF, 0xFF, 0xFF, 0xFF, 0x7F, 0x00, 0xC0, 0xFF, 0xFF, 0xFF, 0xFF, 0xFF, 0x7F, 0x00,
        0xC0, 0xFF, 0xFF, 0xFF, 0xFF, 0xFF, 0xFF, 0x00, 0xC0, 0xFF, 0xFF, 0xF9, 0xFF, 0xC0, 0x7F, 0x00,
        0x00, 0xFE, 0xFF, 0xF9, 0xFF, 0x00, 0x1F, 0x00, 0x00, 0xDC, 0xFF, 0xFD, 0xFF, 0x00, 0x3F, 0x00,
        0x00, 0xFD, 0xFF, 0xFF, 0x7F, 0x80, 0x3D, 0x00, 0x00, 0xFC, 0xFF, 0xFF, 0x6F, 0xC0, 0x7D, 0x00,
        0x00, 0xFC, 0xFF, 0xFF, 0x0F, 0xE0, 0x7D, 0x00, 0x80, 0xFE, 0xEF, 0xFF, 0x03, 0xF3, 0x7F, 0x00,
        0x80, 0xFF, 0xE3, 0xFF, 0x03, 0xF7, 0xFF, 0x00, 0x80, 0xFF, 0xE0, 0xFF, 0x01, 0xE3, 0xFF, 0x01,
        0x80, 0x7F, 0xF0, 0xFF, 0x80, 0xE3, 0xFF, 0x03, 0x80, 0x7F, 0x00, 0x3F, 0x80, 0xC1, 0xFF, 0x03,
        0x80, 0x7F, 0x80, 0x0F, 0x00, 0xC0, 0xFF, 0x07, 0x80, 0x7F, 0x00, 0x00, 0x00, 0xC0, 0xFF, 0x0F,
        0x80, 0xFF, 0x00, 0x00, 0x00, 0xC0, 0xFF, 0x1F, 0xF0, 0x7F, 0x00, 0x00, 0x00, 0xC0, 0xFF, 0x3F,
        0x60, 0xFF, 0x00, 0x00, 0x00, 0xC0, 0xFF, 0x7F, 0x40, 0xFC, 0x00, 0x00, 0x00, 0x80, 0xFF, 0xFF,
        0x80, 0xF8, 0x00, 0x00, 0x00, 0x80, 0xE7, 0xFF, 0x00, 0x78, 0x00, 0x00, 0x40, 0x80, 0x07, 0x3F,
        0x00, 0x78, 0x00, 0x00, 0x60, 0x00, 0x07, 0x00, 0x00, 0x71, 0x00, 0x00, 0x60, 0x00, 0x06, 0x00,
        0x00, 0x63, 0x00, 0x00, 0x60, 0x00, 0x07, 0x00, 0x00, 0xE2, 0x00, 0x00, 0xE0, 0x80, 0x07, 0x00,
        0x04, 0xC0, 0x01, 0x00, 0xE0, 0xC3, 0x0F, 0x00, 0x04, 0xC0, 0x07, 0x00, 0xE0, 0xC3, 0x0F, 0x00,
        0x0E, 0x80, 0x1F, 0x00, 0xE0, 0xE7, 0x0F, 0x00, 0x1E, 0x80, 0xFF, 0x03, 0xFF, 0xE7, 0x0F, 0x00,
        0x3E, 0x80, 0xFF, 0xFF, 0xFF, 0xFF, 0x1F, 0x00, 0x3E, 0xB8, 0xFF, 0xFF, 0xFF, 0xFF, 0x1F, 0x00,
        0x7C, 0xFE, 0xFF, 0xFF, 0xFF, 0xFF, 0x1F, 0x00, 0xFC, 0xFE, 0xFF, 0xFF, 0xFF, 0xFF, 0x1F, 0x00,
        0xFC, 0xFF, 0xFF, 0xFF, 0xFF, 0xFF, 0x1F, 0x00, 0xFC, 0xFF, 0xFF, 0xFF, 0xFF, 0xFF, 0x3F, 0x00,
        0xF8, 0xFF, 0xFF, 0xEF, 0xFF, 0xFF, 0x3F, 0x00, 0xF0, 0xFF, 0xFF, 0xC7, 0xFF, 0xFF, 0x3F, 0x00
    },
    {
        0x00, 0x00, 0x00, 0x00, 0x00, 0x00, 0x00, 0x00, 0x00, 0x00, 0x00, 0x00, 0x00, 0x00, 0x00, 0x00,
        0x00, 0x00, 0x00, 0x00, 0x00, 0x00, 0x00, 0x00, 0x00, 0x00, 0x00, 0x00, 0x00, 0x00, 0x00, 0x00,
        0x00, 0x00, 0x00, 0x00, 0x00, 0x00, 0x00, 0x00, 0x00, 0x00, 0x00, 0x04, 0x00, 0x00, 0x00, 0x00,
        0x00, 0x00, 0x00, 0x00, 0x00, 0x00, 0x00, 0x00, 0x00, 0x00, 0x00, 0x00, 0x00, 0x00, 0x00, 0x00,
        0x00, 0x00, 0x00, 0x1C, 0x00, 0x00, 0x00, 0x00, 0x00, 0x00, 0x00, 0x03, 0x78, 0x00, 0x00, 0x00,
        0x00, 0x7C, 0x8C, 0x09, 0xF0, 0x07, 0x00, 0x00, 0x00, 0xFE, 0x8F, 0x3C, 0xF8, 0x3F, 0x00, 0x00,
        0x00, 0xFE, 0x8F, 0x21, 0xF8, 0xFF, 0x01, 0x00, 0x00, 0xFF, 0x8F, 0x11, 0xF8, 0xFF, 0x03, 0x00,
        0xF8, 0xF9, 0x1F, 0x12, 0xF8, 0xFF, 0x0F, 0x00, 0xF8, 0xF1, 0x1F, 0x0E, 0xF8, 0xFF, 0x3F, 0x00,
        0x18, 0xF0, 0x1F, 0x0C, 0xF8, 0xFF, 0x7F, 0x00, 0x18, 0xF8, 0x1F, 0x04, 0xFC, 0xFF, 0x7F, 0x00,
        0x38, 0xE0, 0x1F, 0x00, 0xFC, 0xFF, 0xFF, 0x00, 0x60, 0xC0, 0xFF, 0xFF, 0xFF, 0xFF, 0x7F, 0x00,
        0x20, 0xE0, 0xFF, 0xFF, 0xFF, 0xFF, 0x7F, 0x00, 0x30, 0xFC, 0xFF, 0xFF, 0xFF, 0xFF, 0x3F, 0x00,
        0x30, 0xFE, 0xFF, 0xFF, 0xFF, 0xFF, 0x1F, 0x00, 0xF8, 0xFF, 0xFF, 0xFF, 0xFF, 0xFF, 0x1F, 0x00,
        0xF8, 0xFF, 0xFF, 0xFF, 0xFF, 0xFF, 0x1F, 0x00, 0xF8, 0xFF, 0xFF, 0xFF, 0xFF, 0xFF, 0x3F, 0x00,
        0xF0, 0xFF, 0xFF, 0xFF, 0xFF, 0xFF, 0x3F, 0x00, 0xC0, 0xFF, 0xFF, 0xFF, 0xFF, 0xFF, 0x7F, 0x00,
        0xC0, 0xFF, 0xFF, 0xFF, 0xFF, 0xFF, 0x7F, 0x00, 0xC0, 0xFF, 0xFF, 0xFF, 0xFF, 0xFF, 0xFF, 0x00,
        0xC0, 0xFF, 0xFF, 0xF9, 0xFF, 0xFF, 0x1F, 0x00, 0x00, 0xFE, 0xFF, 0xF9, 0xFF, 0xFB, 0x3F, 0x00,
        0x00, 0xDD, 0xFF, 0xFD, 0xFF, 0x80, 0x3D, 0x00, 0x00, 0xFC, 0xFF, 0xFF, 0xEF, 0x00, 0x3D, 0x00,
        0x00, 0xFC, 0xFF, 0xFF, 0xEF, 0x80, 0x7D, 0x00, 0x00, 0xFE, 0xEF, 0xFF, 0x87, 0x80, 0x7F, 0x00,
        0x00, 0xFE, 0xE7, 0xFF, 0x83, 0xC0, 0x7F, 0x00, 0x80, 0xFF, 0xE3, 0xFF, 0x03, 0xE0, 0xFF, 0x00,
        0xC0, 0xFF, 0xF0, 0xFF, 0x01, 0xE0, 0xFF, 0x01, 0xC0, 0x7F, 0xB0, 0x7F, 0x00, 0xFE, 0xFF, 0x03,
        0xC0, 0x7F, 0x80, 0x1F, 0x00, 0xE6, 0xFF, 0x03, 0xC0, 0x7F, 0x80, 0x05, 0x00, 0xC7, 0xFF, 0x07,
        0xC0, 0x7F, 0x00, 0x00, 0x00, 0xC3, 0xFF, 0x0F, 0xC0, 0xFF, 0x00, 0x00, 0x00, 0xC0, 0xFF, 0x1F,
        0x80, 0x7F, 0x00, 0x00, 0x00, 0xC0, 0xFF, 0x3F, 0xE0, 0xFD, 0x00, 0x00, 0x00, 0xC0, 0xFF, 0x7F,
        0x60, 0xFC, 0x00, 0x00, 0x00, 0xC0, 0xFF, 0xFF, 0xE0, 0x78, 0x00, 0x00, 0x00, 0xC0, 0xE3, 0xFF,
        0xC0, 0x78, 0x00, 0x00, 0x00, 0x80, 0x03, 0x00, 0x00, 0x78, 0x00, 0x00, 0x00, 0x80, 0x03, 0x00,
        0x00, 0x70, 0x00, 0x00, 0x00, 0x80, 0x03, 0x00, 0x00, 0xE0, 0x00, 0x00, 0x00, 0x80, 0x07, 0x00,
        0x00, 0xE2, 0x00, 0x00, 0x00, 0x80, 0x07, 0x00, 0x00, 0xC6, 0x03, 0x00, 0x00, 0xC0, 0x07, 0x00,
        0x00, 0xC4, 0x0F, 0x00, 0x00, 0xC0, 0x07, 0x00, 0x04, 0xC8, 0x3F, 0x00, 0x30, 0xC0, 0x07, 0x00,
        0x1C, 0xD0, 0xFF, 0xFF, 0xFF, 0xE3, 0x0F, 0x00, 0x1C, 0xD0, 0xFF, 0xFF, 0xFF, 0xE3, 0x0F, 0x00,
        0x1C, 0xE0, 0xFF, 0xFF, 0xFF, 0xF3, 0x0F, 0x00, 0x3C, 0xF0, 0xFF, 0xFF, 0xFF, 0xFF, 0x0F, 0x00,
        0x3C, 0xFC, 0xFF, 0xFF, 0xFF, 0xFF, 0x1F, 0x00, 0xFC, 0xFC, 0xFF, 0xFF, 0xFF, 0xFF, 0x1F, 0x00,
        0xFC, 0xFF, 0xFF, 0xFF, 0xFF, 0xFF, 0x1F, 0x00, 0xF8, 0xFF, 0xFF, 0xCF, 0xFF, 0xFF, 0x1F, 0x00
    },
    {
        0x00, 0x00, 0x00, 0x00, 0x00, 0x00, 0x00, 0x00, 0x00, 0x00, 0x00, 0x00, 0x00, 0x00, 0x00, 0x00,
        0x00, 0x00, 0x00, 0x00, 0x00, 0x00, 0x00, 0x00, 0x00, 0x00, 0x00, 0x00, 0x00, 0x00, 0x00, 0x00,
        0x00, 0x00, 0x00, 0x00, 0x00, 0x00, 0x00, 0x00, 0x00, 0x00, 0x00, 0x00, 0x00, 0x00, 0x00, 0x00,
        0x00, 0x00, 0x00, 0x00, 0x00, 0x00, 0x00, 0x00, 0x00, 0x00, 0x00, 0x00, 0x00, 0x00, 0x00, 0x00,
        0x00, 0x00, 0x00, 0x18, 0x00, 0x00, 0x00, 0x00, 0x00, 0x00, 0x00, 0x1E, 0x00, 0x00, 0x00, 0x00,
        0x00, 0x38, 0x00, 0x01, 0xF0, 0x03, 0x00, 0x00, 0x00, 0x7C, 0x8E, 0x19, 0xF8, 0x1F, 0x00, 0x00,
        0x00, 0xFE, 0x8F, 0x64, 0xF0, 0xFF, 0x00, 0x00, 0x00, 0xFE, 0x9F, 0x21, 0xF8, 0xFF, 0x03, 0x00,
        0xF0, 0xFA, 0x1F, 0x13, 0xF8, 0xFF, 0x0F, 0x00, 0xF0, 0xF1, 0x1F, 0x06, 0xF8, 0xFF, 0x1F, 0x00,
        0x38, 0xF1, 0x1F, 0x0C, 0xF8, 0xFF, 0x3F, 0x00, 0x18, 0xF0, 0x1F, 0x0C, 0xF8, 0xFF, 0x7F, 0x00,
        0x38, 0xF0, 0x3F, 0x08, 0xFC, 0xFF, 0xFF, 0x00, 0x70, 0xC0, 0x1F, 0x8E, 0xFD, 0xFF, 0xFF, 0x00,
        0x40, 0xC0, 0xFF, 0xFF, 0xFF, 0xFF, 0x7F, 0x00, 0x20, 0xE4, 0xFF, 0xFF, 0xFF, 0xFF, 0x7F, 0x00,
        0x30, 0xFC, 0xFF, 0xFF, 0xFF, 0xFF, 0x3F, 0x00, 0x70, 0xFE, 0xFF, 0xFF, 0xFF, 0xFF, 0x1F, 0x00,
        0xF0, 0xFF, 0xFF, 0xFF, 0xFF, 0xFF, 0x1F, 0x00, 0xF0, 0xFF, 0xFF, 0xFF, 0xFF, 0xFF, 0x1F, 0x00,
        0xF0, 0xFF, 0xFF, 0xFF, 0xFF, 0xFF, 0x3F, 0x00, 0xC0, 0xFF, 0xFF, 0xFF, 0xFF, 0xFF, 0x7F, 0x00,
        0x80, 0xFF, 0xFF, 0xFF, 0xFF, 0xFF, 0x7F, 0x00, 0xC0, 0xFF, 0xFF, 0xFF, 0xFF, 0xFF, 0xFF, 0x00,
        0xC0, 0xFF, 0xFF, 0xF9, 0xFF, 0xFF, 0x7F, 0x00, 0x00, 0xFE, 0xFF, 0xF9, 0xFF, 0xFF, 0x1F, 0x00,
        0x00, 0xDC, 0xFF, 0xF9, 0xFF, 0xFF, 0x3F, 0x00, 0x00, 0xDD, 0xFF, 0xFF, 0xFF, 0xC7, 0x3D, 0x00,
        0x00, 0xFC, 0xFF, 0xFF, 0xEF, 0x03, 0x7A, 0x00, 0x00, 0xFC, 0xFF, 0xFF, 0x8F, 0x03, 0x7A, 0x00,
        0x80, 0xFE, 0xEF, 0xFF, 0x87, 0x03, 0xFE, 0x00, 0x80, 0xFF, 0xE7, 0xFF, 0x03, 0x03, 0x7E, 0x00,
        0x80, 0xFF, 0xF0, 0xFF, 0x01, 0x02, 0xFF, 0x01, 0xC0, 0x7F, 0xF0, 0xFF, 0x00, 0x04, 0xFF, 0x01,
        0x40, 0x7F, 0x80, 0x3F, 0x00, 0x80, 0xFF, 0x03, 0x00, 0x7F, 0xC0, 0x07, 0x00, 0xF0, 0xFF, 0x07,
        0x00, 0x7E, 0x00, 0x00, 0x00, 0xB0, 0xFF, 0x07, 0x00, 0xFE, 0x00, 0x00, 0x00, 0x38, 0xFF, 0x0F,
        0x00, 0xFE, 0x00, 0x00, 0x00, 0x18, 0xFE, 0x1F, 0x04, 0xFC, 0x44, 0x00, 0x22, 0x00, 0xFE, 0x3F,
        0x0C, 0xFF, 0x00, 0x00, 0x20, 0x00, 0xFE, 0x7F, 0x00, 0xFB, 0x00, 0x00, 0x00, 0x00, 0xF7, 0x7F,
        0x00, 0x7A, 0x00, 0x00, 0x00, 0x00, 0xC3, 0xFF, 0x00, 0x76, 0x00, 0x00, 0x00, 0x00, 0x03, 0x00,
        0x00, 0x70, 0x00, 0x00, 0x00, 0x00, 0x03, 0x00, 0x00, 0xF0, 0x00, 0x00, 0x00, 0x00, 0x03, 0x00,
        0x00, 0xE0, 0x00, 0x00, 0x00, 0x00, 0x03, 0x00, 0x00, 0xC0, 0x01, 0x00, 0x00, 0x00, 0x03, 0x00,
        0x00, 0xD8, 0x07, 0x00, 0x00, 0x00, 0x07, 0x00, 0x00, 0xD8, 0x1F, 0x00, 0x00, 0x80, 0x07, 0x00,
        0x30, 0xF0, 0xFF, 0x03, 0x1E, 0x80, 0x07, 0x00, 0x70, 0xE0, 0xFF, 0xFF, 0x7F, 0x80, 0x07, 0x00,
        0x70, 0xE0, 0xFF, 0xFF, 0xFF, 0xC1, 0x07, 0x00, 0x30, 0xE0, 0xFF, 0xFF, 0xFF, 0xE1, 0x07, 0x00,
        0x30, 0xE0, 0xFF, 0xFF, 0xFF, 0xF9, 0x0F, 0x00, 0x30, 0xF0, 0xFF, 0xFF, 0xFF, 0xFF, 0x0F, 0x00,
        0x70, 0xF9, 0xFF, 0xFF, 0xFF, 0xFF, 0x0F, 0x00, 0xF0, 0xFB, 0xFF, 0xCF, 0xFF, 0xFF, 0x0F, 0x00
    },
    {
        0x00, 0x00, 0x00, 0x00, 0x00, 0x00, 0x00, 0x00, 0x00, 0x00, 0x00, 0x00, 0x00, 0x00, 0x00, 0x00,
        0x00, 0x00, 0x00, 0x00, 0x00, 0x00, 0x00, 0x00, 0x00, 0x00, 0x00, 0x00, 0x00, 0x00, 0x00, 0x00,
        0x00, 0x00, 0x00, 0x00, 0x00, 0x00, 0x00, 0x00, 0x00, 0x00, 0x00, 0x00, 0x00, 0x00, 0x00, 0x00,
        0x00, 0x00, 0x00, 0x08, 0x00, 0x00, 0x00, 0x00, 0x00, 0x00, 0x00, 0x00, 0x00, 0x00, 0x00, 0x00,
        0x00, 0x00, 0x00, 0x10, 0x00, 0x00, 0x00, 0x00, 0x00, 0x00, 0x00, 0x1C, 0x00, 0x00, 0x00, 0x00,
        0x00, 0x00, 0x00, 0x03, 0xF0, 0x01, 0x00, 0x00, 0x00, 0x7C, 0x9C, 0x21, 0xF0, 0x0F, 0x00, 0x00,
        0x00, 0xFC, 0x8F, 0x6D, 0xF0, 0x7F, 0x00, 0x00, 0x00, 0xFE, 0x1F, 0x61, 0xF0, 0xFF, 0x03, 0x00,
        0x20, 0xFE, 0x1F, 0x03, 0xF8, 0xFF, 0x07, 0x00, 0xF0, 0xF3, 0x1F, 0x06, 0xF8, 0xFF, 0x1F, 0x00,
        0xB8, 0xE1, 0x1F, 0x1C, 0xF8, 0xFF, 0x3F, 0x00, 0x38, 0xE0, 0x1F, 0x08, 0xF8, 0xFF, 0x7F, 0x00,
        0x30, 0xF0, 0x3F, 0x08, 0xF8, 0xFF, 0xFF, 0x00, 0x70, 0xC0, 0x3F, 0x88, 0xFD, 0xFF, 0xFF, 0x00,
        0xC0, 0xC0, 0xFF, 0xFF, 0xFF, 0xFF, 0xFF, 0x00, 0x40, 0xC0, 0xF7, 0xFF, 0xFF, 0xFF, 0x7F, 0x00,
        0x60, 0xFC, 0xFF, 0xFF, 0xFF, 0xFF, 0x3F, 0x00, 0x70, 0xFC, 0xFF, 0xFF, 0xFF, 0xFF, 0x3F, 0x00,
        0xF0, 0xFF, 0xFF, 0xFF, 0xFF, 0xFF, 0x1F, 0x00, 0xF0, 0xFF, 0xFF, 0xFF, 0xFF, 0xFF, 0x3F, 0x00,
        0xF0, 0xFF, 0xFF, 0xFF, 0xFF, 0xFF, 0x3F, 0x00, 0xE0, 0xFF, 0xFF, 0xFF, 0xFF, 0xFF, 0x7F, 0x00,
        0x80, 0xFF, 0xFF, 0xFF, 0xFF, 0xFF, 0xFF, 0x00, 0x80, 0xFF, 0xFF, 0xFF, 0xFF, 0xFF, 0xFF, 0x00,
        0xC0, 0xFF, 0xFF, 0xFB, 0xFF, 0xFF, 0xFF, 0x00, 0x80, 0xFF, 0xFF, 0xF9, 0xFF, 0xFF, 0x3F, 0x00,
        0x00, 0xBE, 0xFF, 0xF9, 0xFF, 0xFF, 0x3F, 0x00, 0x00, 0xB8, 0xFF, 0xFD, 0xFF, 0xFF, 0x3B, 0x00,
        0x00, 0xF9, 0xFF, 0xFF, 0xCF, 0x07, 0x7C, 0x00, 0x00, 0xFC, 0xFF, 0xFF, 0xCF, 0x07, 0x7C, 0x00,
        0x00, 0xFC, 0xFF, 0xFF, 0x87, 0x07, 0xFC, 0x00, 0x00, 0xFF, 0xE7, 0xFF, 0x03, 0x0F, 0x7C, 0x00,
        0x80, 0xFF, 0xE1, 0xFF, 0x01, 0x0E, 0xFC, 0x01, 0xC0, 0xFF, 0xF0, 0xFF, 0x00, 0x0C, 0xFC, 0x01,
        0xC0, 0xFF, 0x80, 0x7F, 0x00, 0x18, 0xFC, 0x03, 0x00, 0x78, 0xC0, 0x0F, 0x00, 0xD8, 0xFE, 0x03,
        0x00, 0xF8, 0x00, 0x00, 0x70, 0xC0, 0xFF, 0x07, 0x08, 0xF0, 0x4C, 0x00, 0x62, 0xE0, 0xFC, 0x0F,
        0x18, 0xF0, 0x00, 0x00, 0x42, 0x60, 0xF8, 0x1F, 0x3C, 0xF0, 0x48, 0x00, 0x62, 0x40, 0xF8, 0x1F,
        0x3E, 0xE8, 0x00, 0x00, 0x00, 0x00, 0xF8, 0x3F, 0x00, 0xF8, 0x00, 0x00, 0x00, 0x04, 0xF8, 0x7F,
        0x00, 0xD8, 0x00, 0x00, 0x00, 0x02, 0xE0, 0xFF, 0x00, 0xD8, 0x00, 0x00, 0x00, 0x03, 0x00, 0x7F,
        0x00, 0x00, 0x00, 0x00, 0x80, 0x01, 0x00, 0x00, 0x00, 0xC0, 0x00, 0x00, 0xC0, 0x00, 0x00, 0x00,
        0x00, 0xC0, 0x00, 0x00, 0x00, 0x00, 0x00, 0x00, 0x00, 0xC0, 0x01, 0x00, 0x00, 0x00, 0x00, 0x00,
        0x00, 0xE0, 0x07, 0x00, 0x00, 0x00, 0x04, 0x00, 0x40, 0xE0, 0x0F, 0x00, 0x00, 0x00, 0x06, 0x00,
        0xC0, 0xE0, 0xFF, 0x00, 0x30, 0x00, 0x06, 0x00, 0xE0, 0xC0, 0xFF, 0xFF, 0xFF, 0x00, 0x07, 0x00,
        0x60, 0x80, 0xFF, 0xFF, 0xFF, 0x87, 0x07, 0x00, 0x20, 0xC0, 0xFF, 0xFF, 0xFF, 0xC3, 0x07, 0x00,
        0x30, 0xC0, 0xFF, 0xFF, 0xFF, 0xE3, 0x07, 0x00, 0x10, 0xE0, 0xFF, 0xFF, 0xFF, 0xFF, 0x07, 0x00,
        0xF0, 0xE3, 0xFF, 0xFF, 0xFF, 0xFF, 0x07, 0x00, 0xF0, 0xFF, 0xFF, 0xDF, 0xFF, 0xFF, 0x07, 0x00
    },
    {
        0x00, 0x00, 0x00, 0x00, 0x00, 0x00, 0x00, 0x00, 0x00, 0x00, 0x00, 0x00, 0x00, 0x00, 0x00, 0x00,
        0x00, 0x00, 0x00, 0x00, 0x00, 0x00, 0x00, 0x00, 0x00, 0x00, 0x00, 0x00, 0x00, 0x00, 0x00, 0x00,
        0x00, 0x00, 0x00, 0x00, 0x00, 0x00, 0x00, 0x00, 0x00, 0x00, 0x00, 0x00, 0x00, 0x00, 0x00, 0x00,
        0x00, 0x00, 0x00, 0x18, 0x00, 0x00, 0x00, 0x00, 0x00, 0x00, 0x00, 0x00, 0x00, 0x00, 0x00, 0x00,
        0x00, 0x00, 0x00, 0x00, 0x00, 0x00, 0x00, 0x00, 0x00, 0x00, 0x00, 0x18, 0x00, 0x00, 0x00, 0x00,
        0x00, 0x00, 0x00, 0x06, 0xF0, 0x01, 0x00, 0x00, 0x00, 0x78, 0x18, 0x23, 0xF0, 0x1F, 0x00, 0x00,
        0x00, 0xFC, 0x1F, 0xE9, 0xF0, 0xFF, 0x00, 0x00, 0x00, 0xFC, 0x1F, 0x43, 0xF0, 0xFF, 0x03, 0x00,
        0x80, 0xFE, 0x3F, 0x27, 0xF0, 0xFF, 0x0F, 0x00, 0xF0, 0xE3, 0x3F, 0x14, 0xF0, 0xFF, 0x1F, 0x00,
        0x70, 0xE3, 0x3F, 0x18, 0xF0, 0xFF, 0x7F, 0x00, 0x30, 0xE0, 0x3F, 0x18, 0xF8, 0xFF, 0xFF, 0x00,
        0x30, 0xF0, 0x3F, 0x00, 0xF8, 0xFF, 0xFF, 0x00, 0x60, 0xC0, 0x3F, 0xF0, 0xFB, 0xFF, 0xFF, 0x00,
        0xC0, 0x80, 0xFF, 0xFF, 0xFF, 0xFF, 0xFF, 0x00, 0x40, 0xC0, 0xFF, 0xFF, 0xFF, 0xFF, 0x7F, 0x00,
        0x60, 0xF8, 0xFF, 0xFF, 0xFF, 0xFF, 0x7F, 0x00, 0x60, 0xFC, 0xFF, 0xFF, 0xFF, 0xFF, 0x3F, 0x00,
        0xF0, 0xFF, 0xFF, 0xFF, 0xFF, 0xFF, 0x3F, 0x00, 0xF0, 0xFF, 0xFF, 0xFF, 0xFF, 0xFF, 0x3F, 0x00,
        0xE0, 0xFF, 0xFF, 0xFF, 0xFF, 0xFF, 0x7F, 0x00, 0xC0, 0xFF, 0xFF, 0xFF, 0xFF, 0xFF, 0x7F, 0x00,
        0x80, 0xFF, 0xFF, 0xFF, 0xFF, 0xFF, 0xFF, 0x00, 0x80, 0xFF, 0xFF, 0xFF, 0xFF, 0xFF, 0xFF, 0x01,
        0x80, 0xFF, 0xFF, 0xF3, 0xFF, 0xFF, 0xFF, 0x01, 0x00, 0xFF, 0xFF, 0xF3, 0xFF, 0xFF, 0x3F, 0x00,
        0x00, 0xBC, 0xFF, 0xF9, 0xFF, 0xFF, 0x3F, 0x00, 0x00, 0xB8, 0xFF, 0xDD, 0xFF, 0x1F, 0x7C, 0x00,
        0x00, 0xF8, 0xFF, 0xFF, 0xDF, 0x07, 0x78, 0x00, 0x00, 0xF8, 0xFF, 0xFF, 0x8F, 0x07, 0xF8, 0x00,
        0x00, 0xFC, 0xFF, 0xFF, 0x07, 0x0F, 0x78, 0x00, 0x00, 0xFF, 0xEF, 0xFF, 0x07, 0x1F, 0xF8, 0x00,
        0x80, 0xFF, 0xE3, 0xFF, 0x03, 0x1C, 0xF8, 0x01, 0x80, 0xE0, 0xF0, 0xFF, 0x01, 0x3C, 0xF8, 0x03,
        0x00, 0xE0, 0xB0, 0x7F, 0x38, 0x30, 0xFB, 0x03, 0x20, 0xC0, 0xF0, 0x0F, 0x7C, 0x30, 0xFF, 0x07,
        0x60, 0xC0, 0xF8, 0x00, 0x66, 0x90, 0xF3, 0x07, 0xF0, 0x80, 0xC8, 0x00, 0x42, 0x98, 0xE1, 0x0F,
        0xF8, 0x81, 0x88, 0x00, 0x42, 0x18, 0xE1, 0x1F, 0xFE, 0xE3, 0x89, 0x00, 0x42, 0x18, 0xE0, 0x1F,
        0x00, 0xE0, 0x01, 0x00, 0x40, 0x1C, 0xE0, 0x3F, 0x00, 0xE0, 0x01, 0x00, 0x00, 0x1C, 0xE0, 0x7F,
        0x00, 0x60, 0x00, 0x00, 0x00, 0x0E, 0xE0, 0xFF, 0x00, 0x00, 0x00, 0x00, 0x00, 0x07, 0x00, 0xFF,
        0x00, 0x00, 0x00, 0x00, 0x00, 0x03, 0x00, 0x00, 0x00, 0x80, 0x00, 0x00, 0x80, 0x01, 0x00, 0x00,
        0x00, 0x80, 0x01, 0x00, 0x00, 0x00, 0x00, 0x00, 0x80, 0xC0, 0x03, 0x00, 0x00, 0x00, 0x00, 0x00,
        0xC0, 0xC1, 0x07, 0x00, 0x40, 0x80, 0x10, 0x00, 0xC0, 0xC0, 0x1F, 0x00, 0x00, 0x00, 0x18, 0x00,
        0x60, 0x80, 0xFF, 0x00, 0xF8, 0x02, 0x0C, 0x00, 0x00, 0x80, 0xFF, 0xFF, 0xFF, 0x1F, 0x0E, 0x00,
        0x00, 0x80, 0xFF, 0xFF, 0xFF, 0x1F, 0x0F, 0x00, 0x10, 0xC0, 0xFF, 0xFF, 0xFF, 0x8F, 0x0F, 0x00,
        0xF0, 0xE3, 0xFF, 0xFF, 0xFF, 0xFF, 0x0F, 0x00, 0xF0, 0xFB, 0xFF, 0xFF, 0xFF, 0xFF, 0x0F, 0x00,
        0xF0, 0xFF, 0xFF, 0xFF, 0xFF, 0xFF, 0x07, 0x00, 0xF8, 0xFF, 0xFF, 0xDF, 0xFF, 0xFF, 0x07, 0x00
    },
    {
        0x00, 0x00, 0x00, 0x00, 0x00, 0x00, 0x00, 0x00, 0x00, 0x00, 0x00, 0x00, 0x00, 0x00, 0x00, 0x00,
        0x00, 0x00, 0x00, 0x00, 0x00, 0x00, 0x00, 0x00, 0x00, 0x00, 0x00, 0x00, 0x00, 0x00, 0x00, 0x00,
        0x00, 0x00, 0x00, 0x00, 0x00, 0x00, 0x00, 0x00, 0x00, 0x00, 0x00, 0x00, 0x00, 0x00, 0x00, 0x00,
        0x00, 0x00, 0x00, 0x00, 0x00, 0x00, 0x00, 0x00, 0x00, 0x00, 0x00, 0x00, 0x00, 0x00, 0x00, 0x00,
        0x00, 0x00, 0x00, 0x20, 0x00, 0x00, 0x00, 0x00, 0x00, 0x00, 0x00, 0x3C, 0x00, 0x00, 0x00, 0x00,
        0x00, 0x70, 0x00, 0x02, 0xE0, 0x07, 0x00, 0x00, 0x00, 0xF8, 0x1C, 0x51, 0xE0, 0x3F, 0x00, 0x00,
        0x00, 0xFC, 0x1F, 0xC3, 0xE0, 0xFF, 0x01, 0x00, 0x00, 0xFC, 0x3F, 0xC3, 0xF0, 0xFF, 0x07, 0x00,
        0xC0, 0xFF, 0x3D, 0x06, 0xF0, 0xFF, 0x1F, 0x00, 0xE0, 0xE3, 0x3F, 0x3C, 0xF0, 0xFF, 0x3F, 0x00,
        0x70, 0xE2, 0x3F, 0x18, 0xF0, 0xFF, 0xFF, 0x00, 0x30, 0xE0, 0x3F, 0x10, 0xF0, 0xFF, 0xFF, 0x00,
        0x70, 0xE0, 0x3F, 0x00, 0xF8, 0xFF, 0xFF, 0x01, 0xE0, 0x80, 0x7F, 0x1C, 0xFA, 0xFF, 0xFF, 0x01,
        0x80, 0x80, 0xFF, 0xFF, 0xFF, 0xFF, 0xFF, 0x00, 0xC0, 0xC8, 0xFF, 0xFF, 0xFF, 0xFF, 0xFF, 0x00,
        0x60, 0xF8, 0xFF, 0xFF, 0xFF, 0xFF, 0x7F, 0x00, 0xE0, 0xFC, 0xFF, 0xFF, 0xFF, 0xFF, 0x3F, 0x00,
        0xF0, 0xFF, 0xFF, 0xFF, 0xFF, 0xFF, 0x3F, 0x00, 0xE0, 0xFF, 0xFF, 0xFF, 0xFF, 0xFF, 0x7F, 0x00,
        0xE0, 0xFF, 0xFF, 0xFF, 0xFF, 0xFF, 0x7F, 0x00, 0xC0, 0xFF, 0xFF, 0xFF, 0xFF, 0xFF, 0xFF, 0x00,
        0x00, 0xFF, 0xFF, 0xFF, 0xFF, 0xFF, 0xFF, 0x01, 0x80, 0xFF, 0xFF, 0xFF, 0xFF, 0xFF, 0xFF, 0x01,
        0x80, 0xFF, 0xFF, 0xF7, 0xFF, 0xFF, 0xFF, 0x00, 0x00, 0xFC, 0xFF, 0xF3, 0xFF, 0xFF, 0x7F, 0x00,
        0x00, 0xF8, 0xFF, 0xF3, 0xFF, 0x1F, 0x70, 0x00, 0x00, 0xF8, 0xFF, 0xFF, 0xFF, 0x0F, 0x70, 0x00,
        0x00, 0xF8, 0xFF, 0xFF, 0xFF, 0x1F, 0xF0, 0x00, 0x00, 0xF8, 0xFF, 0xFF, 0x0F, 0x3F, 0xF0, 0x00,
        0x00, 0xFF, 0xDF, 0xFF, 0x0F, 0x3E, 0xF0, 0x00, 0x00, 0x80, 0xC7, 0xFF, 0x07, 0x7E, 0xF0, 0x00,
        0x80, 0x80, 0xE3, 0xFF, 0x03, 0x7C, 0xF0, 0x03, 0x80, 0x81, 0xE0, 0xFF, 0x00, 0x78, 0xFE, 0x03,
        0xC0, 0x81, 0xE0, 0x7F, 0x78, 0x70, 0xEE, 0x07, 0xC0, 0x03, 0xF0, 0x0F, 0x7C, 0x30, 0xC7, 0x07,
        0xE0, 0x03, 0xD1, 0x00, 0xEC, 0x30, 0xC3, 0x0F, 0xF0, 0xC7, 0x89, 0x00, 0x84, 0x30, 0x80, 0x1F,
        0xF8, 0x43, 0x81, 0x00, 0xC4, 0x38, 0xC0, 0x3F, 0xFC, 0xC1, 0x81, 0x00, 0x44, 0x38, 0xC0, 0x3F,
        0x00, 0x40, 0x00, 0x00, 0x40, 0x38, 0xC0, 0x7F, 0x00, 0x00, 0x00, 0x00, 0x00, 0x3C, 0xC0, 0xFF,
        0x00, 0x00, 0x01, 0x00, 0x00, 0x0C, 0xC0, 0xFF, 0x00, 0x00, 0x00, 0x00, 0x00, 0x0E, 0x00, 0x78,
        0x80, 0x81, 0x00, 0x00, 0x00, 0x07, 0x00, 0x00, 0xC0, 0xC0, 0x01, 0x00, 0x80, 0x05, 0x00, 0x00,
        0xC0, 0xC1, 0x01, 0x00, 0x00, 0x00, 0x20, 0x00, 0xE0, 0xC0, 0x03, 0x00, 0x00, 0x00, 0x20, 0x00,
        0x60, 0xC0, 0x0F, 0x00, 0x00, 0x00, 0x30, 0x00, 0x30, 0x80, 0x3F, 0x00, 0x00, 0x07, 0x30, 0x00,
        0x10, 0xC0, 0xFF, 0x07, 0xFC, 0x3F, 0x38, 0x00, 0x30, 0xE0, 0xFF, 0xFF, 0xFF, 0x3F, 0x3E, 0x00,
        0xF8, 0xF1, 0xFF, 0xFF, 0xFF, 0xBF, 0x3F, 0x00, 0xF8, 0xFB, 0xFF, 0xFF, 0xFF, 0xFF, 0x3F, 0x00,
        0xF8, 0xFF, 0xFF, 0xFF, 0xFF, 0xFF, 0x1F, 0x00, 0xF8, 0xFF, 0xFF, 0xFF, 0xFF, 0xFF, 0x1F, 0x00,
        0xF8, 0xFF, 0xFF, 0xFF, 0xFF, 0xFF, 0x1F, 0x00, 0xF8, 0xFF, 0xFF, 0x9F, 0xFF, 0xFF, 0x0F, 0x00
    },
    {
        0x00, 0x00, 0x00, 0x00, 0x00, 0x00, 0x00, 0x00, 0x00, 0x00, 0x00, 0x00, 0x00, 0x00, 0x00, 0x00,
        0x00, 0x00, 0x00, 0x00, 0x00, 0x00, 0x00, 0x00, 0x00, 0x00, 0x00, 0x00, 0x00, 0x00, 0x00, 0x00,
        0x00, 0x00, 0x00, 0x00, 0x00, 0x00, 0x00, 0x00, 0x00, 0x00, 0x00, 0x00, 0x00, 0x00, 0x00, 0x00,
        0x00, 0x00, 0x00, 0x00, 0x00, 0x00, 0x00, 0x00, 0x00, 0x00, 0x00, 0x00, 0x00, 0x00, 0x00, 0x00,
        0x00, 0x00, 0x00, 0x20, 0x00, 0x00, 0x00, 0x00, 0x00, 0x00, 0x00, 0x0C, 0x00, 0x00, 0x00, 0x00,
        0x00, 0xF0, 0x00, 0x02, 0xE0, 0x0F, 0x00, 0x00, 0x00, 0xF8, 0x3D, 0x73, 0xE0, 0x7F, 0x00, 0x00,
        0x00, 0xFC, 0x3F, 0xD3, 0xE0, 0xFF, 0x03, 0x00, 0x00, 0xFC, 0x3F, 0xC7, 0xE0, 0xFF, 0x0F, 0x00,
        0xC0, 0xE7, 0x3F, 0x2C, 0xF0, 0xFF, 0x1F, 0x00, 0xE0, 0xE3, 0x3F, 0x18, 0xF0, 0xFF, 0x7F, 0x00,
        0x70, 0xC2, 0x3F, 0x18, 0xF0, 0xFF, 0xFF, 0x00, 0x70, 0xE0, 0x7F, 0x10, 0xF0, 0xFF, 0xFF, 0x01,
        0x60, 0xC0, 0x7F, 0x10, 0xF0, 0xFF, 0xFF, 0x01, 0xC0, 0x81, 0x7F, 0xFA, 0xFF, 0xFF, 0xFF, 0x01,
        0x80, 0x80, 0xFF, 0xFF, 0xFF, 0xFF, 0xFF, 0x00, 0xC0, 0xF8, 0xFF, 0xFF, 0xFF, 0xFF, 0xFF, 0x00,
        0xC0, 0xF8, 0xFF, 0xFF, 0xFF, 0xFF, 0x7F, 0x00, 0xE0, 0xFD, 0xFF, 0xFF, 0xFF, 0xFF, 0x3F, 0x00,
        0xE0, 0xFF, 0xFF, 0xFF, 0xFF, 0xFF, 0x3F, 0x00, 0xE0, 0xFF, 0xFF, 0xFF, 0xFF, 0xFF, 0x7F, 0x00,
        0xE0, 0xFF, 0xFF, 0xFF, 0xFF, 0xFF, 0xFF, 0x00, 0x80, 0xFF, 0xFF, 0xFF, 0xFF, 0xFF, 0xFF, 0x00,
        0x00, 0xFF, 0xFF, 0xFF, 0xFF, 0xFF, 0xFF, 0x01, 0x00, 0xFF, 0xFF, 0xFF, 0xFF, 0xFF, 0xFF, 0x01,
        0x00, 0xFF, 0xFF, 0xF7, 0xFF, 0xFF, 0x40, 0x00, 0x00, 0xFC, 0xFF, 0xF3, 0xFF, 0x3F, 0x40, 0x00,
        0x00, 0x78, 0xFF, 0xF3, 0xFF, 0x7F, 0x40, 0x00, 0x00, 0xF0, 0xFF, 0xFF, 0xBF, 0x7F, 0xC0, 0x00,
        0x00, 0xFE, 0xFF, 0xFF, 0x9F, 0x7F, 0xC0, 0x00, 0x00, 0x00, 0xBF, 0xFF, 0x0F, 0xFF, 0xE0, 0x00,
        0x00, 0x00, 0xDF, 0xFF, 0x0F, 0xFE, 0xE0, 0x00, 0x00, 0x03, 0xCF, 0xFF, 0x07, 0xFC, 0xE5, 0x03,
        0x00, 0x03, 0xC1, 0xFF, 0x03, 0xF8, 0xFC, 0x03, 0x80, 0x03, 0xE0, 0xFF, 0x21, 0x70, 0xCE, 0x07,
        0x80, 0x07, 0xE0, 0x7F, 0x78, 0x60, 0x86, 0x0F, 0xC0, 0x47, 0xF0, 0x0F, 0xFC, 0x60, 0x87, 0x0F,
        0xC0, 0xC3, 0x91, 0x01, 0xCC, 0x30, 0x80, 0x1F, 0xE0, 0x41, 0x01, 0x00, 0x84, 0x70, 0x80, 0x3F,
        0xF0, 0xC1, 0x81, 0x00, 0xC4, 0x70, 0x80, 0x7F, 0xF8, 0x41, 0x80, 0x00, 0xC4, 0x70, 0x80, 0xFF,
        0x00, 0x00, 0x01, 0x00, 0x00, 0x38, 0x80, 0xFF, 0x00, 0x80, 0x01, 0x00, 0x00, 0x78, 0x80, 0xFF,
        0x80, 0x80, 0x01, 0x00, 0x00, 0x3C, 0x00, 0xFF, 0xC0, 0x80, 0x01, 0x00, 0x00, 0x3E, 0x00, 0x00,
        0xC0, 0xC0, 0x01, 0x00, 0x00, 0x3F, 0x00, 0x00, 0xE0, 0xC1, 0x01, 0x00, 0x00, 0x18, 0x40, 0x00,
        0xE0, 0xC0, 0x03, 0x00, 0x00, 0x18, 0x60, 0x00, 0x70, 0x80, 0x07, 0x00, 0x00, 0x18, 0x40, 0x00,
        0x70, 0xC0, 0x0F, 0x00, 0x00, 0x3C, 0x70, 0x00, 0x70, 0xC0, 0x7F, 0x00, 0x80, 0x7F, 0x78, 0x00,
        0xF8, 0xE1, 0xFF, 0x07, 0xFE, 0x7F, 0x7C, 0x00, 0xF8, 0xFB, 0xFF, 0xFF, 0xFF, 0xFF, 0x7F, 0x00,
        0xF8, 0x7F, 0xFF, 0xFF, 0xFF, 0xFF, 0x7F, 0x00, 0xF8, 0xFF, 0xFF, 0xFF, 0xFF, 0xFF, 0x7F, 0x00,
        0xF8, 0xFF, 0xFF, 0xFF, 0xFF, 0xFF, 0x7F, 0x00, 0xF8, 0xFF, 0xFF, 0xFF, 0xFF, 0xFF, 0x3F, 0x00,
        0xF8, 0xFF, 0xFF, 0xFF, 0xFF, 0xFF, 0x3F, 0x00, 0xF8, 0xFF, 0xFF, 0x9F, 0xFF, 0xFF, 0x3F, 0x00
    }
};

#endif