#ifndef GIF_H
#define GIF_H

#include <stdint.h>

static const uint32_t gif_length = 50;

// OLED页模式数据格式：8页×64列=512字节
// 数据排列：页0列0→页0列1→...→页0列63→页1列0→...→页7列63
// 字节内位序：bit0=顶部像素，bit7=底部像素
static const uint8_t gif[50][512] = {
    {
        0x00, 0x00, 0x00, 0x00, 0x00, 0x00, 0x00, 0x00, 0x00, 0x00, 0x00, 0x00, 0x00, 0x00, 0x00, 0x00,
        0x00, 0x00, 0x00, 0x00, 0x00, 0x00, 0x00, 0x00, 0x00, 0x00, 0x00, 0x00, 0x00, 0x00, 0x00, 0x00,
        0x00, 0x00, 0x00, 0x00, 0x00, 0x00, 0x20, 0x00, 0x00, 0x00, 0x00, 0x00, 0x00, 0x00, 0x00, 0x00,
        0x00, 0x00, 0x00, 0x00, 0x00, 0x00, 0x00, 0x00, 0x00, 0x00, 0x00, 0x00, 0x00, 0x00, 0x00, 0x00,
        0x00, 0x00, 0x00, 0x00, 0x00, 0x00, 0x00, 0x00, 0x00, 0x00, 0x00, 0x80, 0x80, 0xC0, 0xE0, 0xE0,
        0xF0, 0xF0, 0xF0, 0xF8, 0xF8, 0xF8, 0xFC, 0xFC, 0xFC, 0xFC, 0xFC, 0xFE, 0xFE, 0xE0, 0x00, 0x00,
        0x00, 0x00, 0x10, 0x38, 0x41, 0x89, 0x92, 0x42, 0x34, 0x3C, 0x00, 0x00, 0xE0, 0xFC, 0xF8, 0xF8,
        0xD8, 0xF8, 0xF8, 0xFC, 0xFC, 0x3C, 0x3C, 0x70, 0xC0, 0xC0, 0xC0, 0xC0, 0xC0, 0x80, 0x00, 0x00,
        0x00, 0x00, 0x00, 0x00, 0x00, 0x00, 0x00, 0x00, 0x00, 0x0E, 0x1F, 0x7F, 0xFF, 0xFF, 0xFF, 0xFF,
        0xFF, 0xFF, 0xFF, 0xFF, 0xFF, 0xFF, 0xFF, 0xFF, 0xFF, 0xFF, 0xFF, 0xFF, 0xFF, 0xFF, 0xFC, 0xF8,
        0xF8, 0xF8, 0xF8, 0xF8, 0xF8, 0xFB, 0xF9, 0xF8, 0xF8, 0xF8, 0xF0, 0xFC, 0xFF, 0xFF, 0xFF, 0xFF,
        0xFF, 0xFF, 0xFF, 0xE7, 0xE3, 0xE0, 0xE0, 0x80, 0x00, 0x80, 0xD8, 0xEF, 0xC7, 0x03, 0x00, 0x00,
        0x00, 0x00, 0x00, 0x00, 0x00, 0x00, 0x00, 0x00, 0x00, 0x30, 0x3C, 0x3E, 0x3F, 0x3F, 0x1F, 0x1F,
        0x3F, 0x3F, 0xFF, 0xFF, 0xFF, 0xFF, 0xFF, 0xFF, 0xFF, 0xFF, 0xFF, 0xFF, 0xFF, 0xFF, 0xFF, 0xFF,
        0xFF, 0xFF, 0xFF, 0xFF, 0xFF, 0xFF, 0x3F, 0x3F, 0xFF, 0xFF, 0xFF, 0xFF, 0xFF, 0xFF, 0xFF, 0xFF,
        0xFF, 0xFF, 0xFF, 0xFF, 0xFF, 0xFF, 0xFF, 0xFF, 0x7F, 0x7F, 0x67, 0x07, 0x07, 0x00, 0x00, 0x00,
        0x00, 0x00, 0x00, 0x00, 0x00, 0x00, 0x00, 0x80, 0xE0, 0xE8, 0xFE, 0xFC, 0x30, 0x00, 0x60, 0xE0,
        0xC0, 0x00, 0x3F, 0xFF, 0xFF, 0xFF, 0x7F, 0x3F, 0x1F, 0x1F, 0x07, 0x03, 0x81, 0x07, 0x1F, 0x3F,
        0x7F, 0xFF, 0xFF, 0xFF, 0xFF, 0xFF, 0xFF, 0xFE, 0xFF, 0x7F, 0xFF, 0xFF, 0xCF, 0x0F, 0x1F, 0x3F,
        0x3F, 0x07, 0x03, 0x02, 0x03, 0x03, 0x03, 0xFA, 0xE0, 0xE0, 0x80, 0x00, 0x00, 0x00, 0x00, 0x00,
        0x80, 0xC0, 0xE0, 0xF0, 0xF8, 0xFC, 0xFF, 0xFF, 0xFF, 0xFF, 0xFF, 0x00, 0x00, 0x00, 0x00, 0x01,
        0x01, 0x01, 0x00, 0xFC, 0xFF, 0xFD, 0xC0, 0x00, 0x00, 0x00, 0x1C, 0x37, 0x03, 0x03, 0x03, 0x37,
        0x00, 0x00, 0x00, 0x01, 0x01, 0x01, 0x01, 0x03, 0x03, 0x03, 0x3E, 0x07, 0x03, 0x06, 0x0C, 0x00,
        0x00, 0xDC, 0x82, 0x9E, 0x0E, 0x00, 0x00, 0x01, 0x03, 0x0F, 0x3F, 0x3E, 0x78, 0x70, 0x20, 0x00,
        0x00, 0x00, 0x00, 0x01, 0x01, 0x01, 0x01, 0x01, 0x00, 0x00, 0x60, 0xE6, 0xE0, 0xC0, 0xC0, 0x80,
        0x00, 0x00, 0x40, 0xE3, 0xFF, 0xFF, 0xFF, 0xC7, 0xC6, 0x84, 0x80, 0x80, 0x00, 0x00, 0x00, 0x00,
        0x00, 0x00, 0x00, 0x00, 0x00, 0x00, 0x00, 0x00, 0x00, 0x00, 0x00, 0x00, 0x80, 0x80, 0xC0, 0xE0,
        0xF0, 0xF8, 0xFF, 0x07, 0x00, 0x00, 0x00, 0x00, 0x00, 0x80, 0xBF, 0xFF, 0xFC, 0xF8, 0xC0, 0x00,
        0x00, 0x00, 0x00, 0x00, 0x00, 0x00, 0x00, 0x00, 0x00, 0x00, 0x00, 0x1F, 0xFF, 0xFF, 0xFF, 0xFF,
        0xFF, 0xFE, 0xFE, 0xFF, 0xFF, 0xFF, 0xFF, 0xFF, 0xFF, 0xFF, 0xFF, 0xFF, 0xFF, 0xFF, 0xFF, 0xFF,
        0xFF, 0xFF, 0xFE, 0x7E, 0x7E, 0xFF, 0xFF, 0xFF, 0xFF, 0xFF, 0xFF, 0xFF, 0xFF, 0xFF, 0xFF, 0xFF,
        0xFF, 0xFF, 0xFD, 0xFF, 0xFF, 0xFE, 0xFF, 0xFF, 0xFE, 0xFF, 0xFF, 0xFF, 0xFF, 0xFF, 0xFF, 0x00
    },
    {
        0x00, 0x00, 0x00, 0x00, 0x00, 0x00, 0x00, 0x00, 0x00, 0x00, 0x00, 0x00, 0x00, 0x00, 0x00, 0x00,
        0x00, 0x00, 0x00, 0x00, 0x00, 0x00, 0x00, 0x00, 0x00, 0x00, 0x00, 0x00, 0x00, 0x00, 0x00, 0x00,
        0x00, 0x00, 0x00, 0x00, 0x00, 0x00, 0x20, 0x00, 0x00, 0x00, 0x00, 0x00, 0x00, 0x00, 0x00, 0x00,
        0x00, 0x00, 0x00, 0x00, 0x00, 0x00, 0x00, 0x00, 0x00, 0x00, 0x00, 0x00, 0x00, 0x00, 0x00, 0x00,
        0x00, 0x00, 0x00, 0x00, 0x00, 0x00, 0x00, 0x00, 0x00, 0x00, 0x00, 0x80, 0x80, 0xC0, 0xE0, 0xE0,
        0xF0, 0xF0, 0xF0, 0xF8, 0xF8, 0xF8, 0xFC, 0xFC, 0xFC, 0xFC, 0xFE, 0xFE, 0xFE, 0xF4, 0x00, 0x00,
        0x00, 0x00, 0x00, 0x18, 0x48, 0x88, 0x83, 0x42, 0x36, 0x3C, 0x00, 0x00, 0xE0, 0xFC, 0xF8, 0xF8,
        0xB8, 0xF8, 0xFC, 0xFC, 0xFC, 0x3C, 0x38, 0x38, 0xC0, 0xC0, 0xC0, 0xC0, 0xC0, 0x80, 0x00, 0x00,
        0x00, 0x00, 0x00, 0x00, 0x00, 0x00, 0x00, 0x00, 0x00, 0x0C, 0x1F, 0x7F, 0xFF, 0xFF, 0xFF, 0xFF,
        0xFF, 0xFF, 0xFF, 0xFF, 0xFF, 0xFF, 0xFF, 0xFF, 0xFF, 0xFF, 0xFF, 0xFF, 0xFF, 0xFF, 0xFE, 0xF8,
        0xF8, 0xF8, 0xF8, 0xF8, 0xF8, 0xFF, 0xF9, 0xF8, 0xF8, 0xF8, 0xF8, 0xF8, 0xFF, 0xFF, 0xFF, 0xFF,
        0xFF, 0xFF, 0xFF, 0xE7, 0x63, 0xE0, 0xE0, 0x80, 0x00, 0x80, 0xD8, 0xEE, 0xC7, 0x03, 0x00, 0x00,
        0x00, 0x00, 0x00, 0x00, 0x00, 0x00, 0x00, 0x00, 0x00, 0x30, 0x3C, 0x3E, 0x3F, 0x1F, 0x1F, 0x1F,
        0x1F, 0xFF, 0xFF, 0xFF, 0xFF, 0xFF, 0xFF, 0xFF, 0xFF, 0xFF, 0xFF, 0xFF, 0xFF, 0xFF, 0xFF, 0xFF,
        0xFF, 0xFF, 0xFF, 0xFF, 0xFF, 0xFF, 0x3F, 0x3F, 0xFF, 0xFF, 0xFF, 0xFF, 0xFF, 0xFF, 0xFF, 0xFF,
        0xFF, 0xFF, 0xFF, 0xFF, 0xFF, 0xFF, 0xFF, 0xFF, 0x7F, 0x7F, 0x6F, 0x07, 0x03, 0x01, 0x00, 0x00,
        0x00, 0x00, 0x00, 0x00, 0x00, 0x00, 0x00, 0x80, 0xE0, 0xE0, 0xFE, 0xFC, 0x30, 0x20, 0x20, 0xF0,
        0xF0, 0x81, 0x1F, 0x7F, 0xFF, 0xFF, 0x7F, 0x7F, 0x3F, 0x0F, 0x07, 0x01, 0x85, 0x87, 0x1F, 0x3F,
        0x7F, 0xFF, 0xFF, 0xFF, 0xFF, 0xFF, 0xFF, 0xFE, 0xFF, 0x7F, 0xFF, 0xFF, 0x8F, 0x0F, 0x1F, 0x3F,
        0x27, 0x07, 0x03, 0x02, 0x03, 0x03, 0x03, 0xFC, 0xE0, 0xF0, 0x80, 0x00, 0x00, 0x00, 0x00, 0x00,
        0x40, 0xE0, 0xF0, 0xF8, 0xFC, 0xFE, 0xFF, 0xFF, 0xFF, 0xFF, 0xFF, 0x70, 0x00, 0x00, 0x00, 0x00,
        0x01, 0x01, 0x00, 0xF8, 0xFF, 0xFD, 0xC0, 0x00, 0x00, 0x00, 0x1C, 0x37, 0x03, 0x01, 0x03, 0x37,
        0x00, 0x00, 0x00, 0x00, 0x01, 0x01, 0x03, 0x03, 0x03, 0x03, 0x3E, 0x07, 0x03, 0x07, 0x1C, 0x00,
        0x00, 0xF4, 0xCE, 0x8A, 0x0F, 0x00, 0x00, 0x00, 0x01, 0x07, 0x3F, 0x7E, 0x78, 0x70, 0x40, 0x00,
        0x00, 0x00, 0x00, 0x00, 0x00, 0x00, 0x00, 0x00, 0x00, 0x00, 0x00, 0xF0, 0xE0, 0xE0, 0xC0, 0x80,
        0x00, 0x00, 0x00, 0xFF, 0xFF, 0xFF, 0xFF, 0xC7, 0xC4, 0x00, 0x80, 0x80, 0x00, 0x00, 0x00, 0x00,
        0x00, 0x00, 0x00, 0x00, 0x00, 0x00, 0x00, 0x00, 0x00, 0x00, 0x00, 0x80, 0x80, 0xC0, 0xC0, 0xE0,
        0xF0, 0xF8, 0xFF, 0x03, 0x00, 0x00, 0x00, 0x00, 0x00, 0x88, 0xFE, 0xFF, 0xFE, 0xF8, 0xE0, 0x00,
        0x00, 0x00, 0x00, 0x00, 0x00, 0x00, 0x00, 0x00, 0x00, 0x00, 0x00, 0xFF, 0xFF, 0xFF, 0xFF, 0xFF,
        0xFF, 0xFF, 0xFF, 0xFF, 0xFF, 0xFF, 0xFF, 0xFF, 0xFF, 0xFF, 0xFF, 0xFF, 0xFF, 0xFF, 0xFF, 0xFF,
        0xFF, 0xFF, 0xFF, 0x7F, 0x7E, 0xFF, 0xFF, 0xFF, 0xFF, 0xFF, 0xFF, 0xFF, 0xFF, 0xFF, 0xFF, 0xFF,
        0xFF, 0xFF, 0xFC, 0xFF, 0xFF, 0xFF, 0xFF, 0xFE, 0xFE, 0xFF, 0xFF, 0xFF, 0xFF, 0xFF, 0x0F, 0x00
    },
    {
        0x00, 0x00, 0x00, 0x00, 0x00, 0x00, 0x00, 0x00, 0x00, 0x00, 0x00, 0x00, 0x00, 0x00, 0x00, 0x00,
        0x00, 0x00, 0x00, 0x00, 0x00, 0x00, 0x00, 0x00, 0x00, 0x00, 0x00, 0x00, 0x00, 0x00, 0x00, 0x00,
        0x00, 0x00, 0x00, 0x00, 0x00, 0x00, 0x20, 0x00, 0x00, 0x00, 0x00, 0x00, 0x00, 0x00, 0x00, 0x00,
        0x00, 0x00, 0x00, 0x00, 0x00, 0x00, 0x00, 0x00, 0x00, 0x00, 0x00, 0x00, 0x00, 0x00, 0x00, 0x00,
        0x00, 0x00, 0x00, 0x00, 0x00, 0x00, 0x00, 0x00, 0x00, 0x00, 0x00, 0x80, 0xC0, 0xC0, 0xE0, 0xE0,
        0xF0, 0xF0, 0xF8, 0xF8, 0xF8, 0xFC, 0xFC, 0xFC, 0xFC, 0xFE, 0xFE, 0xFE, 0xFE, 0xFC, 0x00, 0x00,
        0x00, 0x00, 0x08, 0x18, 0x24, 0xC4, 0x89, 0xC2, 0x72, 0x3C, 0x00, 0x00, 0xC0, 0xFC, 0xFC, 0xF8,
        0xF8, 0xF8, 0xFC, 0xFC, 0xFE, 0x3C, 0x3C, 0x38, 0xE0, 0xC0, 0x60, 0xE0, 0xE0, 0xC0, 0x00, 0x00,
        0x00, 0x00, 0x00, 0x00, 0x00, 0x00, 0x00, 0x00, 0x00, 0x00, 0x0F, 0x3F, 0xFF, 0xFF, 0xFF, 0xFF,
        0xFF, 0xFF, 0xFF, 0xFF, 0xFF, 0xFF, 0xFF, 0xFF, 0xFF, 0xFF, 0xFF, 0xFF, 0xFF, 0xFF, 0xFF, 0xFC,
        0xFC, 0xFC, 0xFC, 0xFC, 0xFC, 0xFD, 0xF9, 0xF8, 0xF8, 0xF8, 0xF8, 0xF8, 0xFF, 0xFF, 0xFF, 0xFF,
        0xFF, 0xFF, 0xFF, 0xF7, 0xE3, 0xE0, 0xE0, 0xC0, 0x80, 0x80, 0x8C, 0xF6, 0xE7, 0x83, 0x00, 0x00,
        0x00, 0x00, 0x00, 0x00, 0x00, 0x00, 0x00, 0x00, 0x00, 0x30, 0x38, 0x3E, 0x1F, 0x1F, 0x1F, 0x1F,
        0x1F, 0x7F, 0xFF, 0xFF, 0xFF, 0xFF, 0xFF, 0xFF, 0xFF, 0xFF, 0xFF, 0xFF, 0xFF, 0xFF, 0xFF, 0xFF,
        0xFF, 0xFF, 0xFF, 0xFF, 0xFF, 0xFF, 0x1F, 0x3F, 0xFF, 0xFF, 0xFF, 0xFF, 0xFF, 0xFF, 0xFF, 0xFF,
        0xFF, 0xFF, 0xFF, 0xFF, 0xFF, 0xFF, 0xFF, 0xFF, 0x7F, 0x7F, 0x37, 0x07, 0x03, 0x01, 0x00, 0x00,
        0x00, 0x00, 0x00, 0x00, 0x00, 0x00, 0x00, 0xC0, 0xE0, 0xF8, 0xFE, 0xFC, 0xFC, 0x18, 0x10, 0x10,
        0x38, 0x78, 0x61, 0x0F, 0x0F, 0x3F, 0x7F, 0x3F, 0x1F, 0x0F, 0x07, 0x03, 0x83, 0x87, 0x8F, 0x3F,
        0x7F, 0x7F, 0xFF, 0xFF, 0xFF, 0xFF, 0xFF, 0xFE, 0xFF, 0x7F, 0xFF, 0xF7, 0xC7, 0x0F, 0x1F, 0x1F,
        0x3F, 0x67, 0xC3, 0x02, 0x03, 0x03, 0x01, 0x02, 0x1C, 0xF0, 0x80, 0x00, 0x00, 0x00, 0x00, 0x00,
        0x40, 0x60, 0xF0, 0xF8, 0xFC, 0xFE, 0xFF, 0xFF, 0xFF, 0xFF, 0xFF, 0x7F, 0x38, 0x00, 0x00, 0x00,
        0x00, 0x00, 0x00, 0x00, 0xF8, 0xFE, 0xC0, 0x00, 0x00, 0x00, 0x00, 0x3F, 0x03, 0x01, 0x03, 0x03,
        0x1E, 0x00, 0x00, 0x01, 0x01, 0x01, 0x01, 0x03, 0x03, 0x03, 0x1E, 0x07, 0x03, 0x03, 0x1E, 0x00,
        0x00, 0x78, 0xFF, 0xF7, 0xC4, 0x0F, 0x03, 0x00, 0x00, 0x00, 0x01, 0x3E, 0x78, 0x60, 0x40, 0x00,
        0x00, 0x00, 0x00, 0x00, 0x00, 0x00, 0x00, 0x00, 0x00, 0x00, 0x00, 0xF0, 0xF8, 0xF8, 0xF0, 0xE0,
        0xC0, 0x80, 0x80, 0x8E, 0xFF, 0xFF, 0xFF, 0xFF, 0xC0, 0x00, 0x80, 0x80, 0x80, 0x80, 0x00, 0x00,
        0x00, 0x00, 0x00, 0x00, 0x00, 0x00, 0x00, 0x00, 0x00, 0x00, 0x80, 0x80, 0x80, 0xC0, 0xC0, 0xE0,
        0xF0, 0xF8, 0x1F, 0x87, 0x01, 0x00, 0x00, 0x00, 0x00, 0x60, 0xE0, 0xFE, 0xFF, 0xFE, 0xF8, 0x00,
        0x00, 0x00, 0x00, 0x00, 0x00, 0x00, 0x00, 0x00, 0x00, 0x00, 0xC0, 0xFF, 0xFF, 0xFF, 0xFF, 0xFF,
        0xFF, 0xFF, 0xFF, 0xFF, 0xFF, 0xFF, 0xFF, 0xFF, 0xFF, 0xFF, 0xFF, 0xFF, 0xFF, 0xFF, 0xFF, 0xFF,
        0xFF, 0xFF, 0xFF, 0xFF, 0x3F, 0x7F, 0xFF, 0xFF, 0xFF, 0xFF, 0xFF, 0xFF, 0xFF, 0xFF, 0xFF, 0xFF,
        0xFF, 0xFF, 0xFE, 0xFF, 0xFF, 0xFF, 0xFF, 0xFF, 0xFE, 0xFF, 0xFF, 0xFF, 0x7F, 0x1F, 0x07, 0x00
    },
    {
        0x00, 0x00, 0x00, 0x00, 0x00, 0x00, 0x00, 0x00, 0x00, 0x00, 0x00, 0x00, 0x00, 0x00, 0x00, 0x00,
        0x00, 0x00, 0x00, 0x00, 0x00, 0x00, 0x00, 0x00, 0x00, 0x00, 0x00, 0x00, 0x00, 0x00, 0x00, 0x00,
        0x00, 0x00, 0x00, 0x00, 0x00, 0x80, 0x10, 0x00, 0x00, 0x00, 0x00, 0x00, 0x00, 0x00, 0x00, 0x00,
        0x00, 0x00, 0x00, 0x00, 0x00, 0x00, 0x00, 0x00, 0x00, 0x00, 0x00, 0x00, 0x00, 0x00, 0x00, 0x00,
        0x00, 0x00, 0x00, 0x00, 0x00, 0x00, 0x00, 0x00, 0x00, 0x00, 0x00, 0x80, 0xC0, 0xC0, 0xE0, 0xE0,
        0xF0, 0xF0, 0xF8, 0xF8, 0xF8, 0xFC, 0xFC, 0xFC, 0xFE, 0xFE, 0xFE, 0xFE, 0xFE, 0xFE, 0xC0, 0x00,
        0x00, 0x00, 0x00, 0x08, 0x30, 0xC4, 0x8D, 0xE1, 0x73, 0x1E, 0x08, 0x00, 0x00, 0xFC, 0xFC, 0xFC,
        0xFC, 0xF8, 0xFC, 0xFC, 0xFE, 0x3E, 0x1E, 0x3C, 0x78, 0x60, 0x60, 0x60, 0xE0, 0xC0, 0x00, 0x00,
        0x00, 0x00, 0x00, 0x00, 0x00, 0x00, 0x00, 0x00, 0x00, 0x00, 0x0F, 0x1F, 0x7F, 0xFF, 0xFF, 0xFF,
        0xFF, 0xFF, 0xFF, 0xFF, 0xFF, 0xFF, 0xFF, 0xFF, 0xFF, 0xFF, 0xFF, 0xFF, 0xFF, 0xFF, 0xFF, 0xFC,
        0xFC, 0xFC, 0xFC, 0xFC, 0xFC, 0xFC, 0xFD, 0xF8, 0xFC, 0xF8, 0xF8, 0xF8, 0xFF, 0xFF, 0xFF, 0xFF,
        0xFF, 0xFF, 0x7F, 0xFF, 0xE3, 0xE0, 0xF0, 0xE0, 0x80, 0x80, 0x84, 0xFE, 0xF7, 0xC3, 0x00, 0x00,
        0x00, 0x00, 0x00, 0x00, 0x00, 0x00, 0x00, 0x00, 0x00, 0x00, 0x38, 0x3E, 0x1F, 0x1F, 0x1F, 0x0F,
        0x0F, 0x0F, 0x1F, 0x3F, 0xFF, 0xFF, 0xFF, 0xFF, 0xFF, 0xFF, 0xFF, 0xFF, 0xFF, 0xFF, 0xFF, 0xFF,
        0xFF, 0xFF, 0xFF, 0xFF, 0xFF, 0xFF, 0x9F, 0x1F, 0xFF, 0xFF, 0xFF, 0xFF, 0xFF, 0xFF, 0xFF, 0xFF,
        0xFF, 0xFF, 0xFF, 0x7F, 0xFF, 0xFF, 0xFF, 0xFF, 0x7F, 0x3F, 0x3F, 0x07, 0x03, 0x01, 0x00, 0x00,
        0x00, 0x00, 0x00, 0x00, 0x00, 0x00, 0x80, 0xC0, 0xE0, 0xF8, 0xFE, 0xFE, 0xFE, 0xFE, 0xFC, 0x0C,
        0x00, 0x00, 0x1C, 0x3C, 0x38, 0x03, 0x07, 0x1F, 0x1F, 0x0F, 0x07, 0x03, 0x83, 0x83, 0x8F, 0x9F,
        0x7F, 0x7F, 0xFF, 0xFF, 0xFF, 0xFF, 0xFF, 0xFE, 0xFF, 0x7F, 0x7F, 0xFF, 0x87, 0x0F, 0x0F, 0x1F,
        0x1F, 0x3F, 0xF7, 0xF3, 0xE3, 0x83, 0x01, 0x81, 0x81, 0x00, 0x00, 0x00, 0x00, 0x00, 0x00, 0x00,
        0x20, 0x70, 0x70, 0x78, 0xFC, 0xFE, 0xFF, 0xFF, 0xFF, 0x7F, 0x3F, 0x1F, 0x1F, 0x0F, 0x0F, 0x00,
        0x00, 0x00, 0x00, 0x00, 0x00, 0xC0, 0xFC, 0xF8, 0xC0, 0x00, 0x00, 0x1F, 0x13, 0x01, 0x01, 0x03,
        0x1F, 0x00, 0x00, 0x00, 0x01, 0x01, 0x01, 0x01, 0x01, 0x02, 0x06, 0x17, 0x03, 0x03, 0x1E, 0x00,
        0x00, 0x00, 0xFF, 0xFF, 0xFF, 0xF7, 0x83, 0x07, 0x07, 0x00, 0x00, 0x00, 0x00, 0x60, 0x00, 0x00,
        0x00, 0x00, 0x00, 0x00, 0x00, 0x00, 0x00, 0x00, 0x00, 0x00, 0x00, 0x80, 0xF8, 0xFE, 0xFE, 0xFE,
        0xF0, 0xE0, 0xE0, 0xC0, 0xC0, 0xFF, 0xFF, 0xFF, 0xBF, 0x80, 0x80, 0x80, 0x80, 0x80, 0x80, 0x80,
        0x00, 0x00, 0x00, 0x00, 0x00, 0x00, 0x00, 0x00, 0x80, 0x80, 0x80, 0x80, 0xC0, 0xC0, 0xC0, 0xE0,
        0xF0, 0xF8, 0x4F, 0x87, 0xC3, 0xC1, 0xC0, 0x80, 0x00, 0x00, 0x82, 0xF0, 0xFC, 0xFF, 0xFE, 0xF0,
        0x00, 0x00, 0x00, 0x00, 0x00, 0x00, 0x00, 0x00, 0x00, 0x80, 0xF0, 0xFF, 0xFF, 0xFF, 0xFF, 0xFF,
        0xFF, 0xFF, 0xFF, 0xFF, 0xFF, 0xFF, 0xFF, 0xFF, 0xFF, 0xFF, 0xFF, 0xFF, 0xFF, 0xFF, 0xFF, 0xFF,
        0xFF, 0xFF, 0xFF, 0xFF, 0x3F, 0x7F, 0xFF, 0xFF, 0xFF, 0xFF, 0xFF, 0xFF, 0xFF, 0xFF, 0xFF, 0xFF,
        0xFF, 0xFF, 0xFF, 0xFF, 0xFF, 0xFF, 0xFF, 0xFF, 0xFF, 0xFE, 0xFF, 0x7F, 0x3F, 0x0F, 0x07, 0x01
    },
    {
        0x00, 0x00, 0x00, 0x00, 0x00, 0x00, 0x00, 0x00, 0x00, 0x00, 0x00, 0x00, 0x00, 0x00, 0x00, 0x00,
        0x00, 0x00, 0x00, 0x00, 0x00, 0x00, 0x00, 0x00, 0x00, 0x00, 0x00, 0x00, 0x00, 0x00, 0x00, 0x00,
        0x00, 0x00, 0x00, 0x00, 0x00, 0x80, 0x80, 0x00, 0x00, 0x00, 0x00, 0x00, 0x00, 0x00, 0x00, 0x00,
        0x00, 0x00, 0x00, 0x00, 0x00, 0x00, 0x00, 0x00, 0x00, 0x00, 0x00, 0x00, 0x00, 0x00, 0x00, 0x00,
        0x00, 0x00, 0x00, 0x00, 0x00, 0x00, 0x00, 0x00, 0x00, 0x00, 0x00, 0x80, 0xC0, 0xC0, 0xE0, 0xF0,
        0xF0, 0xF8, 0xF8, 0xF8, 0xFC, 0xFC, 0xFC, 0xFE, 0xFE, 0xFE, 0xFE, 0xFE, 0xFF, 0xFF, 0xF8, 0x00,
        0x00, 0x00, 0x00, 0x08, 0x1C, 0x34, 0xC4, 0xC0, 0x31, 0x1B, 0x1C, 0x00, 0x00, 0xF8, 0xFE, 0xFC,
        0xFC, 0xFC, 0xFC, 0xFE, 0xFE, 0xFE, 0x1E, 0x1E, 0x38, 0xE0, 0x60, 0x70, 0xE0, 0xE0, 0xC0, 0x00,
        0x00, 0x00, 0x00, 0x00, 0x00, 0x00, 0x00, 0x00, 0x00, 0x00, 0x06, 0x0F, 0x3F, 0xFF, 0xFF, 0xFF,
        0xFF, 0xFF, 0xFF, 0xFF, 0xFF, 0xFF, 0xFF, 0xFF, 0xFF, 0xFF, 0xFF, 0xFF, 0xFF, 0xFF, 0xFF, 0xFC,
        0xFC, 0xFC, 0xFC, 0xFC, 0xFC, 0xFC, 0xFF, 0xFD, 0xFC, 0xFC, 0xF8, 0xF8, 0xFC, 0xFF, 0xFF, 0xFF,
        0xFF, 0xFF, 0xFF, 0xFF, 0xF3, 0xF1, 0xF0, 0xF0, 0xC0, 0x80, 0xC0, 0xEC, 0xF7, 0xE3, 0x81, 0x00,
        0x00, 0x00, 0x00, 0x00, 0x00, 0x00, 0x00, 0x00, 0x00, 0x00, 0x18, 0x1C, 0xFF, 0xFF, 0x9F, 0x0F,
        0x0F, 0x07, 0x07, 0x07, 0x07, 0x0F, 0x1F, 0x7F, 0xFF, 0xFF, 0xFF, 0xFF, 0xFF, 0xFF, 0xFF, 0xFF,
        0xFF, 0xFF, 0xFF, 0xFF, 0xFF, 0xFF, 0xFF, 0x1F, 0x3F, 0xFF, 0xFF, 0xFF, 0xFF, 0xFF, 0xFF, 0xFF,
        0xFF, 0xFF, 0xFF, 0x7F, 0xFF, 0xFF, 0xFF, 0xFF, 0x7F, 0x3F, 0x3F, 0x37, 0x03, 0x03, 0x00, 0x00,
        0x00, 0x00, 0x00, 0x00, 0x00, 0x00, 0x00, 0xC0, 0xE0, 0xF0, 0xF8, 0xFF, 0xFF, 0xFF, 0xFF, 0xF9,
        0xFD, 0x3E, 0x06, 0x00, 0x02, 0x06, 0x1E, 0x18, 0x01, 0x07, 0x07, 0x03, 0x81, 0xC0, 0xC3, 0x8F,
        0xBF, 0x3F, 0x7F, 0x7F, 0xFF, 0xFF, 0xFF, 0xFF, 0xFF, 0xFF, 0x7F, 0x7F, 0xE3, 0x87, 0x0F, 0x0F,
        0x1F, 0x1F, 0x3F, 0xFF, 0xFF, 0xFF, 0xF3, 0xE2, 0x82, 0x02, 0x00, 0x00, 0x00, 0x00, 0x00, 0x00,
        0x00, 0x60, 0x70, 0x78, 0x7C, 0x7E, 0x7F, 0x7F, 0x7F, 0x7F, 0x7F, 0x7F, 0x3F, 0x1F, 0x0F, 0x0F,
        0x07, 0x07, 0x00, 0x00, 0x00, 0x00, 0x00, 0x80, 0xF4, 0xF8, 0xE0, 0x0E, 0x1B, 0x01, 0x01, 0x01,
        0x1B, 0x00, 0x00, 0x00, 0x00, 0x01, 0x01, 0x01, 0x01, 0x01, 0x01, 0x1F, 0x03, 0x01, 0x03, 0x0E,
        0x00, 0x00, 0x7E, 0xFF, 0xFF, 0xFF, 0xFF, 0x9F, 0x83, 0x0C, 0x0F, 0x01, 0x00, 0x00, 0x00, 0x00,
        0x00, 0x00, 0x00, 0x00, 0x00, 0x00, 0x00, 0x00, 0x00, 0x00, 0x00, 0x00, 0xC0, 0xF8, 0xFE, 0xFF,
        0xFF, 0xFF, 0xF8, 0xF0, 0xE0, 0xE0, 0xFD, 0xFF, 0xFF, 0xFF, 0x8F, 0x80, 0x80, 0xC0, 0x80, 0x80,
        0x80, 0x80, 0x80, 0x80, 0x00, 0x00, 0x00, 0x80, 0x80, 0x80, 0x80, 0x80, 0xC0, 0xC0, 0xE0, 0xE0,
        0xF0, 0xF8, 0xFC, 0x0F, 0x87, 0xC3, 0x80, 0x81, 0x00, 0x00, 0x00, 0x80, 0xE0, 0xF8, 0xFC, 0xFE,
        0x00, 0x00, 0x00, 0x00, 0x00, 0x00, 0x00, 0x00, 0x00, 0x00, 0xC0, 0xFE, 0xFF, 0xFF, 0xFF, 0xFF,
        0xFF, 0xFF, 0xFF, 0xFF, 0xFF, 0xFF, 0xFF, 0xFF, 0xFF, 0xFF, 0xFF, 0xFF, 0xFF, 0xFF, 0xFF, 0xFF,
        0xFF, 0xFF, 0xFF, 0xFF, 0x3F, 0x3F, 0x7F, 0xFF, 0xFF, 0xFF, 0xFF, 0xFF, 0xFF, 0xFF, 0xFF, 0xFF,
        0xFF, 0xFF, 0xFF, 0xFF, 0xFF, 0xFF, 0xFF, 0xFF, 0xFF, 0xFE, 0xFF, 0xFF, 0x7F, 0x1F, 0x0F, 0x07
    },
    {
        0x00, 0x00, 0x00, 0x00, 0x00, 0x00, 0x00, 0x00, 0x00, 0x00, 0x00, 0x00, 0x00, 0x00, 0x00, 0x00,
        0x00, 0x00, 0x00, 0x00, 0x00, 0x00, 0x00, 0x00, 0x00, 0x00, 0x00, 0x00, 0x00, 0x00, 0x00, 0x00,
        0x00, 0x00, 0x00, 0x00, 0x00, 0x00, 0xA0, 0x00, 0x00, 0x00, 0x00, 0x00, 0x00, 0x00, 0x00, 0x00,
        0x00, 0x00, 0x00, 0x00, 0x00, 0x00, 0x00, 0x00, 0x00, 0x00, 0x00, 0x00, 0x00, 0x00, 0x00, 0x00,
        0x00, 0x00, 0x00, 0x00, 0x00, 0x00, 0x00, 0x00, 0x00, 0x00, 0x00, 0x00, 0x80, 0xC0, 0xE0, 0xE0,
        0xF0, 0xF0, 0xF8, 0xF8, 0xF8, 0xFC, 0xFC, 0xFE, 0xFE, 0xFE, 0xFE, 0xFE, 0xFF, 0xFF, 0xFE, 0xE0,
        0x00, 0x00, 0x00, 0x00, 0x08, 0x14, 0x66, 0xCC, 0x61, 0x31, 0x1E, 0x0C, 0x00, 0x40, 0xFE, 0xFE,
        0xFC, 0xFC, 0xF8, 0xFC, 0xFE, 0xFE, 0x3E, 0x1E, 0x1C, 0x38, 0x60, 0x60, 0x70, 0xE0, 0xE0, 0x00,
        0x00, 0x00, 0x00, 0x00, 0x00, 0x00, 0x00, 0x00, 0x00, 0x00, 0x00, 0x07, 0x1F, 0xFF, 0xFF, 0xFF,
        0xFF, 0xFF, 0xFF, 0xFF, 0xFF, 0xFF, 0xFF, 0xFF, 0xFF, 0xFF, 0xFF, 0xFF, 0xFF, 0xFF, 0xFF, 0xFF,
        0xFC, 0xFC, 0xFC, 0xFC, 0xFC, 0xFC, 0xFC, 0xFD, 0xFC, 0xFC, 0xFC, 0xF8, 0xF8, 0xFF, 0xFF, 0xFF,
        0xFF, 0xFF, 0xFF, 0xFF, 0xFF, 0xF1, 0xF1, 0xF0, 0xE0, 0xC0, 0x80, 0xC4, 0xFE, 0xF7, 0xC3, 0x00,
        0x00, 0x00, 0x00, 0x00, 0x00, 0x00, 0x00, 0x00, 0x00, 0x00, 0x00, 0x1C, 0x9E, 0xFF, 0xFF, 0xFF,
        0xFF, 0xFF, 0x9F, 0x0F, 0x0F, 0x0F, 0x0F, 0x07, 0x07, 0x1F, 0x7F, 0xFF, 0xFF, 0xFF, 0xFF, 0xFF,
        0xFF, 0xFF, 0xFF, 0xFF, 0xFF, 0xFF, 0xFF, 0x9F, 0x1F, 0x7F, 0xFF, 0xFF, 0xFF, 0xFF, 0xFF, 0xFF,
        0xFF, 0xFF, 0xFF, 0xFF, 0x7F, 0xFF, 0xFF, 0xFF, 0x7F, 0xFF, 0x3F, 0x3F, 0x03, 0x03, 0x01, 0x00,
        0x00, 0x00, 0x00, 0x00, 0x00, 0x00, 0x00, 0x00, 0xC0, 0xE0, 0xF0, 0xFE, 0xFF, 0xFF, 0xFF, 0xFF,
        0xF8, 0xFF, 0xFF, 0xFF, 0x1E, 0x0C, 0x00, 0x00, 0x3C, 0x7C, 0x70, 0x07, 0x01, 0x80, 0xC1, 0x87,
        0x9F, 0x3F, 0x3F, 0x7F, 0xFF, 0xFF, 0xFF, 0xFF, 0xFF, 0xFF, 0xBF, 0x7F, 0xFF, 0xE3, 0x87, 0x0F,
        0x1F, 0x1F, 0x3F, 0xFF, 0xFF, 0xFF, 0xFF, 0xFF, 0xFC, 0xF8, 0x8C, 0x00, 0x00, 0x00, 0x00, 0x00,
        0x00, 0x00, 0x60, 0x70, 0x78, 0x7C, 0x7E, 0xFF, 0xFF, 0x7F, 0x7F, 0x7F, 0x7F, 0x3F, 0x3F, 0x7F,
        0x7F, 0x3F, 0x1F, 0x0F, 0x00, 0x00, 0x00, 0x00, 0x00, 0x00, 0x00, 0xEC, 0xDF, 0x13, 0x01, 0x01,
        0x03, 0x1F, 0x00, 0x00, 0x00, 0x00, 0x00, 0x01, 0x01, 0x01, 0x01, 0x07, 0x13, 0x01, 0x01, 0x1B,
        0x00, 0x00, 0x30, 0xFF, 0xFF, 0xFF, 0xFF, 0x7F, 0x1F, 0x0F, 0x27, 0x3C, 0x0C, 0x00, 0x00, 0x00,
        0x00, 0x00, 0x00, 0x00, 0x00, 0x00, 0x00, 0x00, 0x00, 0x00, 0x00, 0x00, 0x00, 0x80, 0xE0, 0xFE,
        0xFF, 0xFE, 0xFC, 0xF8, 0xE0, 0xC0, 0x80, 0xE0, 0xF8, 0xFC, 0xFF, 0xFF, 0x8F, 0xC0, 0x80, 0x80,
        0x80, 0x80, 0x80, 0x80, 0x80, 0x00, 0x00, 0x80, 0x80, 0x80, 0x80, 0x80, 0x80, 0xC0, 0xC0, 0xE0,
        0xE0, 0xF0, 0xF8, 0xFF, 0x0F, 0x03, 0x01, 0x00, 0x06, 0x03, 0x00, 0x00, 0xC0, 0x80, 0xE0, 0xF0,
        0x00, 0x00, 0x00, 0x00, 0x00, 0x00, 0x00, 0x00, 0x00, 0x00, 0x00, 0x80, 0xFC, 0xFF, 0xFF, 0xFF,
        0xFF, 0xFF, 0xFF, 0xFF, 0xFF, 0xFF, 0xFF, 0xFF, 0xFF, 0xFF, 0xFF, 0xFF, 0xFF, 0xFF, 0xFF, 0xFF,
        0xFF, 0xFF, 0xFF, 0xFF, 0x7F, 0x3F, 0x7F, 0xFF, 0xFF, 0xFF, 0xFF, 0xFF, 0xFF, 0xFF, 0xFF, 0xFF,
        0xFF, 0xFF, 0xFF, 0xFE, 0xFE, 0xFF, 0xFF, 0xFE, 0xFE, 0xF8, 0xF8, 0xFE, 0xFF, 0xFF, 0x7F, 0x1F
    },
    {
        0x00, 0x00, 0x00, 0x00, 0x00, 0x00, 0x00, 0x00, 0x00, 0x00, 0x00, 0x00, 0x00, 0x00, 0x00, 0x00,
        0x00, 0x00, 0x00, 0x00, 0x00, 0x00, 0x00, 0x00, 0x00, 0x00, 0x00, 0x00, 0x00, 0x00, 0x00, 0x00,
        0x00, 0x00, 0x00, 0x00, 0x00, 0x00, 0x00, 0x20, 0x20, 0x00, 0x00, 0x00, 0x00, 0x00, 0x00, 0x00,
        0x00, 0x00, 0x00, 0x00, 0x00, 0x00, 0x00, 0x00, 0x00, 0x00, 0x00, 0x00, 0x00, 0x00, 0x00, 0x00,
        0x00, 0x00, 0x00, 0x00, 0x00, 0x00, 0x00, 0x00, 0x00, 0x00, 0x00, 0x00, 0x80, 0x80, 0xC0, 0xE0,
        0xE0, 0xF0, 0xF0, 0xF8, 0xF8, 0xF8, 0xFC, 0xFC, 0xFC, 0xFC, 0xFE, 0xFE, 0xFE, 0xFE, 0xFE, 0xC0,
        0x00, 0x00, 0x00, 0x00, 0x08, 0x1C, 0x41, 0x8D, 0xC1, 0x72, 0x3E, 0x08, 0x00, 0x80, 0xFC, 0xFC,
        0xFC, 0xF8, 0xF8, 0xF8, 0xFC, 0xFE, 0x7E, 0x3C, 0x3C, 0x78, 0xE0, 0x60, 0x60, 0xE0, 0xC0, 0x00,
        0x00, 0x00, 0x00, 0x00, 0x00, 0x00, 0x00, 0x00, 0x00, 0x00, 0x00, 0x0F, 0x1F, 0x7F, 0xFF, 0xFF,
        0xFF, 0xFF, 0xFF, 0xFF, 0xFF, 0xFF, 0xFF, 0xFF, 0xFF, 0xFF, 0xFF, 0xFF, 0xFF, 0xFF, 0xFF, 0xFF,
        0xFC, 0xF8, 0xFC, 0xF8, 0xF8, 0xF8, 0xF8, 0xFF, 0xFC, 0xF8, 0xF8, 0xF8, 0xF8, 0xFE, 0xFF, 0xEF,
        0xFF, 0xFF, 0xFF, 0xFF, 0xFF, 0xE3, 0xE2, 0xE0, 0xE0, 0x80, 0x80, 0x84, 0xFC, 0xF7, 0xC7, 0x00,
        0x00, 0x00, 0x00, 0x00, 0x00, 0x00, 0x00, 0x00, 0x00, 0x00, 0x00, 0x38, 0x3C, 0xFF, 0xFF, 0xFF,
        0xFF, 0xFF, 0xFF, 0x7F, 0x3F, 0x3F, 0x3F, 0x3F, 0x3F, 0x3F, 0x7F, 0xFF, 0xFF, 0xFF, 0xFF, 0xFF,
        0xFF, 0xFF, 0xFF, 0xFF, 0xFF, 0xFF, 0xFF, 0xFF, 0x1F, 0x7F, 0xFF, 0xFF, 0xFF, 0xFF, 0xFF, 0xFF,
        0xFF, 0xFF, 0xFF, 0xFF, 0x7F, 0xFF, 0xFF, 0xFF, 0xFF, 0xFF, 0x7F, 0x3F, 0x27, 0x07, 0x03, 0x00,
        0x00, 0x00, 0x00, 0x00, 0x00, 0x00, 0x00, 0x00, 0x80, 0xE0, 0xE0, 0xF4, 0xFF, 0xFF, 0xFF, 0xFF,
        0xF8, 0xFF, 0xFF, 0xFE, 0xFC, 0x70, 0x20, 0x00, 0xE0, 0xE0, 0x80, 0x07, 0x03, 0x83, 0x83, 0x87,
        0x9F, 0x3F, 0x7F, 0x7F, 0xFF, 0xFE, 0xFF, 0xFF, 0xFF, 0xFE, 0xFF, 0x7F, 0x7F, 0xE7, 0x87, 0x0F,
        0x1F, 0x1F, 0x3F, 0xFF, 0xFF, 0xFF, 0xFF, 0xFF, 0xFC, 0xF0, 0xE4, 0xE0, 0x00, 0x00, 0x00, 0x00,
        0x00, 0x00, 0x40, 0xE0, 0xF0, 0xF8, 0xFC, 0xFF, 0xFF, 0xFF, 0xFF, 0xFF, 0x7F, 0x7F, 0x3F, 0x7F,
        0xFF, 0xFF, 0xFF, 0x7F, 0x3F, 0x00, 0x00, 0x00, 0x00, 0x01, 0x01, 0x00, 0x38, 0x13, 0x01, 0x01,
        0x03, 0x1F, 0x00, 0x00, 0x00, 0x00, 0x01, 0x01, 0x01, 0x03, 0x03, 0x03, 0x17, 0x03, 0x03, 0x17,
        0x00, 0x00, 0x00, 0xFF, 0xFF, 0xFF, 0xFF, 0xFF, 0x1F, 0x1F, 0x1F, 0x5F, 0xF0, 0x30, 0x00, 0x00,
        0x00, 0x00, 0x00, 0x00, 0x00, 0x00, 0x00, 0x00, 0x00, 0x00, 0x00, 0x00, 0x00, 0x00, 0x80, 0xF8,
        0xFF, 0xFF, 0xFF, 0xF2, 0x80, 0x00, 0x00, 0x00, 0xC0, 0xC0, 0xC0, 0xE0, 0xFE, 0x80, 0x80, 0x80,
        0x80, 0x00, 0x00, 0x00, 0x00, 0x00, 0x00, 0x00, 0x00, 0x00, 0x80, 0x80, 0x80, 0x80, 0xC0, 0xC0,
        0xE0, 0xF0, 0xF8, 0xFD, 0x0F, 0x07, 0x03, 0x00, 0x18, 0x0C, 0x00, 0x00, 0x00, 0x80, 0x80, 0xC0,
        0x00, 0x00, 0x00, 0x00, 0x00, 0x00, 0x00, 0x00, 0x00, 0x00, 0x00, 0x00, 0x00, 0xF8, 0xFF, 0xFF,
        0xFF, 0xFF, 0xFF, 0xFF, 0xFF, 0xFF, 0xFE, 0xFC, 0xFF, 0xFF, 0xFF, 0xFF, 0xFF, 0xFF, 0xFF, 0xFF,
        0xFF, 0xFF, 0xFF, 0xFF, 0xFF, 0x3F, 0x7F, 0xFF, 0xFF, 0xFF, 0xFF, 0xFF, 0xFF, 0xFF, 0xFF, 0xFF,
        0xFF, 0xFF, 0xFF, 0xFF, 0xFC, 0xFC, 0xFC, 0xFC, 0xF8, 0xE0, 0xF0, 0xF8, 0xF8, 0xFF, 0xFF, 0x7F
    },
    {
        0x00, 0x00, 0x00, 0x00, 0x00, 0x00, 0x00, 0x00, 0x00, 0x00, 0x00, 0x00, 0x00, 0x00, 0x00, 0x00,
        0x00, 0x00, 0x00, 0x00, 0x00, 0x00, 0x00, 0x00, 0x00, 0x00, 0x00, 0x00, 0x00, 0x00, 0x00, 0x00,
        0x00, 0x00, 0x00, 0x00, 0x00, 0x00, 0x00, 0x20, 0x00, 0x00, 0x00, 0x00, 0x00, 0x00, 0x00, 0x00,
        0x00, 0x00, 0x00, 0x00, 0x00, 0x00, 0x00, 0x00, 0x00, 0x00, 0x00, 0x00, 0x00, 0x00, 0x00, 0x00,
        0x00, 0x00, 0x00, 0x00, 0x00, 0x00, 0x00, 0x00, 0x00, 0x00, 0x00, 0x00, 0x00, 0x80, 0xC0, 0xC0,
        0xE0, 0xE0, 0xF0, 0xF0, 0xF8, 0xF8, 0xF8, 0xF8, 0xFC, 0xFC, 0xFC, 0xFC, 0xFC, 0xFE, 0xFC, 0xC0,
        0x00, 0x00, 0x00, 0x10, 0x10, 0x68, 0xCB, 0x98, 0xC2, 0x66, 0x3C, 0x08, 0x00, 0x80, 0xF8, 0xF8,
        0xF8, 0xF8, 0xF0, 0xF8, 0xFC, 0xFC, 0x7C, 0x3C, 0x38, 0x70, 0xC0, 0xC0, 0xC0, 0xC0, 0xC0, 0x00,
        0x00, 0x00, 0x00, 0x00, 0x00, 0x00, 0x00, 0x00, 0x00, 0x00, 0x00, 0x0E, 0x3F, 0xFF, 0xFF, 0xFF,
        0xFF, 0xFF, 0xFF, 0xFF, 0xFF, 0xFF, 0xFF, 0xFF, 0xFF, 0xFF, 0xFF, 0xFF, 0xFF, 0xFF, 0xFF, 0xFF,
        0xF8, 0xF8, 0xF8, 0xF8, 0xF8, 0xF8, 0xF8, 0xFB, 0xF8, 0xF8, 0xF8, 0xF0, 0xF8, 0xFE, 0xFF, 0xFF,
        0xFF, 0xFF, 0xFF, 0xFF, 0xFF, 0xE7, 0xE2, 0xE0, 0xC0, 0x80, 0x01, 0x88, 0xFC, 0xEF, 0x87, 0x02,
        0x00, 0x00, 0x00, 0x00, 0x00, 0x00, 0x00, 0x00, 0x00, 0x00, 0x20, 0x38, 0x3C, 0xFE, 0xFF, 0xFF,
        0xFF, 0xFF, 0xFF, 0xFF, 0xFF, 0xFF, 0xFF, 0xFF, 0xFF, 0xFF, 0xFF, 0xFF, 0xFF, 0xFF, 0xFF, 0xFF,
        0xFF, 0xFF, 0xFF, 0xFF, 0xFF, 0xFF, 0xFF, 0xBF, 0x3F, 0x7F, 0xFF, 0xFF, 0xFF, 0xFF, 0xFF, 0xFF,
        0xFF, 0xFF, 0xFF, 0xFF, 0xFF, 0xFF, 0xFF, 0xFF, 0xFF, 0xFF, 0x7F, 0x7F, 0x07, 0x07, 0x03, 0x00,
        0x00, 0x00, 0x00, 0x00, 0x00, 0x00, 0x00, 0x00, 0x00, 0xC0, 0xE0, 0xF8, 0xFE, 0xFF, 0xFF, 0xFF,
        0xF1, 0xFF, 0xF1, 0xC1, 0x81, 0x00, 0x00, 0x00, 0x00, 0x9F, 0x1F, 0x0F, 0x07, 0x01, 0x83, 0x0F,
        0x1F, 0x3F, 0x7F, 0xFF, 0xFF, 0xFF, 0xFF, 0xFF, 0xFE, 0xFE, 0xFF, 0x7F, 0xFF, 0xEF, 0x8F, 0x1F,
        0x1F, 0x3F, 0x7F, 0xFF, 0xFE, 0xFF, 0xFF, 0xFF, 0xF8, 0xF0, 0xE0, 0xE0, 0x00, 0x00, 0x00, 0x00,
        0x00, 0x00, 0x80, 0xC0, 0xE0, 0xF0, 0xF8, 0xFE, 0xFF, 0xFF, 0xFF, 0xFF, 0xFF, 0xFF, 0x7F, 0x7F,
        0xFF, 0xFF, 0xFF, 0x07, 0x03, 0x01, 0x07, 0x0F, 0x0E, 0x00, 0x00, 0x00, 0x3E, 0x27, 0x03, 0x03,
        0x07, 0x3E, 0x00, 0x00, 0x00, 0x01, 0x01, 0x01, 0x03, 0x03, 0x03, 0x0E, 0x27, 0x03, 0x03, 0x36,
        0x00, 0x00, 0x60, 0xFF, 0xFF, 0xFF, 0xFF, 0xFF, 0x3F, 0x3F, 0xDF, 0xC1, 0x00, 0x00, 0x00, 0x00,
        0x00, 0x00, 0x00, 0x01, 0x01, 0x01, 0x01, 0x01, 0x01, 0x01, 0x01, 0x00, 0x00, 0x00, 0x00, 0xC0,
        0xFF, 0xFF, 0xFF, 0x83, 0x00, 0x00, 0x00, 0x00, 0x00, 0x00, 0x00, 0x00, 0x00, 0x00, 0x80, 0x00,
        0x00, 0x00, 0x00, 0x00, 0x00, 0x00, 0x00, 0x00, 0x00, 0x00, 0x00, 0x00, 0x00, 0x80, 0x80, 0xC0,
        0xC0, 0xE0, 0xF0, 0xFF, 0x1F, 0x0F, 0x87, 0x61, 0x30, 0x02, 0x03, 0x00, 0x00, 0x00, 0x80, 0x00,
        0x00, 0x00, 0x00, 0x00, 0x00, 0x00, 0x00, 0x00, 0x00, 0x00, 0x00, 0x00, 0x00, 0x00, 0xF8, 0xFF,
        0xFF, 0xFF, 0xFF, 0xFF, 0xFF, 0xFC, 0xF8, 0xF0, 0xF0, 0xFE, 0xFE, 0xFE, 0xFF, 0xFF, 0xFF, 0xFF,
        0xFF, 0xFF, 0xFF, 0xFE, 0xFE, 0x7E, 0xFE, 0xFE, 0xFF, 0xFF, 0xFF, 0xFF, 0xFF, 0xFF, 0xFF, 0xFF,
        0xFF, 0xFF, 0xFF, 0xFF, 0xFC, 0xFE, 0xE1, 0xE0, 0x80, 0xC0, 0xC0, 0xC0, 0xC2, 0xFE, 0xFF, 0x7E
    },
    {
        0x00, 0x00, 0x00, 0x00, 0x00, 0x00, 0x00, 0x00, 0x00, 0x00, 0x00, 0x00, 0x00, 0x00, 0x00, 0x00,
        0x00, 0x00, 0x00, 0x00, 0x00, 0x00, 0x00, 0x00, 0x00, 0x00, 0x00, 0x00, 0x00, 0x00, 0x00, 0x00,
        0x00, 0x00, 0x00, 0x00, 0x00, 0x00, 0x40, 0x20, 0x00, 0x00, 0x00, 0x00, 0x00, 0x00, 0x00, 0x00,
        0x00, 0x00, 0x00, 0x00, 0x00, 0x00, 0x00, 0x00, 0x00, 0x00, 0x00, 0x00, 0x00, 0x00, 0x00, 0x00,
        0x00, 0x00, 0x00, 0x00, 0x00, 0x00, 0x00, 0x00, 0x00, 0x00, 0x00, 0x00, 0x00, 0x80, 0x80, 0xC0,
        0xC0, 0xE0, 0xE0, 0xF0, 0xF0, 0xF0, 0xF8, 0xF8, 0xF8, 0xFC, 0xFC, 0xFC, 0xFC, 0xFC, 0xFC, 0x00,
        0x00, 0x00, 0x00, 0x00, 0x30, 0x48, 0x88, 0x12, 0xC2, 0x64, 0x38, 0x00, 0x00, 0xC0, 0xF8, 0xF8,
        0xF8, 0xF0, 0xF0, 0xF8, 0xF8, 0xFC, 0x78, 0x78, 0x70, 0xE0, 0x80, 0xC0, 0xC0, 0xC0, 0x80, 0x00,
        0x00, 0x00, 0x00, 0x00, 0x00, 0x00, 0x00, 0x00, 0x00, 0x00, 0x00, 0x1E, 0x7F, 0xFF, 0xFF, 0xFF,
        0xFF, 0xFF, 0xFF, 0xFF, 0xFF, 0xFF, 0xFF, 0xFF, 0xFF, 0xFF, 0xFF, 0xFF, 0xFF, 0xFF, 0xFF, 0xFE,
        0xF8, 0xF8, 0xF8, 0xF8, 0xF8, 0xF8, 0xFB, 0xFB, 0xF0, 0xF0, 0xF0, 0xF0, 0xF0, 0xFF, 0xFF, 0xFF,
        0xFF, 0xFF, 0xFF, 0xFF, 0xEF, 0xC7, 0xC0, 0xE0, 0x80, 0x01, 0x01, 0x18, 0xFD, 0xCF, 0x07, 0x00,
        0x00, 0x00, 0x00, 0x00, 0x00, 0x00, 0x00, 0x00, 0x00, 0x00, 0x60, 0x78, 0x7C, 0xFF, 0xFF, 0xFF,
        0xFF, 0xFF, 0xFF, 0xFF, 0xFF, 0xFF, 0xFF, 0xFF, 0xFF, 0xFF, 0xFF, 0xFF, 0xFF, 0xFF, 0xFF, 0xFF,
        0xFF, 0xFF, 0xFF, 0xFF, 0xFF, 0xFF, 0xFF, 0x3F, 0x3F, 0xFF, 0xFF, 0xFF, 0xFF, 0xFF, 0xFF, 0xFF,
        0xFF, 0xFF, 0xFF, 0xFF, 0xFF, 0xFF, 0xFF, 0xFF, 0xFF, 0xFF, 0xFF, 0x6F, 0x0F, 0x07, 0x03, 0x00,
        0x00, 0x00, 0x00, 0x00, 0x00, 0x00, 0x00, 0x00, 0x00, 0x80, 0xC0, 0xF8, 0xFF, 0xFF, 0xFF, 0xFF,
        0xF5, 0x03, 0x03, 0x03, 0x03, 0x03, 0x03, 0xE3, 0x7F, 0x3F, 0x1F, 0x0F, 0x07, 0x03, 0x07, 0x1F,
        0x3F, 0x7F, 0xFF, 0xFF, 0xFF, 0xFD, 0xFF, 0xFF, 0xFE, 0xFE, 0xFF, 0xFF, 0xFF, 0xEF, 0x9F, 0x1F,
        0x3F, 0x3F, 0x7F, 0xFF, 0xFC, 0xFF, 0xFF, 0xFF, 0xF1, 0xE0, 0xE0, 0xC0, 0x00, 0x00, 0x00, 0x00,
        0x00, 0x00, 0x00, 0x80, 0xC0, 0xE0, 0xF8, 0xFC, 0xFE, 0xFF, 0xFF, 0xFF, 0xFF, 0xFF, 0xFF, 0xFF,
        0xFF, 0x0F, 0x04, 0x0E, 0x1E, 0x18, 0x10, 0x00, 0x00, 0x00, 0x00, 0x00, 0x7E, 0x07, 0x03, 0x03,
        0x07, 0x3C, 0x00, 0x00, 0x01, 0x01, 0x01, 0x03, 0x03, 0x03, 0x03, 0x3E, 0x06, 0x07, 0x07, 0x3C,
        0x00, 0x00, 0xE0, 0xFF, 0xFF, 0xFF, 0xFF, 0x9F, 0x83, 0x01, 0x01, 0x01, 0x01, 0x40, 0x60, 0x70,
        0x00, 0x00, 0x01, 0x01, 0x03, 0x03, 0x03, 0x03, 0x03, 0x01, 0x01, 0x01, 0x01, 0x00, 0x00, 0x00,
        0xFF, 0xE8, 0x00, 0x00, 0x00, 0x00, 0x00, 0x00, 0x00, 0x00, 0x00, 0x00, 0x00, 0x00, 0x00, 0x00,
        0x00, 0x00, 0x00, 0x00, 0x00, 0x00, 0x00, 0x00, 0x00, 0x00, 0x00, 0x00, 0x00, 0x00, 0x80, 0x80,
        0xC0, 0xE0, 0xF0, 0xFF, 0xFF, 0xC1, 0x06, 0x07, 0x01, 0x00, 0x00, 0x00, 0x00, 0x00, 0x00, 0x00,
        0x00, 0x00, 0x00, 0x00, 0x00, 0x00, 0x00, 0x00, 0x00, 0x00, 0x00, 0x00, 0x00, 0x00, 0x00, 0xFE,
        0xFF, 0xFF, 0xFF, 0xFC, 0xF8, 0xF0, 0xE0, 0xE0, 0xE0, 0xFC, 0xFC, 0xFC, 0xFE, 0xFF, 0xFF, 0xFF,
        0xFE, 0xFE, 0xFE, 0xFE, 0xFE, 0x7E, 0xFE, 0xFE, 0xFE, 0xFE, 0xFF, 0xFF, 0xFF, 0xFF, 0xFF, 0xFF,
        0xFF, 0xFF, 0xFF, 0xFF, 0xFB, 0xE1, 0x80, 0x00, 0x80, 0x80, 0x80, 0x86, 0xDF, 0xFE, 0x00, 0x00
    },
    {
        0x00, 0x00, 0x00, 0x00, 0x00, 0x00, 0x00, 0x00, 0x00, 0x00, 0x00, 0x00, 0x00, 0x00, 0x00, 0x00,
        0x00, 0x00, 0x00, 0x00, 0x00, 0x00, 0x00, 0x00, 0x00, 0x00, 0x00, 0x00, 0x00, 0x00, 0x00, 0x00,
        0x00, 0x00, 0x00, 0x00, 0x00, 0x00, 0x40, 0x00, 0x00, 0x00, 0x00, 0x00, 0x00, 0x00, 0x00, 0x00,
        0x00, 0x00, 0x00, 0x00, 0x00, 0x00, 0x00, 0x00, 0x00, 0x00, 0x00, 0x00, 0x00, 0x00, 0x00, 0x00,
        0x00, 0x00, 0x00, 0x00, 0x00, 0x00, 0x00, 0x00, 0x00, 0x00, 0x00, 0x00, 0x00, 0x80, 0x80, 0xC0,
        0xE0, 0xE0, 0xE0, 0xF0, 0xF0, 0xF0, 0xF8, 0xF8, 0xF8, 0xF8, 0xFC, 0xFC, 0xFC, 0xFC, 0xC0, 0x00,
        0x00, 0x00, 0x00, 0x30, 0x30, 0x03, 0x1A, 0x92, 0xC4, 0x7C, 0x30, 0x00, 0x00, 0xE8, 0xF8, 0xF8,
        0xF0, 0xF0, 0xF0, 0xF8, 0xF8, 0xF8, 0x78, 0x70, 0x60, 0x80, 0x80, 0xC0, 0xC0, 0x80, 0x00, 0x00,
        0x00, 0x00, 0x00, 0x00, 0x00, 0x00, 0x00, 0x00, 0x00, 0x00, 0x1C, 0x3E, 0xFF, 0xFF, 0xFF, 0xFF,
        0xFF, 0xFF, 0xFF, 0xFF, 0xFF, 0xFF, 0xFF, 0xFF, 0xFF, 0xFF, 0xFF, 0xFF, 0xFF, 0xFF, 0xFF, 0xF8,
        0xF0, 0xF0, 0xF0, 0xF0, 0xF0, 0xF0, 0xFF, 0xFB, 0xF0, 0xF0, 0xF0, 0xF0, 0xFC, 0xFF, 0xFF, 0xFF,
        0xFF, 0xFF, 0xFF, 0xFF, 0xC7, 0xC7, 0xC0, 0xC0, 0x00, 0x01, 0x01, 0xF8, 0xFF, 0x8F, 0x07, 0x00,
        0x00, 0x00, 0x00, 0x00, 0x00, 0x00, 0x00, 0x00, 0x00, 0x00, 0x70, 0x78, 0xFC, 0xFF, 0xFF, 0xFF,
        0xFF, 0xFF, 0xFF, 0xFF, 0xFF, 0xFF, 0xFF, 0xFF, 0xFF, 0xFF, 0xFF, 0xFF, 0xFF, 0xFF, 0xFF, 0xFF,
        0xFF, 0xFF, 0xFF, 0xFF, 0xFF, 0xFF, 0xFF, 0x3F, 0x7F, 0xFF, 0xFF, 0xFF, 0xFF, 0xFF, 0xFF, 0xFF,
        0xFF, 0xFF, 0xFF, 0xFF, 0xFF, 0xFF, 0xFF, 0xFF, 0xFF, 0xFF, 0xFF, 0x4F, 0x0F, 0x07, 0x00, 0x00,
        0x00, 0x00, 0x00, 0x00, 0x00, 0x00, 0x00, 0x00, 0x00, 0xC0, 0xC0, 0xFC, 0xFF, 0xFF, 0xFF, 0xFF,
        0x03, 0x03, 0x03, 0x03, 0x03, 0x83, 0xE3, 0xF7, 0x7F, 0x7F, 0x1F, 0x07, 0x07, 0x03, 0x0F, 0x1F,
        0x7F, 0x7F, 0xFF, 0xFF, 0xFF, 0xFF, 0xFF, 0xFE, 0xFC, 0xFF, 0xFF, 0xFF, 0xFF, 0xCF, 0x1F, 0x3F,
        0x3F, 0x7F, 0x7F, 0xFF, 0xFF, 0xFF, 0xFF, 0xFF, 0xF1, 0xE4, 0xC0, 0x80, 0x00, 0x00, 0x00, 0x00,
        0x00, 0x00, 0x00, 0x00, 0xC0, 0xE0, 0xF8, 0xFC, 0xFF, 0xFF, 0xFF, 0xFF, 0xFF, 0xFF, 0x0F, 0x07,
        0x06, 0x0E, 0x1E, 0x18, 0x00, 0x03, 0x7F, 0xF0, 0x80, 0x00, 0x00, 0x3C, 0x2E, 0x07, 0x03, 0x07,
        0x3E, 0x00, 0x00, 0x01, 0x01, 0x01, 0x03, 0x03, 0x03, 0x03, 0x07, 0x6E, 0x06, 0x07, 0x0E, 0x00,
        0x00, 0x00, 0xFC, 0x7F, 0xCF, 0xC3, 0x00, 0x00, 0x00, 0x00, 0x20, 0x30, 0x38, 0x7C, 0x78, 0x70,
        0x00, 0x00, 0x01, 0x03, 0x03, 0x03, 0x03, 0x03, 0x03, 0x03, 0x03, 0x01, 0x01, 0x01, 0x00, 0xC0,
        0x00, 0x00, 0x00, 0x00, 0x00, 0x00, 0x00, 0x01, 0x03, 0x06, 0x0C, 0x08, 0x80, 0x00, 0x00, 0x00,
        0x00, 0x00, 0x00, 0x00, 0x00, 0x00, 0x00, 0x00, 0x00, 0x00, 0x00, 0x00, 0x00, 0x00, 0x80, 0x80,
        0xC0, 0xE0, 0xF9, 0xF0, 0xC3, 0x03, 0x00, 0x00, 0x00, 0x00, 0xC0, 0xC0, 0x00, 0x00, 0x00, 0x00,
        0x00, 0x00, 0x00, 0x00, 0x00, 0x00, 0x00, 0x00, 0x00, 0x00, 0x00, 0x00, 0x00, 0x00, 0x00, 0xFF,
        0xFF, 0xFC, 0xF8, 0xF8, 0xF0, 0xE0, 0xE0, 0xFE, 0xFE, 0xFE, 0xFE, 0xFF, 0xFF, 0xFF, 0xFE, 0xFE,
        0xFE, 0xFE, 0xFE, 0xFE, 0xFE, 0xFE, 0xFE, 0xFE, 0xFE, 0xFE, 0xFE, 0xFF, 0xFF, 0xFF, 0xFF, 0xFF,
        0xFF, 0xFF, 0xFF, 0xF9, 0xF0, 0xC0, 0xC0, 0x80, 0xE0, 0xE0, 0xE0, 0xE3, 0xE3, 0xF4, 0x00, 0x00
    },
    {
        0x00, 0x00, 0x00, 0x00, 0x00, 0x00, 0x00, 0x00, 0x00, 0x00, 0x00, 0x00, 0x00, 0x00, 0x00, 0x00,
        0x00, 0x00, 0x00, 0x00, 0x00, 0x00, 0x00, 0x00, 0x00, 0x00, 0x00, 0x00, 0x00, 0x00, 0x00, 0x00,
        0x00, 0x00, 0x00, 0x00, 0x00, 0x80, 0x00, 0x00, 0x00, 0x00, 0x00, 0x00, 0x00, 0x00, 0x00, 0x00,
        0x00, 0x00, 0x00, 0x00, 0x00, 0x00, 0x00, 0x00, 0x00, 0x00, 0x00, 0x00, 0x00, 0x00, 0x00, 0x00,
        0x00, 0x00, 0x00, 0x00, 0x00, 0x00, 0x00, 0x00, 0x00, 0x00, 0x00, 0x00, 0x80, 0x80, 0xC0, 0xC0,
        0xE0, 0xE0, 0xF0, 0xF0, 0xF0, 0xF8, 0xF8, 0xF8, 0xFC, 0xFC, 0xFC, 0xFC, 0xFC, 0xFC, 0x00, 0x00,
        0x00, 0x00, 0x10, 0x30, 0x48, 0x89, 0x12, 0xC2, 0x64, 0x3C, 0x00, 0x00, 0x00, 0xF8, 0xF8, 0xF8,
        0xF0, 0xF0, 0xF8, 0xF8, 0xFC, 0x7C, 0x78, 0x78, 0xE0, 0x80, 0xC0, 0xC0, 0xC0, 0x80, 0x00, 0x00,
        0x00, 0x00, 0x00, 0x00, 0x00, 0x00, 0x00, 0x00, 0x00, 0x00, 0x1E, 0x7F, 0xFF, 0xFF, 0xFF, 0xFF,
        0xFF, 0xFF, 0xFF, 0xFF, 0xFF, 0xFF, 0xFF, 0xFF, 0xFF, 0xFF, 0xFF, 0xFF, 0xFF, 0xFF, 0xFF, 0xF8,
        0xF8, 0xF0, 0xF0, 0xF0, 0xF0, 0xF9, 0xFF, 0xF1, 0xF0, 0xF0, 0xF0, 0xF0, 0xFF, 0xFF, 0xFF, 0xFF,
        0xFF, 0xFF, 0xFF, 0xEF, 0xC7, 0xC0, 0xE0, 0x80, 0x00, 0x01, 0x18, 0xF8, 0xCF, 0x8F, 0x00, 0x00,
        0x00, 0x00, 0x00, 0x00, 0x00, 0x00, 0x00, 0x00, 0x00, 0x60, 0x70, 0x7C, 0xFE, 0xFF, 0xFF, 0xFF,
        0xFF, 0xFF, 0xFF, 0xFF, 0xFF, 0xFF, 0xFF, 0xFF, 0xFF, 0xFF, 0xFF, 0xFF, 0xFF, 0xFF, 0xFF, 0xFF,
        0xFF, 0xFF, 0xFF, 0xFF, 0xFF, 0xFF, 0x3F, 0x3F, 0xFF, 0xFF, 0xFF, 0xFF, 0xFF, 0xFF, 0xFF, 0xFF,
        0xFF, 0xFF, 0xFF, 0xFF, 0xFF, 0xFF, 0xFF, 0xFF, 0xFF, 0xFF, 0x6F, 0x0F, 0x07, 0x07, 0x00, 0x00,
        0x00, 0x00, 0x00, 0x00, 0x00, 0x00, 0x00, 0x00, 0x80, 0xC0, 0xE0, 0xFE, 0xFF, 0xFF, 0xFF, 0x01,
        0x80, 0x00, 0x00, 0x81, 0xE1, 0xF1, 0xFB, 0x7F, 0x7F, 0x1F, 0x0F, 0x07, 0x07, 0x07, 0x0F, 0x1F,
        0x3F, 0x7F, 0xFF, 0xFF, 0xFF, 0xFF, 0xFF, 0xFE, 0xFE, 0xFF, 0xFF, 0xFF, 0xFF, 0x9F, 0x1F, 0x3F,
        0x3F, 0x7F, 0xFF, 0xFC, 0x3F, 0x3F, 0x3F, 0x39, 0x20, 0x28, 0x20, 0x80, 0x00, 0x00, 0x00, 0x00,
        0x00, 0x00, 0x00, 0x80, 0xE0, 0xF0, 0xF8, 0xFE, 0xFF, 0xFF, 0xFF, 0xFF, 0xFF, 0x01, 0x01, 0x03,
        0x07, 0x0E, 0x04, 0x00, 0x03, 0xFF, 0xF8, 0xC0, 0x00, 0x00, 0x00, 0x7E, 0x07, 0x03, 0x03, 0x07,
        0x3C, 0x00, 0x00, 0x01, 0x01, 0x01, 0x03, 0x03, 0x03, 0x03, 0x1F, 0x0F, 0x07, 0x06, 0x3C, 0x00,
        0x00, 0x40, 0x1F, 0xF0, 0xF0, 0x00, 0x00, 0x00, 0x18, 0x3C, 0x3F, 0x3F, 0x3E, 0x3C, 0x30, 0x20,
        0x00, 0x00, 0x01, 0x03, 0x03, 0x03, 0x03, 0x03, 0x03, 0x01, 0x01, 0x01, 0x01, 0xE0, 0x80, 0x00,
        0x00, 0x00, 0x00, 0x00, 0x00, 0x00, 0x01, 0x03, 0x07, 0x8C, 0x84, 0x00, 0x00, 0x00, 0x00, 0x00,
        0x00, 0x00, 0x00, 0x00, 0x00, 0x00, 0x00, 0x00, 0x00, 0x00, 0x00, 0x00, 0x00, 0x80, 0x80, 0xC0,
        0xE0, 0xF0, 0xFC, 0xFC, 0x10, 0x00, 0x00, 0x00, 0x00, 0x00, 0x38, 0x70, 0xE0, 0x80, 0x00, 0x00,
        0x00, 0x00, 0x00, 0x00, 0x00, 0x00, 0x00, 0x00, 0x00, 0x00, 0x00, 0x00, 0x00, 0x0F, 0x7F, 0xFF,
        0xFE, 0xFC, 0xF8, 0xF8, 0xF8, 0xFF, 0xFF, 0xFF, 0xFF, 0xFF, 0xFF, 0xFF, 0xFF, 0xFF, 0xFF, 0xFF,
        0xFE, 0xFE, 0xFE, 0xFE, 0x7E, 0xFE, 0xFE, 0xFE, 0xFE, 0xFF, 0xFF, 0xFF, 0xFF, 0xFF, 0xFF, 0xFF,
        0xFF, 0xFF, 0xFF, 0xFE, 0xFC, 0xF8, 0xF0, 0xF0, 0xF0, 0xF8, 0xF8, 0xFC, 0xFC, 0xFD, 0xF8, 0x80
    },
    {
        0x00, 0x00, 0x00, 0x00, 0x00, 0x00, 0x00, 0x00, 0x00, 0x00, 0x00, 0x00, 0x00, 0x00, 0x00, 0x00,
        0x00, 0x00, 0x00, 0x00, 0x00, 0x00, 0x00, 0x00, 0x00, 0x00, 0x00, 0x00, 0x00, 0x00, 0x00, 0x00,
        0x00, 0x00, 0x00, 0x00, 0x00, 0x00, 0x20, 0x00, 0x00, 0x00, 0x00, 0x00, 0x00, 0x00, 0x00, 0x00,
        0x00, 0x00, 0x00, 0x00, 0x00, 0x00, 0x00, 0x00, 0x00, 0x00, 0x00, 0x00, 0x00, 0x00, 0x00, 0x00,
        0x00, 0x00, 0x00, 0x00, 0x00, 0x00, 0x00, 0x00, 0x00, 0x00, 0x00, 0x00, 0x80, 0x80, 0xC0, 0xE0,
        0xE0, 0xF0, 0xF0, 0xF0, 0xF8, 0xF8, 0xF8, 0xFC, 0xFC, 0xFC, 0xFC, 0xFC, 0xFC, 0xF8, 0x00, 0x00,
        0x00, 0x00, 0x10, 0x38, 0x68, 0x8A, 0x82, 0xC2, 0x64, 0x3C, 0x00, 0x00, 0xC0, 0xF8, 0xF8, 0xF8,
        0xF0, 0xF0, 0xF8, 0xFC, 0xFC, 0x7C, 0x38, 0x70, 0xE0, 0xC0, 0xC0, 0xC0, 0xC0, 0x80, 0x00, 0x00,
        0x00, 0x00, 0x00, 0x00, 0x00, 0x00, 0x00, 0x00, 0x00, 0x0C, 0x1E, 0x7F, 0xFF, 0xFF, 0xFF, 0xFF,
        0xFF, 0xFF, 0xFF, 0xFF, 0xFF, 0xFF, 0xFF, 0xFF, 0xFF, 0xFF, 0xFF, 0xFF, 0xFF, 0xFF, 0xFE, 0xF8,
        0xF8, 0xF8, 0xF8, 0xF8, 0xF8, 0xFB, 0xF9, 0xF8, 0xF8, 0xF0, 0xF0, 0xF0, 0xFF, 0xFF, 0xFF, 0xFF,
        0xFF, 0xFF, 0xFF, 0xE7, 0xC7, 0xE0, 0xE0, 0x80, 0x00, 0x00, 0x98, 0xFC, 0xCF, 0x07, 0x00, 0x00,
        0x00, 0x00, 0x00, 0x00, 0x00, 0x00, 0x00, 0x00, 0x00, 0x20, 0x38, 0x7C, 0xFF, 0xFF, 0x7F, 0x7F,
        0x7F, 0x7F, 0x7F, 0x7F, 0x7F, 0xFF, 0xFF, 0xFF, 0xFF, 0xFF, 0xFF, 0xFF, 0xFF, 0xFF, 0xFF, 0xFF,
        0xFF, 0xFF, 0xFF, 0xFF, 0xFF, 0xFF, 0x3F, 0x3F, 0xFF, 0xFF, 0xFF, 0xFF, 0xFF, 0xFF, 0xFF, 0xFF,
        0xFF, 0xFE, 0xFE, 0xFF, 0xFF, 0xFF, 0xFF, 0xFF, 0x7F, 0x7F, 0x6F, 0x0F, 0x07, 0x03, 0x00, 0x00,
        0x00, 0x00, 0x00, 0x00, 0x00, 0x00, 0x00, 0x00, 0xC0, 0xC0, 0xF8, 0xFF, 0xFF, 0xFF, 0x80, 0xC0,
        0xC0, 0x00, 0x40, 0xF0, 0xFC, 0xFF, 0xFF, 0x7F, 0x3F, 0x1F, 0x0F, 0x07, 0x05, 0x07, 0x0F, 0x3F,
        0x7F, 0x7F, 0xFF, 0xFF, 0xFF, 0xFF, 0xFF, 0xFE, 0xFF, 0xFF, 0xFF, 0xFF, 0xEF, 0x9F, 0x1F, 0x3F,
        0x3F, 0x7F, 0x7F, 0x0E, 0x0F, 0x0F, 0x0F, 0x08, 0x0A, 0xC8, 0xC0, 0x00, 0x00, 0x00, 0x00, 0x00,
        0x00, 0x00, 0x80, 0xC0, 0xF0, 0xF8, 0xFC, 0xFF, 0xFF, 0xFF, 0xFF, 0xFF, 0x00, 0x00, 0x00, 0x01,
        0x07, 0x03, 0x00, 0x00, 0x7D, 0xFF, 0xF8, 0x80, 0x00, 0x00, 0x08, 0x7E, 0x07, 0x03, 0x03, 0x27,
        0x1C, 0x00, 0x00, 0x01, 0x01, 0x01, 0x03, 0x03, 0x03, 0x03, 0x3F, 0x07, 0x03, 0x07, 0x3C, 0x00,
        0x00, 0x98, 0x0C, 0x7C, 0x1C, 0x00, 0x00, 0x04, 0x0F, 0x3F, 0x3F, 0x3F, 0x3E, 0x38, 0x30, 0x20,
        0x00, 0x01, 0x01, 0x01, 0x01, 0x01, 0x01, 0x01, 0x01, 0x01, 0x01, 0x01, 0xF0, 0xC0, 0x80, 0x00,
        0x00, 0x00, 0x00, 0x00, 0x80, 0x81, 0x87, 0x8F, 0x86, 0x84, 0x80, 0x00, 0x00, 0x00, 0x00, 0x00,
        0x00, 0x00, 0x00, 0x00, 0x00, 0x00, 0x00, 0x00, 0x00, 0x00, 0x00, 0x00, 0x80, 0x80, 0xC0, 0xC0,
        0xE0, 0xF0, 0xFF, 0xFC, 0x00, 0x00, 0x00, 0x00, 0x00, 0x00, 0x1E, 0x3C, 0x78, 0xE0, 0x00, 0x00,
        0x00, 0x00, 0x00, 0x00, 0x00, 0x00, 0x00, 0x00, 0x00, 0x00, 0x00, 0x00, 0x0F, 0x7F, 0xFF, 0xFF,
        0xFE, 0xFC, 0xFC, 0xFC, 0xFF, 0xFF, 0xFF, 0xFF, 0xFF, 0xFF, 0xFF, 0xFF, 0xFF, 0xFF, 0xFF, 0xFF,
        0xFE, 0xFE, 0xFE, 0xFE, 0x7E, 0xFE, 0xFE, 0xFE, 0xFF, 0xFF, 0xFF, 0xFF, 0xFF, 0xFF, 0xFF, 0xFF,
        0xFF, 0xFF, 0xFF, 0xFF, 0xFF, 0xFE, 0xFC, 0xFA, 0xF8, 0xFE, 0xFE, 0xFE, 0xFF, 0xFF, 0xFF, 0xE0
    },
    {
        0x00, 0x00, 0x00, 0x00, 0x00, 0x00, 0x00, 0x00, 0x00, 0x00, 0x00, 0x00, 0x00, 0x00, 0x00, 0x00,
        0x00, 0x00, 0x00, 0x00, 0x00, 0x00, 0x00, 0x00, 0x00, 0x00, 0x00, 0x00, 0x00, 0x00, 0x00, 0x00,
        0x00, 0x00, 0x00, 0x00, 0x00, 0x00, 0x20, 0x00, 0x00, 0x00, 0x00, 0x00, 0x00, 0x00, 0x00, 0x00,
        0x00, 0x00, 0x00, 0x00, 0x00, 0x00, 0x00, 0x00, 0x00, 0x00, 0x00, 0x00, 0x00, 0x00, 0x00, 0x00,
        0x00, 0x00, 0x00, 0x00, 0x00, 0x00, 0x00, 0x00, 0x00, 0x00, 0x00, 0x80, 0x80, 0xC0, 0xC0, 0xE0,
        0xE0, 0xF0, 0xF0, 0xF8, 0xF8, 0xF8, 0xFC, 0xFC, 0xFC, 0xFC, 0xFC, 0xFC, 0xFE, 0xF0, 0x00, 0x00,
        0x00, 0x00, 0x10, 0x38, 0x49, 0x89, 0x92, 0x62, 0x34, 0x3C, 0x00, 0x00, 0xE0, 0xFC, 0xF8, 0xF8,
        0xB8, 0xF8, 0xF8, 0xFC, 0xFC, 0x7C, 0x38, 0x70, 0xC0, 0xC0, 0xC0, 0xC0, 0xC0, 0x80, 0x00, 0x00,
        0x00, 0x00, 0x00, 0x00, 0x00, 0x00, 0x00, 0x00, 0x00, 0x0C, 0x1F, 0x7F, 0xFF, 0xFF, 0xFF, 0xFF,
        0xFF, 0xFF, 0xFF, 0xFF, 0xFF, 0xFF, 0xFF, 0xFF, 0xFF, 0xFF, 0xFF, 0xFF, 0xFF, 0xFF, 0xFC, 0xF8,
        0xF8, 0xF8, 0xF8, 0xF8, 0xF8, 0xFF, 0xF9, 0xF8, 0xF0, 0xF8, 0xF0, 0xF8, 0xFF, 0xFF, 0xFF, 0xFF,
        0xFF, 0xFF, 0xFF, 0xE7, 0xE3, 0xE0, 0xE0, 0x80, 0x01, 0x00, 0x98, 0xEE, 0xC7, 0x03, 0x00, 0x00,
        0x00, 0x00, 0x00, 0x00, 0x00, 0x00, 0x00, 0x00, 0x00, 0x30, 0x38, 0xBE, 0x3F, 0x3F, 0x3F, 0x3F,
        0x3F, 0x3F, 0x3F, 0xFF, 0xFF, 0xFF, 0xFF, 0xFF, 0xFF, 0xFF, 0xFF, 0xFF, 0xFF, 0xFF, 0xFF, 0xFF,
        0xFF, 0xFF, 0xFF, 0xFF, 0xFF, 0xFF, 0x3F, 0x3F, 0xFF, 0xFF, 0xFF, 0xFF, 0xFF, 0xFF, 0xFF, 0xFF,
        0xFF, 0xFF, 0xFF, 0xFF, 0xFF, 0xFF, 0xFF, 0xFF, 0x7F, 0x7F, 0x6F, 0x07, 0x07, 0x00, 0x00, 0x00,
        0x00, 0x00, 0x00, 0x00, 0x00, 0x00, 0x00, 0x80, 0xC0, 0xE8, 0xFC, 0xFF, 0x7C, 0x20, 0x60, 0xE0,
        0xE0, 0x00, 0x3C, 0xFF, 0xFF, 0xFF, 0x7F, 0x3F, 0x1F, 0x0F, 0x07, 0x03, 0x85, 0x07, 0x1F, 0x3F,
        0x7F, 0xFF, 0xFF, 0xFF, 0xFF, 0xFF, 0xFF, 0xFE, 0xFF, 0xFF, 0xFF, 0xFF, 0xCF, 0x0F, 0x1F, 0x3F,
        0x3F, 0x77, 0x07, 0x02, 0x03, 0x03, 0x03, 0x82, 0xF6, 0xE0, 0x80, 0x00, 0x00, 0x00, 0x00, 0x00,
        0x00, 0x80, 0xC0, 0xF0, 0xF8, 0xFC, 0xFE, 0xFF, 0xFF, 0xFF, 0xFF, 0x00, 0x00, 0x00, 0x00, 0x01,
        0x01, 0x01, 0x00, 0xFE, 0xFF, 0xFF, 0xE0, 0x00, 0x00, 0x00, 0x1C, 0x37, 0x03, 0x03, 0x03, 0x37,
        0x00, 0x00, 0x00, 0x00, 0x01, 0x01, 0x01, 0x03, 0x03, 0x03, 0x3E, 0x07, 0x03, 0x07, 0x1C, 0x00,
        0x00, 0xDC, 0x82, 0x1E, 0x0C, 0x00, 0x00, 0x01, 0x03, 0x1F, 0x3F, 0x3E, 0x7C, 0x70, 0x20, 0x00,
        0x00, 0x00, 0x01, 0x01, 0x01, 0x01, 0x01, 0x01, 0x01, 0x00, 0x00, 0xFE, 0xC0, 0xC0, 0xC0, 0x80,
        0x00, 0x00, 0x00, 0xC0, 0xEF, 0xFF, 0xFF, 0xC7, 0xC6, 0x80, 0x80, 0x80, 0x00, 0x00, 0x00, 0x00,
        0x00, 0x00, 0x00, 0x00, 0x00, 0x00, 0x00, 0x00, 0x00, 0x00, 0x00, 0x80, 0x80, 0x80, 0xC0, 0xE0,
        0xF0, 0xF8, 0xFF, 0x8F, 0x00, 0x00, 0x00, 0x00, 0x00, 0x00, 0x3F, 0xFE, 0xFC, 0xF0, 0xC0, 0x00,
        0x00, 0x00, 0x00, 0x00, 0x00, 0x00, 0x00, 0x00, 0x00, 0x00, 0x00, 0x1F, 0xFF, 0xFF, 0xFF, 0xFF,
        0xFF, 0xFE, 0xFE, 0xFF, 0xFF, 0xFF, 0xFF, 0xFF, 0xFF, 0xFF, 0xFF, 0xFF, 0xFF, 0xFF, 0xFF, 0xFF,
        0xFF, 0xFF, 0xFE, 0xFE, 0x7E, 0xFE, 0xFF, 0xFF, 0xFF, 0xFF, 0xFF, 0xFF, 0xFF, 0xFF, 0xFF, 0xFF,
        0xFF, 0xFF, 0xFE, 0xFF, 0xFF, 0xFE, 0xFE, 0xFE, 0xFE, 0xFF, 0xFF, 0xFF, 0xFF, 0xFF, 0xFF, 0x00
    },
    {
        0x00, 0x00, 0x00, 0x00, 0x00, 0x00, 0x00, 0x00, 0x00, 0x00, 0x00, 0x00, 0x00, 0x00, 0x00, 0x00,
        0x00, 0x00, 0x00, 0x00, 0x00, 0x00, 0x00, 0x00, 0x00, 0x00, 0x00, 0x00, 0x00, 0x00, 0x00, 0x00,
        0x00, 0x00, 0x00, 0x00, 0x00, 0x00, 0x20, 0x00, 0x00, 0x00, 0x00, 0x00, 0x00, 0x00, 0x00, 0x00,
        0x00, 0x00, 0x00, 0x00, 0x00, 0x00, 0x00, 0x00, 0x00, 0x00, 0x00, 0x00, 0x00, 0x00, 0x00, 0x00,
        0x00, 0x00, 0x00, 0x00, 0x00, 0x00, 0x00, 0x00, 0x00, 0x00, 0x00, 0x80, 0x80, 0xC0, 0xE0, 0xE0,
        0xF0, 0xF0, 0xF0, 0xF8, 0xF8, 0xF8, 0xFC, 0xFC, 0xFC, 0xFC, 0xFC, 0xFE, 0xFE, 0xF0, 0x00, 0x00,
        0x00, 0x00, 0x10, 0x38, 0x40, 0x89, 0x80, 0x42, 0x36, 0x3C, 0x00, 0x00, 0xE0, 0xFC, 0xF8, 0xF8,
        0xD8, 0xF8, 0xFC, 0xFC, 0xFC, 0x3C, 0x38, 0x70, 0xC0, 0xC0, 0xC0, 0xC0, 0xC0, 0x80, 0x00, 0x00,
        0x00, 0x00, 0x00, 0x00, 0x00, 0x00, 0x00, 0x00, 0x00, 0x0C, 0x1F, 0x7F, 0xFF, 0xFF, 0xFF, 0xFF,
        0xFF, 0xFF, 0xFF, 0xFF, 0xFF, 0xFF, 0xFF, 0xFF, 0xFF, 0xFF, 0xFF, 0xFF, 0xFF, 0xFF, 0xFC, 0xF8,
        0xFC, 0xF8, 0xF8, 0xF8, 0xF8, 0xFF, 0xF9, 0xF8, 0xF8, 0xF8, 0xF0, 0xFC, 0xFF, 0xFF, 0xFF, 0xFF,
        0xFF, 0xFF, 0xFF, 0xE7, 0xE3, 0xE0, 0xE0, 0x80, 0x00, 0x80, 0xD8, 0xEF, 0xC7, 0x03, 0x00, 0x00,
        0x00, 0x00, 0x00, 0x00, 0x00, 0x00, 0x00, 0x00, 0x00, 0x30, 0x3C, 0x3E, 0x3F, 0x3F, 0x1F, 0x1F,
        0x3F, 0xFF, 0xFF, 0xFF, 0xFF, 0xFF, 0xFF, 0xFF, 0xFF, 0xFF, 0xFF, 0xFF, 0xFF, 0xFF, 0xFF, 0xFF,
        0xFF, 0xFF, 0xFF, 0xFF, 0xFF, 0xFF, 0x3F, 0x3F, 0xFF, 0xFF, 0xFF, 0xFF, 0xFF, 0xFF, 0xFF, 0xFF,
        0xFF, 0xFF, 0xFF, 0xFF, 0xFF, 0xFF, 0xFF, 0xFF, 0x7F, 0x7F, 0x6F, 0x07, 0x07, 0x00, 0x00, 0x00,
        0x00, 0x00, 0x00, 0x00, 0x00, 0x00, 0x00, 0x80, 0xE0, 0xE0, 0xFE, 0x7C, 0x30, 0x20, 0x60, 0xE0,
        0xC0, 0x90, 0x1F, 0x7F, 0xFF, 0xFF, 0x7F, 0x7F, 0x3F, 0x0F, 0x07, 0x03, 0x85, 0x87, 0x1F, 0x3F,
        0x7F, 0xFF, 0xFF, 0xFF, 0xFF, 0xFF, 0xFE, 0xFE, 0xFF, 0xFF, 0xFF, 0xFF, 0x8F, 0x0F, 0x1F, 0x3F,
        0x27, 0x07, 0x03, 0x02, 0x03, 0x03, 0x03, 0xFE, 0xE2, 0xE0, 0x80, 0x00, 0x00, 0x00, 0x00, 0x00,
        0x80, 0xC0, 0xE0, 0xF0, 0xFC, 0xFE, 0xFF, 0xFF, 0xFF, 0xFF, 0xFF, 0x00, 0x00, 0x00, 0x00, 0x00,
        0x01, 0x01, 0x00, 0xFE, 0xFF, 0xFE, 0xC0, 0x00, 0x00, 0x00, 0x1C, 0x37, 0x03, 0x03, 0x03, 0x37,
        0x00, 0x00, 0x00, 0x01, 0x01, 0x01, 0x03, 0x03, 0x03, 0x03, 0x3E, 0x07, 0x03, 0x06, 0x1C, 0x00,
        0x00, 0xFC, 0xC2, 0x1E, 0x0F, 0x00, 0x00, 0x01, 0x03, 0x07, 0x7F, 0x7E, 0x78, 0x60, 0x40, 0x00,
        0x00, 0x00, 0x00, 0x00, 0x00, 0x00, 0x00, 0x00, 0x00, 0x00, 0xC0, 0xE0, 0xE0, 0xC0, 0x80, 0x80,
        0x00, 0x00, 0x20, 0xFF, 0xFF, 0xFF, 0xFF, 0xC7, 0xC4, 0x00, 0x00, 0x80, 0x00, 0x00, 0x00, 0x00,
        0x00, 0x00, 0x00, 0x00, 0x00, 0x00, 0x00, 0x00, 0x00, 0x00, 0x00, 0x00, 0x80, 0xC0, 0xC0, 0xE0,
        0xF0, 0xF8, 0x3F, 0x07, 0x00, 0x00, 0x00, 0x00, 0x00, 0xA0, 0xFF, 0xFF, 0xFE, 0xF8, 0xC0, 0x00,
        0x00, 0x00, 0x00, 0x00, 0x00, 0x00, 0x00, 0x00, 0x00, 0x00, 0x06, 0xFF, 0xFF, 0xFF, 0xFF, 0xFF,
        0xFF, 0xFF, 0xFF, 0xFF, 0xFF, 0xFF, 0xFF, 0xFF, 0xFF, 0xFF, 0xFF, 0xFF, 0xFF, 0xFF, 0xFF, 0xFF,
        0xFF, 0xFF, 0xFF, 0x7E, 0x7E, 0xFF, 0xFF, 0xFF, 0xFF, 0xFF, 0xFF, 0xFF, 0xFF, 0xFF, 0xFF, 0xFF,
        0xFF, 0xFF, 0xFC, 0xFF, 0xFE, 0xFE, 0xFF, 0xFE, 0xFE, 0xFF, 0xFF, 0xFF, 0xFF, 0xFF, 0x3F, 0x00
    },
    {
        0x00, 0x00, 0x00, 0x00, 0x00, 0x00, 0x00, 0x00, 0x00, 0x00, 0x00, 0x00, 0x00, 0x00, 0x00, 0x00,
        0x00, 0x00, 0x00, 0x00, 0x00, 0x00, 0x00, 0x00, 0x00, 0x00, 0x00, 0x00, 0x00, 0x00, 0x00, 0x00,
        0x00, 0x00, 0x00, 0x00, 0x00, 0x00, 0x20, 0x00, 0x00, 0x00, 0x00, 0x00, 0x00, 0x00, 0x00, 0x00,
        0x00, 0x00, 0x00, 0x00, 0x00, 0x00, 0x00, 0x00, 0x00, 0x00, 0x00, 0x00, 0x00, 0x00, 0x00, 0x00,
        0x00, 0x00, 0x00, 0x00, 0x00, 0x00, 0x00, 0x00, 0x00, 0x00, 0x00, 0x80, 0x80, 0xC0, 0xE0, 0xE0,
        0xF0, 0xF0, 0xF8, 0xF8, 0xF8, 0xFC, 0xFC, 0xFC, 0xFC, 0xFC, 0xFE, 0xFE, 0xFE, 0xFA, 0x00, 0x00,
        0x00, 0x00, 0x00, 0x18, 0x61, 0x89, 0x99, 0x42, 0x76, 0x3C, 0x10, 0x00, 0xE0, 0xFC, 0xFC, 0xF8,
        0xF8, 0xF8, 0xFC, 0xFC, 0xFC, 0x3C, 0x3C, 0x38, 0xE0, 0xC0, 0x60, 0xE0, 0xC0, 0x80, 0x00, 0x00,
        0x00, 0x00, 0x00, 0x00, 0x00, 0x00, 0x00, 0x00, 0x00, 0x04, 0x1F, 0x3F, 0xFF, 0xFF, 0xFF, 0xFF,
        0xFF, 0xFF, 0xFF, 0xFF, 0xFF, 0xFF, 0xFF, 0xFF, 0xFF, 0xFF, 0xFF, 0xFF, 0xFF, 0xFF, 0xFE, 0xF8,
        0xF8, 0xF8, 0xF8, 0xF8, 0xF8, 0xFB, 0xFD, 0xF8, 0xF8, 0xF8, 0xF8, 0xF8, 0xFF, 0xFF, 0xFF, 0xFF,
        0xFF, 0xFF, 0xFF, 0xE7, 0xE3, 0xE0, 0xE0, 0x80, 0x80, 0x80, 0x9C, 0xFE, 0xC7, 0x83, 0x00, 0x00,
        0x00, 0x00, 0x00, 0x00, 0x00, 0x00, 0x00, 0x00, 0x00, 0x30, 0x3C, 0x3E, 0x1F, 0x1F, 0x1F, 0x1F,
        0x1F, 0x7F, 0xFF, 0xFF, 0xFF, 0xFF, 0xFF, 0xFF, 0xFF, 0xFF, 0xFF, 0xFF, 0xFF, 0xFF, 0xFF, 0xFF,
        0xFF, 0xFF, 0xFF, 0xFF, 0xFF, 0xFF, 0x1F, 0x3F, 0xFF, 0xFF, 0xFF, 0xFF, 0xFF, 0xFF, 0xFF, 0xFF,
        0xFF, 0xFF, 0xFF, 0xFF, 0xFF, 0xFF, 0xFF, 0xFF, 0x7F, 0x7F, 0x37, 0x07, 0x03, 0x01, 0x00, 0x00,
        0x00, 0x00, 0x00, 0x00, 0x00, 0x00, 0x00, 0xC0, 0xE0, 0xE8, 0xFE, 0xFC, 0x78, 0x30, 0x00, 0x10,
        0xF0, 0xF0, 0xC7, 0x0F, 0x3F, 0xFF, 0x7F, 0x3F, 0x1F, 0x0F, 0x07, 0x03, 0x81, 0x83, 0x9F, 0x3F,
        0x7F, 0x7F, 0xFF, 0xFF, 0xFF, 0xFF, 0xFF, 0xFE, 0xFF, 0x7F, 0xFF, 0xFF, 0x87, 0x0F, 0x1F, 0x1F,
        0x27, 0x43, 0x83, 0x02, 0x03, 0x03, 0x03, 0x0E, 0xF0, 0xF0, 0x80, 0x00, 0x00, 0x00, 0x00, 0x00,
        0x40, 0xE0, 0xF0, 0xF8, 0xFC, 0xFE, 0xFF, 0xFF, 0xFF, 0xFF, 0xFF, 0x7F, 0x20, 0x00, 0x00, 0x00,
        0x00, 0x00, 0x00, 0xA0, 0xFD, 0xFF, 0x80, 0x00, 0x00, 0x00, 0x0C, 0x3F, 0x03, 0x01, 0x03, 0x07,
        0x0C, 0x00, 0x00, 0x00, 0x01, 0x01, 0x03, 0x03, 0x03, 0x03, 0x1E, 0x07, 0x03, 0x07, 0x1C, 0x00,
        0x00, 0x64, 0xFF, 0xE2, 0x8F, 0x0F, 0x00, 0x00, 0x00, 0x01, 0x07, 0x3C, 0x78, 0x60, 0x40, 0x00,
        0x00, 0x00, 0x00, 0x00, 0x00, 0x00, 0x00, 0x00, 0x00, 0x00, 0x00, 0xF0, 0xF0, 0xF0, 0xE0, 0xC0,
        0x80, 0x80, 0x00, 0xFF, 0xFF, 0xFF, 0xFF, 0xFE, 0xC4, 0x00, 0x80, 0x80, 0x80, 0x00, 0x00, 0x00,
        0x00, 0x00, 0x00, 0x00, 0x00, 0x00, 0x00, 0x00, 0x00, 0x00, 0x80, 0x80, 0x80, 0x80, 0xC0, 0xE0,
        0xF0, 0xB8, 0x0F, 0x07, 0x01, 0x00, 0x00, 0x00, 0x00, 0x80, 0xF0, 0xFF, 0xFF, 0xFC, 0xF0, 0x00,
        0x00, 0x00, 0x00, 0x00, 0x00, 0x00, 0x00, 0x00, 0x00, 0x00, 0xFE, 0xFF, 0xFF, 0xFF, 0xFF, 0xFF,
        0xFF, 0xFF, 0xFF, 0xFF, 0xFF, 0xFF, 0xFF, 0xFF, 0xFF, 0xFF, 0xFF, 0xFF, 0xFF, 0xFF, 0xFF, 0xFF,
        0xFF, 0xFF, 0xFF, 0xFF, 0x7F, 0xFF, 0xFF, 0xFF, 0xFF, 0xFF, 0xFF, 0xFF, 0xFF, 0xFF, 0xFF, 0xFF,
        0xFF, 0xFF, 0xFC, 0xFF, 0xFF, 0xFF, 0xFF, 0xFF, 0xFE, 0xFF, 0xFF, 0xFF, 0xFF, 0x3F, 0x07, 0x00
    },
    {
        0x00, 0x00, 0x00, 0x00, 0x00, 0x00, 0x00, 0x00, 0x00, 0x00, 0x00, 0x00, 0x00, 0x00, 0x00, 0x00,
        0x00, 0x00, 0x00, 0x00, 0x00, 0x00, 0x00, 0x00, 0x00, 0x00, 0x00, 0x00, 0x00, 0x00, 0x00, 0x00,
        0x00, 0x00, 0x00, 0x00, 0x00, 0x00, 0x20, 0x20, 0x00, 0x00, 0x00, 0x00, 0x00, 0x00, 0x00, 0x00,
        0x00, 0x00, 0x00, 0x00, 0x00, 0x00, 0x00, 0x00, 0x00, 0x00, 0x00, 0x00, 0x00, 0x00, 0x00, 0x00,
        0x00, 0x00, 0x00, 0x00, 0x00, 0x00, 0x00, 0x00, 0x00, 0x00, 0x00, 0x80, 0xC0, 0xC0, 0xE0, 0xE0,
        0xF0, 0xF0, 0xF8, 0xF8, 0xF8, 0xFC, 0xFC, 0xFC, 0xFE, 0xFE, 0xFE, 0xFE, 0xFE, 0xFE, 0x80, 0x00,
        0x00, 0x00, 0x00, 0x18, 0x2C, 0xC1, 0x8D, 0x41, 0x72, 0x1C, 0x10, 0x00, 0x80, 0xFC, 0xFC, 0xFC,
        0xF8, 0xF8, 0xFC, 0xFC, 0xFE, 0x3E, 0x3C, 0x38, 0x70, 0xE0, 0x60, 0x60, 0xE0, 0xC0, 0x00, 0x00,
        0x00, 0x00, 0x00, 0x00, 0x00, 0x00, 0x00, 0x00, 0x00, 0x00, 0x0F, 0x3F, 0x7F, 0xFF, 0xFF, 0xFF,
        0xFF, 0xFF, 0xFF, 0xFF, 0xFF, 0xFF, 0xFF, 0xFF, 0xFF, 0xFF, 0xFF, 0xFF, 0xFF, 0xFF, 0xFF, 0xFC,
        0xF8, 0xFC, 0xF8, 0xF8, 0xF8, 0xFC, 0xFF, 0xFC, 0xF8, 0xF8, 0xF8, 0xF8, 0xFF, 0xFF, 0xFF, 0xFF,
        0xFF, 0xFF, 0xFF, 0xF7, 0xE3, 0xE2, 0xF0, 0xC0, 0x80, 0x80, 0x8C, 0xFE, 0xE7, 0xC3, 0x00, 0x00,
        0x00, 0x00, 0x00, 0x00, 0x00, 0x00, 0x00, 0x00, 0x00, 0x10, 0x38, 0x3E, 0x1F, 0x1F, 0x1F, 0x0F,
        0x0F, 0x1F, 0x3F, 0xFF, 0xFF, 0xFF, 0xFF, 0xFF, 0xFF, 0xFF, 0xFF, 0xFF, 0xFF, 0xFF, 0xFF, 0xFF,
        0xFF, 0xFF, 0xFF, 0xFF, 0xFF, 0xFF, 0x1F, 0x1F, 0xFF, 0xFF, 0xFF, 0xFF, 0xFF, 0xFF, 0xFF, 0xFF,
        0xFF, 0xFF, 0xFF, 0x7F, 0xFF, 0xFF, 0xFF, 0xFF, 0xFF, 0x7F, 0x3F, 0x07, 0x03, 0x01, 0x00, 0x00,
        0x00, 0x00, 0x00, 0x00, 0x00, 0x00, 0x80, 0xC0, 0xE0, 0xF8, 0xFE, 0xFE, 0xFC, 0xFC, 0x18, 0x00,
        0x00, 0x08, 0x7C, 0x34, 0x47, 0x07, 0x1F, 0x3F, 0x1F, 0x0F, 0x07, 0x03, 0x83, 0x83, 0x8F, 0x9F,
        0x3F, 0x7F, 0xFF, 0xFF, 0xFF, 0xFF, 0xFF, 0xFE, 0xFF, 0x7F, 0x7F, 0xFF, 0x8F, 0x0F, 0x0F, 0x1F,
        0x3F, 0x37, 0xE3, 0xC2, 0x83, 0x03, 0x01, 0x81, 0x03, 0x00, 0x00, 0x00, 0x00, 0x00, 0x00, 0x00,
        0x60, 0x60, 0x70, 0xF8, 0xFC, 0xFE, 0xFF, 0xFF, 0xFF, 0x7F, 0x3F, 0x3F, 0x1F, 0x1F, 0x00, 0x00,
        0x00, 0x00, 0x00, 0x00, 0x80, 0xF0, 0xF0, 0xC0, 0x80, 0x00, 0x00, 0x3F, 0x03, 0x01, 0x01, 0x03,
        0x1E, 0x00, 0x00, 0x01, 0x01, 0x01, 0x03, 0x03, 0x03, 0x01, 0x0F, 0x07, 0x03, 0x03, 0x1E, 0x00,
        0x00, 0x20, 0xFF, 0xFF, 0xF7, 0xC3, 0x0F, 0x07, 0x00, 0x00, 0x00, 0x00, 0x00, 0x60, 0x40, 0x00,
        0x00, 0x00, 0x00, 0x00, 0x00, 0x00, 0x00, 0x00, 0x00, 0x00, 0x00, 0xC0, 0xFC, 0xFC, 0xFC, 0xF0,
        0xE0, 0xC0, 0xC0, 0x80, 0xFF, 0xFF, 0xFF, 0xFF, 0xBF, 0x80, 0x80, 0x80, 0x80, 0x80, 0x80, 0x80,
        0x00, 0x00, 0x00, 0x00, 0x00, 0x00, 0x00, 0x00, 0x00, 0x80, 0x80, 0x80, 0x80, 0xC0, 0xC0, 0xE0,
        0xF0, 0xD8, 0x0F, 0x07, 0x83, 0x80, 0x80, 0x00, 0x00, 0x00, 0xC0, 0xF8, 0xFF, 0xFF, 0xFC, 0xE0,
        0x00, 0x00, 0x00, 0x00, 0x00, 0x00, 0x00, 0x00, 0x00, 0x80, 0xE0, 0xFF, 0xFF, 0xFF, 0xFF, 0xFF,
        0xFF, 0xFF, 0xFF, 0xFF, 0xFF, 0xFF, 0xFF, 0xFF, 0xFF, 0xFF, 0xFF, 0xFF, 0xFF, 0xFF, 0xFF, 0xFF,
        0xFF, 0xFF, 0xFF, 0xFF, 0x7F, 0x7F, 0xFF, 0xFF, 0xFF, 0xFF, 0xFF, 0xFF, 0xFF, 0xFF, 0xFF, 0xFF,
        0xFF, 0xFF, 0xFE, 0xFF, 0xFF, 0xFF, 0xFF, 0xFF, 0xFE, 0xFF, 0xFF, 0x7F, 0x3F, 0x1F, 0x07, 0x01
    },
    {
        0x00, 0x00, 0x00, 0x00, 0x00, 0x00, 0x00, 0x00, 0x00, 0x00, 0x00, 0x00, 0x00, 0x00, 0x00, 0x00,
        0x00, 0x00, 0x00, 0x00, 0x00, 0x00, 0x00, 0x00, 0x00, 0x00, 0x00, 0x00, 0x00, 0x00, 0x00, 0x00,
        0x00, 0x00, 0x00, 0x00, 0x00, 0x80, 0x00, 0x00, 0x00, 0x00, 0x00, 0x00, 0x00, 0x00, 0x00, 0x00,
        0x00, 0x00, 0x00, 0x00, 0x00, 0x00, 0x00, 0x00, 0x00, 0x00, 0x00, 0x00, 0x00, 0x00, 0x00, 0x00,
        0x00, 0x00, 0x00, 0x00, 0x00, 0x00, 0x00, 0x00, 0x00, 0x00, 0x00, 0x80, 0xC0, 0xC0, 0xE0, 0xF0,
        0xF0, 0xF8, 0xF8, 0xF8, 0xFC, 0xFC, 0xFC, 0xFE, 0xFE, 0xFE, 0xFE, 0xFE, 0xFE, 0xFF, 0xF0, 0x00,
        0x00, 0x00, 0x00, 0x08, 0x3C, 0x65, 0x8D, 0xC1, 0x73, 0x1A, 0x1C, 0x00, 0x00, 0xF8, 0xFC, 0xFC,
        0xFC, 0xF8, 0xFC, 0xFE, 0xFE, 0x7E, 0x1E, 0x1C, 0x38, 0xE0, 0x60, 0x60, 0xE0, 0xE0, 0x00, 0x00,
        0x00, 0x00, 0x00, 0x00, 0x00, 0x00, 0x00, 0x00, 0x00, 0x00, 0x07, 0x1F, 0x3F, 0xFF, 0xFF, 0xFF,
        0xFF, 0xFF, 0xFF, 0xFF, 0xFF, 0xFF, 0xFF, 0xFF, 0xFF, 0xFF, 0xFF, 0xFF, 0xFF, 0xFF, 0xFF, 0xFC,
        0xFC, 0xFC, 0xFC, 0xFC, 0xFC, 0xFC, 0xFF, 0xFC, 0xFC, 0xFC, 0xF8, 0xF8, 0xFF, 0xFF, 0xFF, 0xFF,
        0xFF, 0xFF, 0xFF, 0xFF, 0xF3, 0xE1, 0xF0, 0xF0, 0xC0, 0x80, 0x84, 0xFE, 0xF7, 0xC3, 0x01, 0x00,
        0x00, 0x00, 0x00, 0x00, 0x00, 0x00, 0x00, 0x00, 0x00, 0x00, 0x18, 0x3E, 0x1F, 0x1F, 0x1F, 0x0F,
        0x0F, 0x07, 0x0F, 0x1F, 0x3F, 0x7F, 0xFF, 0xFF, 0xFF, 0xFF, 0xFF, 0xFF, 0xFF, 0xFF, 0xFF, 0xFF,
        0xFF, 0xFF, 0xFF, 0xFF, 0xFF, 0xFF, 0x9F, 0x1F, 0x7F, 0xFF, 0xFF, 0xFF, 0xFF, 0xFF, 0xFF, 0xFF,
        0xFF, 0xFF, 0xFF, 0x7F, 0xFF, 0xFF, 0xFF, 0xFF, 0x7F, 0x3F, 0x3F, 0x27, 0x03, 0x01, 0x00, 0x00,
        0x00, 0x00, 0x00, 0x00, 0x00, 0x00, 0x00, 0xC0, 0xE0, 0xF0, 0xFE, 0xFF, 0xFF, 0xFE, 0xFE, 0xFA,
        0x0C, 0x04, 0x00, 0x0E, 0x3E, 0x18, 0x01, 0x03, 0x0F, 0x0F, 0x07, 0x03, 0x81, 0x83, 0x87, 0x9F,
        0x3F, 0x7F, 0x7F, 0xFF, 0xFF, 0xFF, 0xFF, 0xFF, 0xFF, 0x7F, 0x7F, 0xFF, 0xE3, 0x87, 0x0F, 0x1F,
        0x1F, 0x3F, 0x7F, 0xFF, 0xF3, 0xE3, 0xC3, 0x01, 0x81, 0x80, 0x00, 0x00, 0x00, 0x00, 0x00, 0x00,
        0x20, 0x70, 0x70, 0x78, 0x7C, 0x7E, 0xFF, 0xFF, 0x7F, 0x7F, 0x7F, 0x1F, 0x1F, 0x0F, 0x0F, 0x07,
        0x00, 0x00, 0x00, 0x00, 0x00, 0x80, 0xE0, 0xF8, 0xF0, 0xC0, 0x00, 0x1F, 0x1B, 0x01, 0x01, 0x03,
        0x1F, 0x00, 0x00, 0x00, 0x00, 0x01, 0x01, 0x03, 0x03, 0x03, 0x02, 0x1F, 0x03, 0x01, 0x13, 0x00,
        0x00, 0x00, 0xFF, 0xFF, 0xFF, 0xFF, 0xF3, 0x83, 0x07, 0x03, 0x00, 0x00, 0x00, 0x00, 0x20, 0x00,
        0x00, 0x00, 0x00, 0x00, 0x00, 0x00, 0x00, 0x00, 0x00, 0x00, 0x00, 0x00, 0xF0, 0xFE, 0xFF, 0xFE,
        0xFE, 0xF0, 0xE0, 0xE0, 0xC0, 0xF0, 0xFF, 0xFF, 0xFF, 0x9F, 0x80, 0x80, 0x80, 0x80, 0x80, 0x80,
        0x80, 0x80, 0x00, 0x00, 0x00, 0x00, 0x00, 0x00, 0x80, 0x80, 0x80, 0x80, 0xC0, 0xC0, 0xC0, 0xE0,
        0xF0, 0xF8, 0x8F, 0x07, 0xC3, 0xC1, 0x80, 0x80, 0x00, 0x00, 0x00, 0xC0, 0xF0, 0xFE, 0xFF, 0xFC,
        0x00, 0x00, 0x00, 0x00, 0x00, 0x00, 0x00, 0x00, 0x00, 0x80, 0xE0, 0xFF, 0xFF, 0xFF, 0xFF, 0xFF,
        0xFF, 0xFF, 0xFF, 0xFF, 0xFF, 0xFF, 0xFF, 0xFF, 0xFF, 0xFF, 0xFF, 0xFF, 0xFF, 0xFF, 0xFF, 0xFF,
        0xFF, 0xFF, 0xFF, 0xFF, 0x3F, 0x3F, 0xFF, 0xFF, 0xFF, 0xFF, 0xFF, 0xFF, 0xFF, 0xFF, 0xFF, 0xFF,
        0xFF, 0xFF, 0xFE, 0xFF, 0xFF, 0xFF, 0xFF, 0xFF, 0xFF, 0xFE, 0xFF, 0xFF, 0x3F, 0x1F, 0x07, 0x03
    },
    {
        0x00, 0x00, 0x00, 0x00, 0x00, 0x00, 0x00, 0x00, 0x00, 0x00, 0x00, 0x00, 0x00, 0x00, 0x00, 0x00,
        0x00, 0x00, 0x00, 0x00, 0x00, 0x00, 0x00, 0x00, 0x00, 0x00, 0x00, 0x00, 0x00, 0x00, 0x00, 0x00,
        0x00, 0x00, 0x00, 0x00, 0x00, 0x00, 0x90, 0x10, 0x00, 0x00, 0x00, 0x00, 0x00, 0x00, 0x00, 0x00,
        0x00, 0x00, 0x00, 0x00, 0x00, 0x00, 0x00, 0x00, 0x00, 0x00, 0x00, 0x00, 0x00, 0x00, 0x00, 0x00,
        0x00, 0x00, 0x00, 0x00, 0x00, 0x00, 0x00, 0x00, 0x00, 0x00, 0x00, 0x80, 0xC0, 0xC0, 0xE0, 0xF0,
        0xF0, 0xF8, 0xF8, 0xF8, 0xFC, 0xFC, 0xFC, 0xFE, 0xFE, 0xFE, 0xFE, 0xFF, 0xFF, 0xFF, 0xFE, 0x80,
        0x00, 0x00, 0x00, 0x08, 0x1C, 0x34, 0xC4, 0xCC, 0x61, 0x11, 0x1E, 0x00, 0x00, 0xD0, 0xFE, 0xFE,
        0xFC, 0xDC, 0xFC, 0xFE, 0xFE, 0xFE, 0x1E, 0x1E, 0x1C, 0x70, 0x60, 0x70, 0x70, 0xE0, 0xC0, 0x00,
        0x00, 0x00, 0x00, 0x00, 0x00, 0x00, 0x00, 0x00, 0x00, 0x00, 0x02, 0x0F, 0x1F, 0xFF, 0xFF, 0xFF,
        0xFF, 0xFF, 0xFF, 0xFF, 0xFF, 0xFF, 0xFF, 0xFF, 0xFF, 0xFF, 0xFF, 0xFF, 0xFF, 0xFF, 0xFF, 0xFF,
        0xFC, 0xFC, 0xFC, 0xFC, 0xFC, 0xFC, 0xFE, 0xFC, 0xFC, 0xFC, 0xFC, 0xFC, 0xFC, 0xFF, 0xFF, 0xFF,
        0xFF, 0xFF, 0xFF, 0xFF, 0xF3, 0xF1, 0xF0, 0xF0, 0xC0, 0xC0, 0xC0, 0xCC, 0xFF, 0xF3, 0xC1, 0x00,
        0x00, 0x00, 0x00, 0x00, 0x00, 0x00, 0x00, 0x00, 0x00, 0x00, 0x18, 0x1C, 0xDF, 0xFF, 0xFF, 0xDF,
        0x8F, 0x8F, 0x07, 0x07, 0x07, 0x03, 0x07, 0x0F, 0x3F, 0xFF, 0xFF, 0xFF, 0xFF, 0xFF, 0xFF, 0xFF,
        0xFF, 0xFF, 0xFF, 0xFF, 0xFF, 0xFF, 0xFF, 0x9F, 0x1F, 0xFF, 0xFF, 0xFF, 0xFF, 0xFF, 0xFF, 0xFF,
        0xFF, 0xFF, 0xFF, 0xFF, 0x7F, 0xFF, 0xFF, 0xFF, 0x7F, 0x3F, 0x3F, 0x3F, 0x03, 0x03, 0x01, 0x00,
        0x00, 0x00, 0x00, 0x00, 0x00, 0x00, 0x00, 0x80, 0xE0, 0xF0, 0xF4, 0xFF, 0xFF, 0xFF, 0xFF, 0xFD,
        0xFC, 0xFF, 0xFF, 0x06, 0x02, 0x02, 0x06, 0x1E, 0x1E, 0x01, 0x03, 0x03, 0x01, 0x00, 0x03, 0x0F,
        0x1F, 0x3F, 0x7F, 0x7F, 0xFF, 0xFF, 0xFF, 0xFF, 0xFF, 0xFF, 0x3F, 0x7F, 0x7B, 0x47, 0x07, 0x0F,
        0x1F, 0x1F, 0x3F, 0xFF, 0xFF, 0xFF, 0xFF, 0xFF, 0xE6, 0x83, 0x00, 0x00, 0x00, 0x00, 0x00, 0x00,
        0x00, 0x20, 0x70, 0x78, 0x7C, 0x7E, 0x7F, 0x7F, 0x7F, 0x7F, 0x7F, 0x7F, 0x3F, 0x3F, 0x1F, 0x9F,
        0x0F, 0x0F, 0x03, 0x00, 0x00, 0x00, 0x00, 0x00, 0x80, 0xF0, 0xF8, 0xE0, 0x10, 0x00, 0x00, 0x00,
        0x00, 0x00, 0x00, 0x00, 0x00, 0x00, 0x00, 0x01, 0x01, 0x01, 0x01, 0x08, 0x00, 0x00, 0x00, 0x10,
        0x00, 0x00, 0x38, 0xFF, 0xFF, 0xFF, 0xFF, 0x3F, 0x1F, 0x07, 0x0C, 0x0F, 0x01, 0x00, 0x00, 0x00,
        0x00, 0x00, 0x00, 0x00, 0x00, 0x00, 0x00, 0x00, 0x00, 0x00, 0x00, 0x00, 0x80, 0xF0, 0xFC, 0xFF,
        0xFF, 0xFF, 0xFE, 0xF8, 0xF0, 0xE0, 0xE0, 0xFE, 0xFF, 0xFF, 0xBF, 0x87, 0xC0, 0xC0, 0x80, 0x80,
        0x80, 0x80, 0x80, 0x80, 0x80, 0x80, 0x80, 0x80, 0x80, 0x80, 0x80, 0x80, 0xC0, 0xC0, 0xE0, 0xE0,
        0xF0, 0xF8, 0xFC, 0x2F, 0x8F, 0x83, 0x80, 0x80, 0x01, 0x00, 0x00, 0x00, 0xC8, 0xE0, 0xF8, 0xFC,
        0x00, 0x00, 0x00, 0x00, 0x00, 0x00, 0x00, 0x00, 0x00, 0x00, 0x80, 0xF8, 0xFF, 0xFF, 0xFF, 0xFF,
        0xFF, 0xFF, 0xFF, 0xFF, 0xFF, 0xFF, 0xFF, 0xFF, 0xFF, 0xFF, 0xFF, 0xFF, 0xFF, 0xFF, 0xFF, 0xFF,
        0xFF, 0xFF, 0xFF, 0xFF, 0x7F, 0x3F, 0x7F, 0xFF, 0xFF, 0xFF, 0xFF, 0xFF, 0xFF, 0xFF, 0xFF, 0xFF,
        0xFF, 0xFF, 0xFF, 0xFE, 0xFF, 0xFF, 0xFF, 0xFF, 0xFE, 0xFC, 0xFE, 0xFF, 0x7F, 0x3F, 0x1F, 0x0F
    },
    {
        0x00, 0x00, 0x00, 0x00, 0x00, 0x00, 0x00, 0x00, 0x00, 0x00, 0x00, 0x00, 0x00, 0x00, 0x00, 0x00,
        0x00, 0x00, 0x00, 0x00, 0x00, 0x00, 0x00, 0x00, 0x00, 0x00, 0x00, 0x00, 0x00, 0x00, 0x00, 0x00,
        0x00, 0x00, 0x00, 0x00, 0x00, 0x00, 0x80, 0x00, 0x00, 0x00, 0x00, 0x00, 0x00, 0x00, 0x00, 0x00,
        0x00, 0x00, 0x00, 0x00, 0x00, 0x00, 0x00, 0x00, 0x00, 0x00, 0x00, 0x00, 0x00, 0x00, 0x00, 0x00,
        0x00, 0x00, 0x00, 0x00, 0x00, 0x00, 0x00, 0x00, 0x00, 0x00, 0x00, 0x00, 0x80, 0xC0, 0xC0, 0xE0,
        0xE0, 0xF0, 0xF0, 0xF8, 0xF8, 0xFC, 0xFC, 0xFC, 0xFC, 0xFE, 0xFE, 0xFE, 0xFE, 0xFE, 0xFF, 0xC0,
        0x00, 0x00, 0x00, 0x00, 0x08, 0x3C, 0x65, 0x8D, 0xE1, 0x33, 0x1E, 0x0C, 0x00, 0x00, 0xF8, 0xFC,
        0xFC, 0xFC, 0xF8, 0xFC, 0xFC, 0xFE, 0x3E, 0x1E, 0x1C, 0x30, 0xE0, 0x60, 0x60, 0xE0, 0xE0, 0x00,
        0x00, 0x00, 0x00, 0x00, 0x00, 0x00, 0x00, 0x00, 0x00, 0x00, 0x00, 0x07, 0x1F, 0x3F, 0xFF, 0xFF,
        0xFF, 0xFF, 0xFF, 0xFF, 0xFF, 0xFF, 0xFF, 0xFF, 0xFF, 0xFF, 0xFF, 0xFF, 0xFF, 0xFF, 0xFF, 0xFF,
        0xFC, 0xFC, 0xFC, 0xFC, 0xFC, 0xFC, 0xFC, 0xFD, 0xFC, 0xF8, 0xFC, 0xF8, 0xF8, 0xFF, 0xFF, 0xEF,
        0xFF, 0xFF, 0xFF, 0xFF, 0xFF, 0xF3, 0xE1, 0xF0, 0xE0, 0xC0, 0x80, 0x84, 0xFC, 0xF7, 0xC3, 0x00,
        0x00, 0x00, 0x00, 0x00, 0x00, 0x00, 0x00, 0x00, 0x00, 0x00, 0x00, 0x18, 0x3E, 0xFF, 0xFF, 0xFF,
        0xFF, 0xFF, 0xFF, 0x3F, 0x1F, 0x1F, 0x1F, 0x1F, 0x1F, 0x1F, 0x7F, 0xFF, 0xFF, 0xFF, 0xFF, 0xFF,
        0xFF, 0xFF, 0xFF, 0xFF, 0xFF, 0xFF, 0xFF, 0xDF, 0x1F, 0x7F, 0xFF, 0xFF, 0xFF, 0xFF, 0xFF, 0xFF,
        0xFF, 0xFF, 0xFF, 0xFF, 0x7F, 0xFF, 0xFF, 0xFF, 0xFF, 0xFF, 0x3F, 0x3F, 0x07, 0x03, 0x03, 0x00,
        0x00, 0x00, 0x00, 0x00, 0x00, 0x00, 0x00, 0x00, 0x80, 0xE0, 0xF0, 0xFC, 0xFF, 0xFF, 0xFF, 0xFF,
        0xF8, 0xFF, 0xFF, 0xFF, 0xFE, 0x3C, 0x18, 0x10, 0x30, 0x78, 0xE0, 0x0B, 0x03, 0x01, 0x05, 0x07,
        0x1F, 0x3F, 0x7F, 0x7F, 0xFF, 0xFF, 0xFF, 0xFF, 0xFF, 0xFF, 0xFF, 0x7F, 0x7F, 0x6F, 0x07, 0x0F,
        0x1F, 0x1F, 0x3F, 0x7F, 0xFF, 0xFF, 0xFF, 0xFF, 0xFC, 0xF0, 0xF4, 0x00, 0x00, 0x00, 0x00, 0x00,
        0x00, 0x00, 0x60, 0x70, 0xF8, 0xFC, 0xFE, 0xFF, 0xFF, 0xFF, 0xFF, 0x7F, 0x7F, 0x7F, 0x3F, 0x7F,
        0xFF, 0xFF, 0xFF, 0x1F, 0x01, 0x00, 0x00, 0x00, 0x00, 0x00, 0x00, 0x80, 0x80, 0x00, 0x00, 0x00,
        0x00, 0x00, 0x00, 0x00, 0x00, 0x00, 0x01, 0x01, 0x01, 0x01, 0x01, 0x01, 0x00, 0x00, 0x00, 0x00,
        0x00, 0x00, 0x00, 0xFF, 0xFF, 0xFF, 0xFF, 0x7F, 0x1F, 0x1F, 0x1F, 0x66, 0x38, 0x08, 0x00, 0x00,
        0x00, 0x00, 0x00, 0x00, 0x00, 0x00, 0x00, 0x00, 0x00, 0x00, 0x00, 0x00, 0x00, 0x00, 0xA0, 0xFC,
        0xFF, 0xFF, 0xFC, 0xF8, 0xC0, 0x80, 0x00, 0x80, 0xF0, 0xF0, 0xF0, 0xFE, 0xFF, 0x80, 0x80, 0x80,
        0x80, 0x80, 0x00, 0x00, 0x00, 0x00, 0x00, 0x00, 0x00, 0x80, 0x80, 0x80, 0x80, 0xC0, 0xC0, 0xE0,
        0xE0, 0xF0, 0xF8, 0xFF, 0x0F, 0x07, 0x01, 0x00, 0x0C, 0x06, 0x00, 0x00, 0x00, 0x80, 0xC0, 0xE0,
        0x00, 0x00, 0x00, 0x00, 0x00, 0x00, 0x00, 0x00, 0x00, 0x00, 0x00, 0x00, 0xC0, 0xFC, 0xFF, 0xFF,
        0xFF, 0xFF, 0xFF, 0xFF, 0xFF, 0xFF, 0xFF, 0xFF, 0xFF, 0xFF, 0xFF, 0xFF, 0xFF, 0xFF, 0xFF, 0xFF,
        0xFF, 0xFF, 0xFF, 0xFF, 0xFF, 0x3F, 0x7F, 0xFF, 0xFF, 0xFF, 0xFF, 0xFF, 0xFF, 0xFF, 0xFF, 0xFF,
        0xFF, 0xFF, 0xFF, 0xFF, 0xFC, 0xFF, 0xFE, 0xFE, 0xFC, 0xF0, 0xF8, 0xFC, 0xFF, 0xFF, 0xFF, 0x3F
    },
    {
        0x00, 0x00, 0x00, 0x00, 0x00, 0x00, 0x00, 0x00, 0x00, 0x00, 0x00, 0x00, 0x00, 0x00, 0x00, 0x00,
        0x00, 0x00, 0x00, 0x00, 0x00, 0x00, 0x00, 0x00, 0x00, 0x00, 0x00, 0x00, 0x00, 0x00, 0x00, 0x00,
        0x00, 0x00, 0x00, 0x00, 0x00, 0x00, 0x00, 0x20, 0x00, 0x00, 0x00, 0x00, 0x00, 0x00, 0x00, 0x00,
        0x00, 0x00, 0x00, 0x00, 0x00, 0x00, 0x00, 0x00, 0x00, 0x00, 0x00, 0x00, 0x00, 0x00, 0x00, 0x00,
        0x00, 0x00, 0x00, 0x00, 0x00, 0x00, 0x00, 0x00, 0x00, 0x00, 0x00, 0x00, 0x00, 0x80, 0xC0, 0xC0,
        0xE0, 0xE0, 0xF0, 0xF0, 0xF8, 0xF8, 0xF8, 0xFC, 0xFC, 0xFC, 0xFC, 0xFC, 0xFE, 0xFE, 0xFE, 0xE0,
        0x00, 0x00, 0x00, 0x00, 0x10, 0x38, 0x89, 0x88, 0xC2, 0x62, 0x3C, 0x18, 0x00, 0x00, 0xFC, 0xFC,
        0xF8, 0xF8, 0xF8, 0xF8, 0xFC, 0xFC, 0x7C, 0x3C, 0x38, 0x70, 0xC0, 0xC0, 0xC0, 0xC0, 0xC0, 0x00,
        0x00, 0x00, 0x00, 0x00, 0x00, 0x00, 0x00, 0x00, 0x00, 0x00, 0x00, 0x0E, 0x3F, 0x7F, 0xFF, 0xFF,
        0xFF, 0xFF, 0xFF, 0xFF, 0xFF, 0xFF, 0xFF, 0xFF, 0xFF, 0xFF, 0xFF, 0xFF, 0xFF, 0xFF, 0xFF, 0xFF,
        0xF8, 0xF8, 0xF8, 0xF8, 0xF8, 0xF8, 0xF8, 0xFF, 0xF8, 0xF8, 0xF8, 0xF8, 0xF8, 0xFF, 0xFF, 0xFF,
        0xFF, 0xFF, 0xFF, 0xFF, 0xFF, 0xE3, 0xE2, 0xE0, 0xC0, 0x80, 0x80, 0x88, 0xFC, 0xE7, 0xC7, 0x00,
        0x00, 0x00, 0x00, 0x00, 0x00, 0x00, 0x00, 0x00, 0x00, 0x00, 0x20, 0x38, 0x3C, 0xFF, 0xFF, 0xFF,
        0xFF, 0xFF, 0xFF, 0xFF, 0xFF, 0xFF, 0xFF, 0xFF, 0xFF, 0xFF, 0xFF, 0xFF, 0xFF, 0xFF, 0xFF, 0xFF,
        0xFF, 0xFF, 0xFF, 0xFF, 0xFF, 0xFF, 0xFF, 0xBF, 0x3F, 0x7F, 0xFF, 0xFF, 0xFF, 0xFF, 0xFF, 0xFF,
        0xFF, 0xFF, 0xFF, 0xFF, 0xFF, 0xFF, 0xFF, 0xFF, 0xFF, 0xFF, 0x7F, 0x7F, 0x07, 0x07, 0x03, 0x00,
        0x00, 0x00, 0x00, 0x00, 0x00, 0x00, 0x00, 0x00, 0x00, 0xC0, 0xE0, 0xF4, 0xFF, 0xFF, 0xFF, 0xFF,
        0xF1, 0xFF, 0xFF, 0xF9, 0xE0, 0xC0, 0x00, 0x80, 0x80, 0x00, 0x5F, 0x07, 0x07, 0x01, 0x01, 0x07,
        0x1F, 0x7F, 0x7F, 0xFF, 0xFF, 0xFE, 0xFF, 0xFF, 0xFE, 0xFE, 0xFF, 0x7F, 0x7F, 0xFF, 0x0F, 0x0F,
        0x1F, 0x3F, 0x3F, 0xFF, 0xFE, 0xFF, 0xFF, 0xFF, 0xF8, 0xF0, 0xE4, 0xE0, 0x80, 0x00, 0x00, 0x00,
        0x00, 0x00, 0x80, 0xC0, 0xE0, 0xF8, 0xFC, 0xFE, 0xFF, 0xFF, 0xFF, 0xFF, 0xFF, 0x7F, 0x7F, 0x7F,
        0xFF, 0xFF, 0xFF, 0xFF, 0x03, 0x00, 0x00, 0x01, 0x07, 0x07, 0x00, 0x00, 0x00, 0x00, 0x00, 0x00,
        0x00, 0x00, 0x00, 0x00, 0x00, 0x00, 0x01, 0x01, 0x01, 0x03, 0x03, 0x03, 0x00, 0x00, 0x00, 0x00,
        0x00, 0x00, 0x00, 0xFF, 0xFF, 0xFF, 0xFF, 0xFF, 0x3F, 0x1F, 0x3F, 0xFF, 0xE1, 0x20, 0x00, 0x00,
        0x00, 0x00, 0x00, 0x00, 0x00, 0x00, 0x00, 0x00, 0x00, 0x00, 0x00, 0x00, 0x00, 0x00, 0x00, 0xE0,
        0xFF, 0xFF, 0xFF, 0xE1, 0x80, 0x00, 0x00, 0x00, 0x00, 0x00, 0x00, 0x00, 0x80, 0x80, 0x80, 0x00,
        0x00, 0x00, 0x00, 0x00, 0x00, 0x00, 0x00, 0x00, 0x00, 0x00, 0x00, 0x00, 0x00, 0x80, 0x80, 0xC0,
        0xE0, 0xE0, 0xF0, 0xFD, 0x1F, 0x0F, 0x83, 0x40, 0x30, 0x10, 0x00, 0x01, 0x00, 0x00, 0x00, 0x80,
        0x00, 0x00, 0x00, 0x00, 0x00, 0x00, 0x00, 0x00, 0x00, 0x00, 0x00, 0x00, 0x00, 0x80, 0xFE, 0xFF,
        0xFF, 0xFF, 0xFF, 0xFF, 0xFF, 0xFC, 0xF8, 0xF8, 0xF8, 0xFF, 0xFF, 0xFF, 0xFF, 0xFF, 0xFF, 0xFF,
        0xFF, 0xFF, 0xFF, 0xFF, 0xFF, 0x7F, 0x7F, 0xFF, 0xFF, 0xFF, 0xFF, 0xFF, 0xFF, 0xFF, 0xFF, 0xFF,
        0xFF, 0xFF, 0xFF, 0xFF, 0xF8, 0xFE, 0xF1, 0xF0, 0xC0, 0xC0, 0xE0, 0xE0, 0xE0, 0xFF, 0xFF, 0x7F
    },
    {
        0x00, 0x00, 0x00, 0x00, 0x00, 0x00, 0x00, 0x00, 0x00, 0x00, 0x00, 0x00, 0x00, 0x00, 0x00, 0x00,
        0x00, 0x00, 0x00, 0x00, 0x00, 0x00, 0x00, 0x00, 0x00, 0x00, 0x00, 0x00, 0x00, 0x00, 0x00, 0x00,
        0x00, 0x00, 0x00, 0x00, 0x00, 0x00, 0x00, 0x40, 0x00, 0x00, 0x00, 0x00, 0x00, 0x00, 0x00, 0x00,
        0x00, 0x00, 0x00, 0x00, 0x00, 0x00, 0x00, 0x00, 0x00, 0x00, 0x00, 0x00, 0x00, 0x00, 0x00, 0x00,
        0x00, 0x00, 0x00, 0x00, 0x00, 0x00, 0x00, 0x00, 0x00, 0x00, 0x00, 0x00, 0x00, 0x80, 0x80, 0xC0,
        0xE0, 0xE0, 0xE0, 0xF0, 0xF0, 0xF8, 0xF8, 0xF8, 0xF8, 0xFC, 0xFC, 0xFC, 0xFC, 0xFC, 0xFC, 0x80,
        0x00, 0x00, 0x00, 0x00, 0x30, 0x48, 0x83, 0x1A, 0xC2, 0x64, 0x3C, 0x00, 0x00, 0x00, 0xF8, 0xF8,
        0xF8, 0xF0, 0xF0, 0xF8, 0xF8, 0xFC, 0x7C, 0x78, 0x78, 0xE0, 0x80, 0xC0, 0xC0, 0xC0, 0x80, 0x00,
        0x00, 0x00, 0x00, 0x00, 0x00, 0x00, 0x00, 0x00, 0x00, 0x00, 0x00, 0x1E, 0x7F, 0xFF, 0xFF, 0xFF,
        0xFF, 0xFF, 0xFF, 0xFF, 0xFF, 0xFF, 0xFF, 0xFF, 0xFF, 0xFF, 0xFF, 0xFF, 0xFF, 0xFF, 0xFF, 0xFF,
        0xF8, 0xF8, 0xF8, 0xF8, 0xF0, 0xF0, 0xF9, 0xFF, 0xF8, 0xF0, 0xF0, 0xF0, 0xF0, 0xFF, 0xFF, 0xFF,
        0xFF, 0xFF, 0xFF, 0xFF, 0xEF, 0xC7, 0xC0, 0xE0, 0x80, 0x00, 0x01, 0x18, 0xFC, 0xCF, 0x87, 0x00,
        0x00, 0x00, 0x00, 0x00, 0x00, 0x00, 0x00, 0x00, 0x00, 0x00, 0x20, 0x38, 0x7C, 0xFE, 0xFF, 0xFF,
        0xFF, 0xFF, 0xFF, 0xFF, 0xFF, 0xFF, 0xFF, 0xFF, 0xFF, 0xFF, 0xFF, 0xFF, 0xFF, 0xFF, 0xFF, 0xFF,
        0xFF, 0xFF, 0xFF, 0xFF, 0xFF, 0xFF, 0xFF, 0x3F, 0x3F, 0xFF, 0xFF, 0xFF, 0xFF, 0xFF, 0xFF, 0xFF,
        0xFF, 0xFF, 0xFF, 0xFF, 0xFF, 0xFF, 0xFF, 0xFF, 0xFF, 0xFF, 0x7F, 0x7F, 0x0F, 0x07, 0x03, 0x00,
        0x00, 0x00, 0x00, 0x00, 0x00, 0x00, 0x00, 0x00, 0x00, 0x80, 0xE0, 0xE8, 0xFE, 0xFF, 0xFF, 0xFF,
        0xFD, 0xE3, 0x03, 0x03, 0x01, 0x01, 0x01, 0x03, 0x7B, 0x3F, 0x1F, 0x0F, 0x07, 0x01, 0x0B, 0x0F,
        0x1F, 0x3F, 0xFF, 0xFF, 0xFF, 0xFF, 0xFF, 0xFF, 0xFE, 0xFE, 0xFF, 0xFF, 0xFF, 0xDF, 0x8F, 0x1F,
        0x3F, 0x3F, 0x7F, 0xFF, 0xFC, 0xFF, 0xFF, 0xFF, 0xF8, 0xE0, 0xE8, 0xC0, 0x00, 0x00, 0x00, 0x00,
        0x00, 0x00, 0x00, 0x80, 0xC0, 0xF0, 0xF8, 0xFC, 0xFF, 0xFF, 0xFF, 0xFF, 0xFF, 0xFF, 0xFF, 0x7F,
        0xFF, 0xDF, 0x07, 0x02, 0x06, 0x0E, 0x1C, 0x08, 0x00, 0x00, 0x00, 0x00, 0x20, 0x20, 0x00, 0x00,
        0x20, 0x20, 0x00, 0x00, 0x00, 0x01, 0x01, 0x03, 0x03, 0x03, 0x03, 0x03, 0x20, 0x00, 0x00, 0x20,
        0x00, 0x00, 0xC0, 0xFF, 0xFF, 0xFF, 0xFF, 0xFF, 0xFF, 0xC7, 0x01, 0x00, 0x00, 0x00, 0x40, 0x60,
        0x00, 0x00, 0x01, 0x01, 0x01, 0x01, 0x01, 0x01, 0x01, 0x01, 0x01, 0x01, 0x00, 0x00, 0x00, 0x00,
        0xFF, 0xFF, 0x84, 0x00, 0x00, 0x00, 0x00, 0x00, 0x00, 0x00, 0x00, 0x00, 0x00, 0x00, 0x00, 0x00,
        0x00, 0x00, 0x00, 0x00, 0x00, 0x00, 0x00, 0x00, 0x00, 0x00, 0x00, 0x00, 0x00, 0x00, 0x80, 0x80,
        0xC0, 0xE0, 0xF0, 0xFF, 0x3F, 0xCF, 0xE1, 0x00, 0x07, 0x01, 0x00, 0x00, 0x00, 0x00, 0x00, 0x00,
        0x00, 0x00, 0x00, 0x00, 0x00, 0x00, 0x00, 0x00, 0x00, 0x00, 0x00, 0x00, 0x00, 0x00, 0xC0, 0xFF,
        0xFF, 0xFF, 0xFF, 0xFE, 0xFC, 0xF8, 0xF0, 0xE0, 0xE0, 0xFC, 0xFC, 0xFE, 0xFE, 0xFF, 0xFF, 0xFF,
        0xFF, 0xFE, 0xFE, 0xFE, 0xFE, 0x7E, 0xFE, 0xFE, 0xFE, 0xFE, 0xFF, 0xFF, 0xFF, 0xFF, 0xFF, 0xFF,
        0xFF, 0xFF, 0xFF, 0xFF, 0xFF, 0xEF, 0xE0, 0x80, 0x80, 0x80, 0xC0, 0x80, 0xDE, 0xFF, 0xFC, 0x00
    },
    {
        0x00, 0x00, 0x00, 0x00, 0x00, 0x00, 0x00, 0x00, 0x00, 0x00, 0x00, 0x00, 0x00, 0x00, 0x00, 0x00,
        0x00, 0x00, 0x00, 0x00, 0x00, 0x00, 0x00, 0x00, 0x00, 0x00, 0x00, 0x00, 0x00, 0x00, 0x00, 0x00,
        0x00, 0x00, 0x00, 0x00, 0x00, 0x00, 0x00, 0x40, 0x00, 0x00, 0x00, 0x00, 0x00, 0x00, 0x00, 0x00,
        0x00, 0x00, 0x00, 0x00, 0x00, 0x00, 0x00, 0x00, 0x00, 0x00, 0x00, 0x00, 0x00, 0x00, 0x00, 0x00,
        0x00, 0x00, 0x00, 0x00, 0x00, 0x00, 0x00, 0x00, 0x00, 0x00, 0x00, 0x00, 0x00, 0x80, 0x80, 0xC0,
        0xC0, 0xE0, 0xE0, 0xF0, 0xF0, 0xF0, 0xF8, 0xF8, 0xF8, 0xF8, 0xFC, 0xFC, 0xFC, 0xFC, 0xF0, 0x00,
        0x00, 0x00, 0x00, 0x10, 0x30, 0x43, 0x12, 0x12, 0xC4, 0x6C, 0x38, 0x00, 0x00, 0xE0, 0xF8, 0xF8,
        0xF0, 0xF0, 0xF0, 0xF8, 0xF8, 0xF8, 0x78, 0x78, 0x70, 0x80, 0x80, 0x80, 0x80, 0x80, 0x00, 0x00,
        0x00, 0x00, 0x00, 0x00, 0x00, 0x00, 0x00, 0x00, 0x00, 0x00, 0x0C, 0x3E, 0x7F, 0xFF, 0xFF, 0xFF,
        0xFF, 0xFF, 0xFF, 0xFF, 0xFF, 0xFF, 0xFF, 0xFF, 0xFF, 0xFF, 0xFF, 0xFF, 0xFF, 0xFF, 0xFF, 0xFC,
        0xF0, 0xF0, 0xF8, 0xF0, 0xF0, 0xF0, 0xFF, 0xFB, 0xF0, 0xF0, 0xF0, 0xF0, 0xF0, 0xFF, 0xFF, 0xFF,
        0xFF, 0xFF, 0xFF, 0xFF, 0xEF, 0xC7, 0xC0, 0xE0, 0x00, 0x01, 0x01, 0xB8, 0xFD, 0xCF, 0x07, 0x00,
        0x00, 0x00, 0x00, 0x00, 0x00, 0x00, 0x00, 0x00, 0x00, 0x00, 0x60, 0x78, 0x7C, 0xFF, 0xFF, 0xFF,
        0xFF, 0xFF, 0xFF, 0xFF, 0xFF, 0xFF, 0xFF, 0xFF, 0xFF, 0xFF, 0xFF, 0xFF, 0xFF, 0xFF, 0xFF, 0xFF,
        0xFF, 0xFF, 0xFF, 0xFF, 0xFF, 0xFF, 0xFF, 0x3F, 0x7F, 0xFF, 0xFF, 0xFF, 0xFF, 0xFF, 0xFF, 0xFF,
        0xFF, 0xFF, 0xFF, 0xFF, 0xFF, 0xFF, 0xFF, 0xFF, 0xFF, 0xFF, 0xFF, 0x6F, 0x0F, 0x07, 0x03, 0x00,
        0x00, 0x00, 0x00, 0x00, 0x00, 0x00, 0x00, 0x00, 0x00, 0x80, 0xC0, 0xF8, 0xFF, 0xFF, 0xFF, 0xFF,
        0x01, 0x03, 0x03, 0x03, 0x03, 0x03, 0xC3, 0xF7, 0x7F, 0x3F, 0x1F, 0x0F, 0x07, 0x03, 0x0F, 0x1F,
        0x3F, 0x7F, 0xFF, 0xFF, 0xFF, 0xFF, 0xFF, 0xFE, 0xFC, 0xFF, 0xFF, 0xFF, 0xFF, 0xDF, 0x1F, 0x1F,
        0x3F, 0x7F, 0x7F, 0xFF, 0xFD, 0xFF, 0xFF, 0xFF, 0xF1, 0xE2, 0xD0, 0xC0, 0x00, 0x00, 0x00, 0x00,
        0x00, 0x00, 0x00, 0x80, 0xC0, 0xE0, 0xF0, 0xFC, 0xFF, 0xFF, 0xFF, 0xFF, 0xFF, 0xFF, 0xFF, 0x7F,
        0x07, 0x04, 0x0C, 0x1E, 0x38, 0x10, 0x03, 0x00, 0x80, 0x00, 0x00, 0x18, 0x7C, 0x04, 0x00, 0x00,
        0x28, 0x08, 0x00, 0x01, 0x01, 0x01, 0x03, 0x03, 0x03, 0x03, 0x03, 0x3A, 0x00, 0x00, 0x01, 0x38,
        0x00, 0x00, 0xD0, 0xFF, 0xFF, 0xFF, 0xCF, 0x43, 0x01, 0x01, 0x01, 0x01, 0x61, 0x70, 0x78, 0x70,
        0x00, 0x00, 0x00, 0x03, 0x03, 0x03, 0x03, 0x03, 0x03, 0x03, 0x01, 0x01, 0x01, 0x01, 0x00, 0x00,
        0xF8, 0x00, 0x00, 0x00, 0x00, 0x00, 0x00, 0x00, 0x01, 0x02, 0x04, 0x08, 0x00, 0x00, 0x00, 0x00,
        0x00, 0x00, 0x00, 0x00, 0x00, 0x00, 0x00, 0x00, 0x00, 0x00, 0x00, 0x00, 0x00, 0x00, 0x80, 0x80,
        0xC0, 0xE0, 0xF0, 0xFF, 0xE1, 0x82, 0x03, 0x00, 0x00, 0x00, 0x00, 0x80, 0x00, 0x00, 0x00, 0x00,
        0x00, 0x00, 0x00, 0x00, 0x00, 0x00, 0x00, 0x00, 0x00, 0x00, 0x00, 0x00, 0x00, 0x00, 0x00, 0xFC,
        0xFF, 0xFF, 0xFC, 0xF8, 0xF0, 0xE0, 0xE0, 0xE0, 0xFC, 0xFC, 0xFC, 0xFE, 0xFE, 0xFF, 0xFF, 0xFE,
        0xFE, 0xFE, 0xFE, 0xFE, 0xFE, 0xFE, 0xFE, 0xFE, 0xFE, 0xFE, 0xFE, 0xFF, 0xFF, 0xFF, 0xFF, 0xFF,
        0xFF, 0xFF, 0xFF, 0xFF, 0xE3, 0xC0, 0x80, 0x00, 0xC0, 0xC0, 0xC1, 0xC7, 0xCF, 0xFC, 0x00, 0x00
    },
    {
        0x00, 0x00, 0x00, 0x00, 0x00, 0x00, 0x00, 0x00, 0x00, 0x00, 0x00, 0x00, 0x00, 0x00, 0x00, 0x00,
        0x00, 0x00, 0x00, 0x00, 0x00, 0x00, 0x00, 0x00, 0x00, 0x00, 0x00, 0x00, 0x00, 0x00, 0x00, 0x00,
        0x00, 0x00, 0x00, 0x00, 0x00, 0x00, 0x40, 0x00, 0x00, 0x00, 0x00, 0x00, 0x00, 0x00, 0x00, 0x00,
        0x00, 0x00, 0x00, 0x00, 0x00, 0x00, 0x00, 0x00, 0x00, 0x00, 0x00, 0x00, 0x00, 0x00, 0x00, 0x00,
        0x00, 0x00, 0x00, 0x00, 0x00, 0x00, 0x00, 0x00, 0x00, 0x00, 0x00, 0x00, 0x00, 0x80, 0xC0, 0xC0,
        0xE0, 0xE0, 0xF0, 0xF0, 0xF0, 0xF8, 0xF8, 0xF8, 0xF8, 0xFC, 0xFC, 0xFC, 0xFC, 0xFC, 0x80, 0x00,
        0x00, 0x00, 0x00, 0x30, 0x70, 0x82, 0x1A, 0x82, 0x44, 0x7C, 0x10, 0x00, 0x00, 0xF8, 0xF8, 0xF8,
        0xF0, 0xF0, 0xF0, 0xF8, 0xF8, 0xF8, 0x78, 0x78, 0xE0, 0x80, 0x80, 0x80, 0xC0, 0x80, 0x00, 0x00,
        0x00, 0x00, 0x00, 0x00, 0x00, 0x00, 0x00, 0x00, 0x00, 0x00, 0x1E, 0x3F, 0xFF, 0xFF, 0xFF, 0xFF,
        0xFF, 0xFF, 0xFF, 0xFF, 0xFF, 0xFF, 0xFF, 0xFF, 0xFF, 0xFF, 0xFF, 0xFF, 0xFF, 0xFF, 0xFF, 0xF8,
        0xF0, 0xF8, 0xF8, 0xF8, 0xF8, 0xF0, 0xFB, 0xF1, 0xF0, 0xF0, 0xF0, 0xF0, 0xFE, 0xFF, 0xFF, 0xFF,
        0xFF, 0xFF, 0xFF, 0xFF, 0xC7, 0xC4, 0xC0, 0xC0, 0x00, 0x01, 0x11, 0xF9, 0xCF, 0x8F, 0x02, 0x00,
        0x00, 0x00, 0x00, 0x00, 0x00, 0x00, 0x00, 0x00, 0x00, 0x00, 0x70, 0x78, 0xFE, 0xFF, 0xFF, 0xFF,
        0xFF, 0xFF, 0xFF, 0xFF, 0xFF, 0xFF, 0xFF, 0xFF, 0xFF, 0xFF, 0xFF, 0xFF, 0xFF, 0xFF, 0xFF, 0xFF,
        0xFF, 0xFF, 0xFF, 0xFF, 0xFF, 0xFF, 0xFF, 0x3F, 0x7F, 0xFF, 0xFF, 0xFF, 0xFF, 0xFF, 0xFF, 0xFF,
        0xFF, 0xFF, 0xFF, 0xFF, 0xFF, 0xFF, 0xFF, 0xFF, 0xFF, 0xFF, 0xFF, 0x0F, 0x0F, 0x07, 0x00, 0x00,
        0x00, 0x00, 0x00, 0x00, 0x00, 0x00, 0x00, 0x00, 0x00, 0xC0, 0xC0, 0xFC, 0xFF, 0xFF, 0xFF, 0x07,
        0x01, 0x01, 0x01, 0x01, 0x83, 0xC3, 0xE3, 0xF7, 0x7F, 0x3F, 0x1F, 0x07, 0x07, 0x07, 0x0F, 0x1F,
        0x3F, 0x7F, 0xFF, 0xFF, 0xFF, 0xFF, 0xFF, 0xFE, 0xFC, 0xFF, 0xFF, 0xFF, 0xFF, 0x8F, 0x1F, 0x3F,
        0x3F, 0x7F, 0xFF, 0xFC, 0xFF, 0x7F, 0x7F, 0x79, 0x61, 0x60, 0x60, 0x80, 0x00, 0x00, 0x00, 0x00,
        0x00, 0x00, 0x00, 0x80, 0xC0, 0xE0, 0xF8, 0xFC, 0xFF, 0xFF, 0xFF, 0xFF, 0xFF, 0x1F, 0x07, 0x02,
        0x06, 0x0F, 0x0C, 0x00, 0x01, 0xC7, 0xFD, 0xF0, 0x80, 0x00, 0x00, 0x3C, 0x26, 0x07, 0x03, 0x07,
        0x3E, 0x00, 0x00, 0x01, 0x01, 0x01, 0x01, 0x03, 0x03, 0x03, 0x0F, 0x2F, 0x07, 0x07, 0x2C, 0x00,
        0x00, 0x00, 0xFE, 0x3F, 0xE1, 0x00, 0x00, 0x00, 0x00, 0x30, 0x38, 0x3C, 0x3E, 0x3C, 0x38, 0x30,
        0x00, 0x00, 0x01, 0x03, 0x03, 0x03, 0x03, 0x03, 0x03, 0x03, 0x03, 0x01, 0x01, 0x00, 0xE0, 0x00,
        0x00, 0x00, 0x00, 0x00, 0x00, 0x00, 0x01, 0x03, 0x03, 0x06, 0x0C, 0x00, 0x00, 0x00, 0x00, 0x00,
        0x00, 0x00, 0x00, 0x00, 0x00, 0x00, 0x00, 0x00, 0x00, 0x00, 0x00, 0x00, 0x00, 0x00, 0x80, 0xC0,
        0xC0, 0xE0, 0xF8, 0xF1, 0xE1, 0x00, 0x00, 0x00, 0x00, 0x00, 0x60, 0xE0, 0x80, 0x00, 0x00, 0x00,
        0x00, 0x00, 0x00, 0x00, 0x00, 0x00, 0x00, 0x00, 0x00, 0x00, 0x00, 0x00, 0x00, 0x00, 0x0F, 0xFF,
        0xFE, 0xFC, 0xF8, 0xF0, 0xF0, 0xF0, 0xFE, 0xFE, 0xFE, 0xFF, 0xFF, 0xFF, 0xFF, 0xFF, 0xFE, 0xFE,
        0xFE, 0xFE, 0xFE, 0xFE, 0x7E, 0xFE, 0xFE, 0xFE, 0xFE, 0xFE, 0xFF, 0xFF, 0xFF, 0xFF, 0xFF, 0xFF,
        0xFF, 0xFF, 0xFF, 0xFD, 0xF8, 0xE0, 0xE0, 0xC0, 0xF0, 0xF0, 0xF0, 0xF0, 0xF1, 0xF8, 0xE0, 0x00
    },
    {
        0x00, 0x00, 0x00, 0x00, 0x00, 0x00, 0x00, 0x00, 0x00, 0x00, 0x00, 0x00, 0x00, 0x00, 0x00, 0x00,
        0x00, 0x00, 0x00, 0x00, 0x00, 0x00, 0x00, 0x00, 0x00, 0x00, 0x00, 0x00, 0x00, 0x00, 0x00, 0x00,
        0x00, 0x00, 0x00, 0x00, 0x00, 0x00, 0x20, 0x00, 0x00, 0x00, 0x00, 0x00, 0x00, 0x00, 0x00, 0x00,
        0x00, 0x00, 0x00, 0x00, 0x00, 0x00, 0x00, 0x00, 0x00, 0x00, 0x00, 0x00, 0x00, 0x00, 0x00, 0x00,
        0x00, 0x00, 0x00, 0x00, 0x00, 0x00, 0x00, 0x00, 0x00, 0x00, 0x00, 0x00, 0x80, 0x80, 0xC0, 0xC0,
        0xE0, 0xE0, 0xF0, 0xF0, 0xF8, 0xF8, 0xF8, 0xF8, 0xFC, 0xFC, 0xFC, 0xFC, 0xFC, 0xF8, 0x00, 0x00,
        0x00, 0x00, 0x10, 0x30, 0x68, 0x8B, 0x82, 0xC2, 0x64, 0x3C, 0x20, 0x00, 0x80, 0xF8, 0xF8, 0xF8,
        0xF0, 0xF0, 0xF8, 0xF8, 0xFC, 0x7C, 0x78, 0x78, 0xE0, 0xC0, 0xC0, 0xC0, 0xC0, 0x80, 0x00, 0x00,
        0x00, 0x00, 0x00, 0x00, 0x00, 0x00, 0x00, 0x00, 0x00, 0x00, 0x1E, 0x7F, 0xFF, 0xFF, 0xFF, 0xFF,
        0xFF, 0xFF, 0xFF, 0xFF, 0xFF, 0xFF, 0xFF, 0xFF, 0xFF, 0xFF, 0xFF, 0xFF, 0xFF, 0xFF, 0xFE, 0xF8,
        0xF8, 0xF0, 0xF0, 0xF0, 0xF0, 0xFB, 0xFB, 0xF8, 0xF0, 0xF0, 0xF0, 0xF0, 0xFF, 0xFF, 0xFF, 0xFF,
        0xFF, 0xFF, 0xFF, 0xE7, 0xC7, 0xC0, 0xE0, 0x80, 0x01, 0x01, 0x98, 0xF8, 0xCF, 0x87, 0x00, 0x00,
        0x00, 0x00, 0x00, 0x00, 0x00, 0x00, 0x00, 0x00, 0x00, 0x20, 0x78, 0x7C, 0xFF, 0xFF, 0xFF, 0xFF,
        0xFF, 0xFF, 0xFF, 0xFF, 0xFF, 0xFF, 0xFF, 0xFF, 0xFF, 0xFF, 0xFF, 0xFF, 0xFF, 0xFF, 0xFF, 0xFF,
        0xFF, 0xFF, 0xFF, 0xFF, 0xFF, 0xFF, 0x3F, 0x3F, 0xFF, 0xFF, 0xFF, 0xFF, 0xFF, 0xFF, 0xFF, 0xFF,
        0xFF, 0xFF, 0xFF, 0xFF, 0xFF, 0xFF, 0xFF, 0xFF, 0xFF, 0x7F, 0x7F, 0x0F, 0x07, 0x03, 0x00, 0x00,
        0x00, 0x00, 0x00, 0x00, 0x00, 0x00, 0x00, 0x00, 0x80, 0xE0, 0xE8, 0xFE, 0xFF, 0xFF, 0x80, 0x80,
        0x80, 0x00, 0x00, 0xC0, 0xF0, 0xFC, 0xFF, 0x7F, 0x3F, 0x1F, 0x0F, 0x07, 0x07, 0x07, 0x0F, 0x1F,
        0x7F, 0x7F, 0xFF, 0xFF, 0xFF, 0xFF, 0xFF, 0xFE, 0xFE, 0xFF, 0xFF, 0xFF, 0xFF, 0x9F, 0x1F, 0x3F,
        0x3F, 0x7F, 0xFF, 0x3C, 0x1F, 0x1F, 0x1F, 0x19, 0x10, 0x10, 0x80, 0x00, 0x00, 0x00, 0x00, 0x00,
        0x00, 0x00, 0x80, 0xC0, 0xE0, 0xF0, 0xFC, 0xFE, 0xFF, 0xFF, 0xFF, 0xFF, 0x03, 0x00, 0x00, 0x03,
        0x07, 0x06, 0x00, 0x01, 0x7D, 0xFF, 0xF0, 0xC0, 0x00, 0x00, 0x00, 0x7E, 0x07, 0x03, 0x03, 0x07,
        0x3C, 0x00, 0x00, 0x01, 0x01, 0x01, 0x01, 0x03, 0x03, 0x03, 0x3F, 0x06, 0x03, 0x06, 0x3C, 0x00,
        0x00, 0x30, 0x0F, 0x78, 0x78, 0x00, 0x00, 0x00, 0x0C, 0x3F, 0x3F, 0x3F, 0x3E, 0x38, 0x30, 0x20,
        0x00, 0x00, 0x01, 0x01, 0x03, 0x03, 0x03, 0x03, 0x01, 0x01, 0x01, 0x01, 0xF8, 0xC0, 0x80, 0x00,
        0x00, 0x00, 0x00, 0x00, 0x00, 0x00, 0x01, 0x87, 0x87, 0x8C, 0x0C, 0x00, 0x00, 0x00, 0x00, 0x00,
        0x00, 0x00, 0x00, 0x00, 0x00, 0x00, 0x00, 0x00, 0x00, 0x00, 0x00, 0x00, 0x00, 0x80, 0xC0, 0xC0,
        0xE0, 0xF0, 0xFF, 0xF8, 0x00, 0x00, 0x00, 0x00, 0x00, 0x10, 0x1C, 0x38, 0x70, 0xC0, 0x00, 0x00,
        0x00, 0x00, 0x00, 0x00, 0x00, 0x00, 0x00, 0x00, 0x00, 0x00, 0x00, 0x00, 0x03, 0x3F, 0xFF, 0xFF,
        0xFE, 0xFC, 0xFC, 0xF8, 0xFB, 0xFF, 0xFF, 0xFF, 0xFF, 0xFF, 0xFF, 0xFF, 0xFF, 0xFF, 0xFF, 0xFF,
        0xFE, 0xFE, 0xFE, 0xFE, 0x7E, 0xFE, 0xFE, 0xFE, 0xFE, 0xFF, 0xFF, 0xFF, 0xFF, 0xFF, 0xFF, 0xFF,
        0xFF, 0xFF, 0xFF, 0xFF, 0xFE, 0xFE, 0xF8, 0xF8, 0xF8, 0xFC, 0xFC, 0xFC, 0xFE, 0xFF, 0xFE, 0xE0
    },
    {
        0x00, 0x00, 0x00, 0x00, 0x00, 0x00, 0x00, 0x00, 0x00, 0x00, 0x00, 0x00, 0x00, 0x00, 0x00, 0x00,
        0x00, 0x00, 0x00, 0x00, 0x00, 0x00, 0x00, 0x00, 0x00, 0x00, 0x00, 0x00, 0x00, 0x00, 0x00, 0x00,
        0x00, 0x00, 0x00, 0x00, 0x00, 0x00, 0x00, 0x00, 0x00, 0x00, 0x00, 0x00, 0x00, 0x00, 0x00, 0x00,
        0x00, 0x00, 0x00, 0x00, 0x00, 0x00, 0x00, 0x00, 0x00, 0x00, 0x00, 0x00, 0x00, 0x00, 0x00, 0x00,
        0x00, 0x00, 0x00, 0x00, 0x00, 0x00, 0x00, 0x00, 0x00, 0x00, 0x00, 0x00, 0x80, 0xC0, 0xC0, 0xE0,
        0xE0, 0xF0, 0xF0, 0xF8, 0xF8, 0xF8, 0xF8, 0xFC, 0xFC, 0xFC, 0xFC, 0xFC, 0xFC, 0xF4, 0x00, 0x00,
        0x00, 0x00, 0x10, 0x38, 0x6B, 0x88, 0x82, 0xC2, 0x64, 0x3C, 0x00, 0x00, 0xE0, 0xFC, 0xF8, 0xF8,
        0xB8, 0xF0, 0xF8, 0xFC, 0xFC, 0x7C, 0x38, 0x70, 0xC0, 0xC0, 0xC0, 0xC0, 0xC0, 0x80, 0x00, 0x00,
        0x00, 0x00, 0x00, 0x00, 0x00, 0x00, 0x00, 0x00, 0x00, 0x0C, 0x1F, 0x7F, 0xFF, 0xFF, 0xFF, 0xFF,
        0xFF, 0xFF, 0xFF, 0xFF, 0xFF, 0xFF, 0xFF, 0xFF, 0xFF, 0xFF, 0xFF, 0xFF, 0xFF, 0xFF, 0xFE, 0xF8,
        0xF8, 0xF8, 0xF8, 0xF8, 0xF8, 0xFF, 0xF9, 0xF8, 0xF8, 0xF0, 0xF0, 0xF8, 0xFF, 0xFF, 0xFF, 0xFF,
        0xFF, 0xFF, 0xFF, 0xE7, 0x63, 0xE0, 0xE0, 0x80, 0x01, 0x00, 0x98, 0xEC, 0xCF, 0x07, 0x00, 0x00,
        0x00, 0x00, 0x00, 0x00, 0x00, 0x00, 0x00, 0x00, 0x00, 0x30, 0x38, 0x7E, 0xFF, 0x3F, 0x3F, 0x3F,
        0x3F, 0x3F, 0x3F, 0x7F, 0xFF, 0xFF, 0xFF, 0xFF, 0xFF, 0xFF, 0xFF, 0xFF, 0xFF, 0xFF, 0xFF, 0xFF,
        0xFF, 0xFF, 0xFF, 0xFF, 0xFF, 0xFF, 0x3F, 0x3F, 0xFF, 0xFF, 0xFF, 0xFF, 0xFF, 0xFF, 0xFF, 0xFF,
        0xFF, 0xFF, 0xFF, 0xFF, 0xFF, 0xFF, 0xFF, 0xFF, 0x7F, 0x7F, 0x6F, 0x07, 0x07, 0x03, 0x00, 0x00,
        0x00, 0x00, 0x00, 0x00, 0x00, 0x00, 0x00, 0x00, 0xC0, 0xF0, 0xFC, 0xFF, 0x7F, 0x60, 0x40, 0xE0,
        0xE0, 0x00, 0x30, 0xFE, 0xFF, 0xFF, 0x7F, 0x7F, 0x3F, 0x1F, 0x07, 0x03, 0x85, 0x87, 0x1F, 0x3F,
        0x7F, 0xFF, 0xFF, 0xFF, 0xFF, 0xFF, 0xFF, 0xFE, 0xFF, 0xFF, 0xFF, 0xFF, 0xCF, 0x0F, 0x1F, 0x3F,
        0x3F, 0x7F, 0x07, 0x06, 0x07, 0x07, 0x07, 0x04, 0xC4, 0xF8, 0x80, 0x00, 0x00, 0x00, 0x00, 0x00,
        0x00, 0x80, 0xC0, 0xE0, 0xF0, 0xFC, 0xFE, 0xFF, 0xFF, 0xFF, 0xFF, 0xC1, 0x00, 0x00, 0x00, 0x01,
        0x03, 0x03, 0x00, 0x38, 0xFF, 0xFF, 0xE0, 0x80, 0x00, 0x00, 0x1C, 0x7F, 0x07, 0x03, 0x03, 0x37,
        0x08, 0x00, 0x00, 0x01, 0x01, 0x01, 0x03, 0x03, 0x03, 0x03, 0x3E, 0x07, 0x03, 0x07, 0x1C, 0x00,
        0x00, 0xD4, 0x84, 0x3E, 0x1A, 0x00, 0x00, 0x02, 0x07, 0x1F, 0x3F, 0x3E, 0x3C, 0x38, 0x20, 0x20,
        0x00, 0x01, 0x01, 0x01, 0x01, 0x01, 0x01, 0x01, 0x01, 0x01, 0x00, 0xFC, 0xF8, 0xC0, 0x80, 0x00,
        0x00, 0x00, 0x00, 0x80, 0xC1, 0xCF, 0xFF, 0xC7, 0x86, 0x84, 0x00, 0x80, 0x00, 0x00, 0x00, 0x00,
        0x00, 0x00, 0x00, 0x00, 0x00, 0x00, 0x00, 0x00, 0x00, 0x00, 0x00, 0x00, 0x80, 0x80, 0xC0, 0xE0,
        0xE0, 0xF8, 0xFF, 0xFF, 0x00, 0x00, 0x00, 0x00, 0x00, 0x00, 0x1F, 0xBE, 0xFC, 0xF0, 0xC0, 0x00,
        0x00, 0x00, 0x00, 0x00, 0x00, 0x00, 0x00, 0x00, 0x00, 0x00, 0x00, 0x07, 0x7F, 0xFF, 0xFF, 0xFF,
        0xFE, 0xFE, 0xFE, 0xFF, 0xFF, 0xFF, 0xFF, 0xFF, 0xFF, 0xFF, 0xFF, 0xFF, 0xFF, 0xFF, 0xFF, 0xFF,
        0xFF, 0xFE, 0xFE, 0xFE, 0x7E, 0xFE, 0xFE, 0xFF, 0xFF, 0xFF, 0xFF, 0xFF, 0xFF, 0xFF, 0xFF, 0xFF,
        0xFF, 0xFF, 0xFF, 0xFF, 0xFF, 0xFE, 0xFE, 0xFE, 0xFC, 0xFF, 0xFF, 0xFF, 0xFF, 0xFF, 0xFF, 0xE0
    },
    {
        0x00, 0x00, 0x00, 0x00, 0x00, 0x00, 0x00, 0x00, 0x00, 0x00, 0x00, 0x00, 0x00, 0x00, 0x00, 0x00,
        0x00, 0x00, 0x00, 0x00, 0x00, 0x00, 0x00, 0x00, 0x00, 0x00, 0x00, 0x20, 0x20, 0x00, 0x00, 0x00,
        0x00, 0x00, 0x00, 0x00, 0x00, 0x00, 0x00, 0x00, 0x00, 0x00, 0x00, 0x00, 0x00, 0x00, 0x00, 0x00,
        0x00, 0x00, 0x00, 0x00, 0x00, 0x00, 0x00, 0x00, 0x00, 0x00, 0x00, 0x00, 0x00, 0x00, 0x00, 0x00,
        0x00, 0x00, 0x00, 0x00, 0x00, 0x80, 0xC0, 0xC0, 0xC0, 0xC0, 0x70, 0x38, 0x3C, 0x7C, 0xFC, 0xFC,
        0xF8, 0xF0, 0xF8, 0xF8, 0xF8, 0xF8, 0x00, 0x00, 0x08, 0x3C, 0x62, 0xC2, 0x8B, 0x81, 0x28, 0x10,
        0x00, 0x00, 0x00, 0x00, 0xC0, 0xFE, 0xFE, 0xFC, 0xFC, 0xFC, 0xFC, 0xFC, 0xF8, 0xF8, 0xF8, 0xF0,
        0xF0, 0xF0, 0xE0, 0xE0, 0xC0, 0xC0, 0x80, 0x00, 0x00, 0x00, 0x00, 0x00, 0x00, 0x00, 0x00, 0x00,
        0x00, 0x00, 0x00, 0x00, 0x00, 0xC7, 0xEF, 0xFC, 0x88, 0x00, 0x80, 0xC0, 0xE0, 0xE2, 0xE3, 0xFF,
        0xFF, 0xFF, 0xFF, 0xFF, 0xFF, 0xFF, 0xFF, 0xF0, 0xF8, 0xF8, 0xF8, 0xF9, 0xFB, 0xF8, 0xF8, 0xF8,
        0xF8, 0xF8, 0xF8, 0xF8, 0xFF, 0xFF, 0xFF, 0xFF, 0xFF, 0xFF, 0xFF, 0xFF, 0xFF, 0xFF, 0xFF, 0xFF,
        0xFF, 0xFF, 0xFF, 0xFF, 0xFF, 0xFF, 0x7F, 0x3F, 0x0E, 0x00, 0x00, 0x00, 0x00, 0x00, 0x00, 0x00,
        0x00, 0x00, 0x00, 0x00, 0x00, 0x03, 0x07, 0x07, 0x7F, 0x7F, 0xFF, 0xFF, 0xFF, 0xFF, 0xFF, 0xFF,
        0xFF, 0xFF, 0xFF, 0xFF, 0xFF, 0xFF, 0xFF, 0xFF, 0xFF, 0xFF, 0x7F, 0x3F, 0xBF, 0xFF, 0xFF, 0xFF,
        0xFF, 0xFF, 0xFF, 0xFF, 0xFF, 0xFF, 0xFF, 0xFF, 0xFF, 0xFF, 0xFF, 0xFF, 0xFF, 0xFF, 0xFF, 0xFF,
        0x3F, 0x3F, 0x3F, 0x1F, 0x3F, 0x3F, 0x3E, 0x3C, 0x38, 0x20, 0x00, 0x00, 0x00, 0x00, 0x00, 0x00,
        0x00, 0x00, 0x00, 0x00, 0x00, 0x00, 0x00, 0x00, 0xE0, 0xE0, 0xFE, 0x02, 0x03, 0x03, 0x03, 0x02,
        0x07, 0x27, 0x3F, 0x1F, 0x1F, 0x8F, 0xEF, 0xFF, 0x7F, 0xFF, 0xFE, 0xFE, 0xFF, 0xFF, 0xFF, 0xFF,
        0xFF, 0x7F, 0x3F, 0x1F, 0x0F, 0x83, 0x01, 0x07, 0x0F, 0x1F, 0x3F, 0x7F, 0xFF, 0xFF, 0xFF, 0x3F,
        0x1C, 0x80, 0xE0, 0xE0, 0x00, 0x30, 0x7C, 0xFE, 0xF8, 0xE0, 0xC0, 0x00, 0x00, 0x00, 0x00, 0x00,
        0x00, 0x00, 0x00, 0x20, 0x70, 0x78, 0x3E, 0x3F, 0x1F, 0x03, 0x01, 0x00, 0x00, 0x00, 0x1E, 0x8A,
        0xCE, 0x00, 0x00, 0x00, 0x36, 0x03, 0x03, 0x27, 0x0F, 0x03, 0x03, 0x03, 0x01, 0x01, 0x01, 0x00,
        0x00, 0x00, 0x3E, 0x07, 0x03, 0x03, 0x27, 0x3E, 0x00, 0x00, 0x00, 0x80, 0xFC, 0xFF, 0xFF, 0x30,
        0x00, 0x01, 0x01, 0x00, 0x00, 0x00, 0x00, 0xF3, 0xFF, 0xFF, 0xFF, 0xFF, 0xFE, 0xFC, 0xF8, 0xE0,
        0x00, 0x00, 0x00, 0x00, 0xF0, 0xFC, 0xFE, 0xFF, 0x8C, 0x00, 0x00, 0x00, 0x00, 0x00, 0x06, 0x9F,
        0xFD, 0xF0, 0xE0, 0xC0, 0xC0, 0x80, 0x80, 0x00, 0x00, 0x00, 0x00, 0x00, 0x00, 0x00, 0x00, 0x00,
        0x00, 0x00, 0x00, 0x00, 0x00, 0x00, 0x80, 0x80, 0x00, 0x84, 0xC7, 0xEF, 0xFF, 0xFF, 0xEF, 0x40,
        0x00, 0x00, 0x00, 0xC0, 0xC0, 0xC0, 0xE0, 0xE6, 0x00, 0x00, 0x01, 0x01, 0x01, 0x01, 0x01, 0x00,
        0x00, 0x00, 0x00, 0x1F, 0xFF, 0xFF, 0xFF, 0xFF, 0xFF, 0xFE, 0xFE, 0xFF, 0xFE, 0xFF, 0xFF, 0xFF,
        0xFF, 0xFF, 0xFF, 0xFF, 0xFF, 0xFF, 0xFF, 0xFF, 0xFF, 0xFF, 0xFF, 0xFF, 0xFF, 0x7E, 0x7E, 0xFE,
        0xFF, 0xFF, 0xFF, 0xFF, 0xFF, 0xFF, 0xFF, 0xFF, 0xFF, 0xFF, 0xFF, 0xFF, 0xFF, 0xFF, 0xFF, 0xFF,
        0xFE, 0xFF, 0xFF, 0xFF, 0xFF, 0xFF, 0xFF, 0x07, 0x00, 0x00, 0x00, 0x00, 0x00, 0x00, 0x00, 0x00
    },
    {
        0x00, 0x00, 0x00, 0x00, 0x00, 0x00, 0x00, 0x00, 0x00, 0x00, 0x00, 0x00, 0x00, 0x00, 0x00, 0x00,
        0x00, 0x00, 0x00, 0x00, 0x00, 0x00, 0x00, 0x00, 0x00, 0x00, 0x00, 0x00, 0x00, 0x00, 0x00, 0x00,
        0x00, 0x00, 0x00, 0x00, 0x00, 0x00, 0x00, 0x00, 0x00, 0x00, 0x00, 0x00, 0x00, 0x00, 0x00, 0x00,
        0x00, 0x00, 0x00, 0x00, 0x00, 0x00, 0x00, 0x00, 0x00, 0x00, 0x00, 0x00, 0x00, 0x00, 0x00, 0x00,
        0x00, 0x00, 0x00, 0x00, 0x00, 0xC0, 0xC0, 0xC0, 0xC0, 0xC0, 0x70, 0x38, 0x3C, 0x7C, 0xFC, 0xFC,
        0xF8, 0xF0, 0xF8, 0xF8, 0xFC, 0xF8, 0x00, 0x00, 0x18, 0x3C, 0x62, 0xC2, 0x89, 0xC5, 0x28, 0x10,
        0x00, 0x00, 0x00, 0x00, 0xC0, 0xFC, 0xFE, 0xFE, 0xFC, 0xFC, 0xFC, 0xFC, 0xFC, 0xF8, 0xF8, 0xF8,
        0xF0, 0xF0, 0xE0, 0xE0, 0xC0, 0xC0, 0x80, 0x00, 0x00, 0x00, 0x00, 0x00, 0x00, 0x00, 0x00, 0x00,
        0x00, 0x00, 0x00, 0x00, 0x00, 0xC7, 0xEF, 0xF8, 0x88, 0x00, 0x80, 0xE0, 0xE0, 0xE2, 0xE3, 0xFF,
        0xFF, 0xFF, 0xFF, 0xFF, 0xFF, 0xFF, 0xFF, 0xF0, 0xF8, 0xF8, 0xF8, 0xF8, 0xFB, 0xF8, 0xF8, 0xF8,
        0xF8, 0xF8, 0xF8, 0xF8, 0xFF, 0xFF, 0xFF, 0xFF, 0xFF, 0xFF, 0xFF, 0xFF, 0xFF, 0xFF, 0xFF, 0xFF,
        0xFF, 0xFF, 0xFF, 0xFF, 0xFF, 0xFF, 0x7F, 0x3F, 0x0E, 0x00, 0x00, 0x00, 0x00, 0x00, 0x00, 0x00,
        0x00, 0x00, 0x00, 0x00, 0x00, 0x03, 0x07, 0x07, 0x7F, 0x7F, 0xFF, 0xFF, 0xFF, 0xFF, 0xFF, 0xFF,
        0xFF, 0xFF, 0xFF, 0xFF, 0xFF, 0xFF, 0xFF, 0xFF, 0xFF, 0xFF, 0x7F, 0x3F, 0xBF, 0xFF, 0xFF, 0xFF,
        0xFF, 0xFF, 0xFF, 0xFF, 0xFF, 0xFF, 0xFF, 0xFF, 0xFF, 0xFF, 0xFF, 0xFF, 0xFF, 0xFF, 0xFF, 0xFF,
        0xFF, 0x3F, 0x1F, 0x1F, 0x1F, 0x3F, 0x3E, 0x3C, 0x38, 0x00, 0x00, 0x00, 0x00, 0x00, 0x00, 0x00,
        0x00, 0x00, 0x00, 0x00, 0x00, 0x00, 0x00, 0x00, 0xC0, 0xE0, 0xF8, 0x06, 0x03, 0x03, 0x03, 0x02,
        0x03, 0x07, 0x37, 0x1F, 0x1F, 0x0F, 0xE7, 0xFF, 0x7F, 0xFF, 0xFE, 0xFE, 0xFF, 0xFF, 0xFF, 0xFF,
        0xFF, 0x7F, 0x3F, 0x3F, 0x8F, 0x87, 0x01, 0x03, 0x0F, 0x1F, 0x3F, 0x7F, 0xFF, 0xFF, 0x7F, 0x1F,
        0x97, 0xF0, 0xF0, 0x20, 0x00, 0x30, 0x78, 0xFC, 0xFC, 0xE0, 0xC0, 0x80, 0x00, 0x00, 0x00, 0x00,
        0x00, 0x00, 0x00, 0x40, 0x60, 0x70, 0x7C, 0x3F, 0x0F, 0x01, 0x01, 0x00, 0x00, 0x0F, 0x8F, 0xC2,
        0xFF, 0x00, 0x00, 0x00, 0x36, 0x03, 0x03, 0x37, 0x0E, 0x03, 0x03, 0x03, 0x01, 0x01, 0x01, 0x00,
        0x00, 0x00, 0x3E, 0x03, 0x01, 0x03, 0x37, 0x3E, 0x00, 0x00, 0x00, 0x80, 0xF4, 0xFF, 0xFE, 0x20,
        0x00, 0x01, 0x00, 0x00, 0x00, 0x00, 0x00, 0xFF, 0xFF, 0xFF, 0xFF, 0xFF, 0xFE, 0xFC, 0xF8, 0xF0,
        0x00, 0x00, 0x00, 0x00, 0xF0, 0xFC, 0xFF, 0xFF, 0xD0, 0x80, 0x00, 0x00, 0x00, 0x00, 0x03, 0x1F,
        0xFF, 0xF0, 0xE0, 0xC0, 0xC0, 0x80, 0x80, 0x00, 0x00, 0x00, 0x00, 0x00, 0x00, 0x00, 0x00, 0x00,
        0x00, 0x00, 0x00, 0x00, 0x00, 0x00, 0x80, 0x80, 0x00, 0xC4, 0xC6, 0xFF, 0xFF, 0xFF, 0xFF, 0x20,
        0x00, 0x00, 0x80, 0xC0, 0xE0, 0xE0, 0xE0, 0xF0, 0x00, 0x00, 0x00, 0x00, 0x00, 0x00, 0x00, 0x00,
        0x00, 0x00, 0x00, 0x03, 0x7F, 0xFF, 0xFF, 0xFF, 0xFF, 0xFE, 0xFE, 0xFF, 0xFF, 0xFF, 0xFF, 0xFC,
        0xFF, 0xFF, 0xFF, 0xFF, 0xFF, 0xFF, 0xFF, 0xFF, 0xFF, 0xFF, 0xFF, 0xFF, 0xFF, 0x7E, 0x7F, 0xFF,
        0xFF, 0xFF, 0xFF, 0xFF, 0xFF, 0xFF, 0xFF, 0xFF, 0xFF, 0xFF, 0xFF, 0xFF, 0xFF, 0xFF, 0xFF, 0xFF,
        0xFF, 0xFF, 0xFF, 0xFF, 0xFF, 0xFF, 0xFF, 0x0F, 0x00, 0x00, 0x00, 0x00, 0x00, 0x00, 0x00, 0x00
    },
    {
        0x00, 0x00, 0x00, 0x00, 0x00, 0x00, 0x00, 0x00, 0x00, 0x00, 0x00, 0x00, 0x00, 0x00, 0x00, 0x00,
        0x00, 0x00, 0x00, 0x00, 0x00, 0x00, 0x00, 0x00, 0x00, 0x00, 0x00, 0x00, 0x00, 0x80, 0x00, 0x00,
        0x00, 0x00, 0x00, 0x00, 0x00, 0x00, 0x00, 0x00, 0x00, 0x00, 0x00, 0x00, 0x00, 0x00, 0x00, 0x00,
        0x00, 0x00, 0x00, 0x00, 0x00, 0x00, 0x00, 0x00, 0x00, 0x00, 0x00, 0x00, 0x00, 0x00, 0x00, 0x00,
        0x00, 0x00, 0x00, 0x00, 0x00, 0xC0, 0xE0, 0x60, 0x60, 0xC0, 0x78, 0x3C, 0x3C, 0xFE, 0xFC, 0xFC,
        0xF8, 0xF8, 0xF8, 0xFC, 0xFC, 0xF0, 0x00, 0x00, 0x1C, 0x36, 0x62, 0xC9, 0x89, 0x44, 0x38, 0x10,
        0x00, 0x00, 0x00, 0x00, 0xF0, 0xFE, 0xFE, 0xFE, 0xFE, 0xFC, 0xFC, 0xFC, 0xFC, 0xF8, 0xF8, 0xF8,
        0xF0, 0xF0, 0xE0, 0xE0, 0xC0, 0xC0, 0x80, 0x00, 0x00, 0x00, 0x00, 0x00, 0x00, 0x00, 0x00, 0x00,
        0x00, 0x00, 0x00, 0x00, 0x03, 0xC7, 0xE7, 0xFC, 0x80, 0x80, 0x80, 0xE0, 0xE0, 0xE3, 0xE3, 0xFF,
        0xFF, 0xFF, 0xFF, 0xFF, 0xFF, 0xFF, 0xFC, 0xF8, 0xF8, 0xF8, 0xF8, 0xF9, 0xFF, 0xFC, 0xFC, 0xFC,
        0xFC, 0xFC, 0xFC, 0xFC, 0xFF, 0xFF, 0xFF, 0xFF, 0xFF, 0xFF, 0xFF, 0xFF, 0xFF, 0xFF, 0xFF, 0xFF,
        0xFF, 0xFF, 0xFF, 0xFF, 0xFF, 0xFF, 0x7F, 0x1F, 0x0E, 0x00, 0x00, 0x00, 0x00, 0x00, 0x00, 0x00,
        0x00, 0x00, 0x00, 0x00, 0x00, 0x03, 0x07, 0x27, 0x7F, 0x7F, 0xFF, 0xFF, 0xFF, 0xFF, 0xFF, 0xFF,
        0xFF, 0xFF, 0xFF, 0xFF, 0xFF, 0xFF, 0xFF, 0xFF, 0xFF, 0xFF, 0x7F, 0x1F, 0xFF, 0xFF, 0xFF, 0xFF,
        0xFF, 0xFF, 0xFF, 0xFF, 0xFF, 0xFF, 0xFF, 0xFF, 0xFF, 0xFF, 0xFF, 0xFF, 0xFF, 0xFF, 0xFF, 0xFF,
        0x7F, 0x1F, 0x0F, 0x1F, 0x1F, 0x1F, 0x1E, 0x3C, 0x30, 0x00, 0x00, 0x00, 0x00, 0x00, 0x00, 0x00,
        0x00, 0x00, 0x00, 0x00, 0x00, 0x00, 0x00, 0x00, 0xE0, 0xFC, 0x06, 0x01, 0x01, 0x03, 0x03, 0x82,
        0x63, 0x37, 0x1F, 0x1F, 0x0F, 0x87, 0xE7, 0xFF, 0x7F, 0x7F, 0xFE, 0xFE, 0xFF, 0xFF, 0xFE, 0xFF,
        0x7F, 0x7F, 0x3F, 0x9F, 0x87, 0x81, 0x03, 0x03, 0x0F, 0x1F, 0x3F, 0x7F, 0x7F, 0x3F, 0x0F, 0xE3,
        0x78, 0x78, 0x10, 0x00, 0x18, 0xF8, 0xFC, 0xFE, 0xF4, 0xF0, 0xE0, 0x80, 0x00, 0x00, 0x00, 0x00,
        0x00, 0x00, 0x00, 0x40, 0x60, 0x70, 0x3C, 0x03, 0x01, 0x00, 0x00, 0x00, 0x0F, 0x85, 0xE7, 0xFF,
        0xFE, 0x00, 0x00, 0x00, 0x06, 0x03, 0x03, 0x3F, 0x02, 0x03, 0x03, 0x03, 0x01, 0x01, 0x01, 0x00,
        0x00, 0x00, 0x1F, 0x03, 0x01, 0x03, 0x37, 0x1E, 0x00, 0x00, 0x00, 0x80, 0xEC, 0xFE, 0x88, 0x00,
        0x00, 0x00, 0x00, 0x00, 0x00, 0x30, 0x7F, 0xFF, 0xFF, 0xFF, 0xFF, 0xFF, 0xFF, 0xFC, 0xFC, 0xF8,
        0x00, 0x00, 0x00, 0xF0, 0xFC, 0xFF, 0xFF, 0xF0, 0xC0, 0x00, 0x00, 0x00, 0x00, 0x01, 0x83, 0x0F,
        0xBC, 0xF0, 0xE0, 0xC0, 0xC0, 0x80, 0x80, 0x80, 0x80, 0x00, 0x00, 0x00, 0x00, 0x00, 0x00, 0x00,
        0x00, 0x00, 0x00, 0x00, 0x80, 0x80, 0x80, 0x80, 0x80, 0x84, 0xEE, 0xFF, 0xFF, 0xFF, 0xFF, 0x80,
        0x80, 0xC0, 0xC0, 0xF0, 0xF8, 0xF8, 0xF8, 0x00, 0x00, 0x00, 0x00, 0x00, 0x00, 0x00, 0x00, 0x00,
        0x00, 0x00, 0x00, 0x03, 0x0F, 0x3F, 0xFF, 0xFF, 0xFF, 0xFE, 0xFF, 0xFF, 0xFF, 0xFF, 0xFF, 0xFE,
        0xFF, 0xFF, 0xFF, 0xFF, 0xFF, 0xFF, 0xFF, 0xFF, 0xFF, 0xFF, 0xFF, 0xFF, 0xFF, 0x7F, 0x7F, 0xFF,
        0xFF, 0xFF, 0xFF, 0xFF, 0xFF, 0xFF, 0xFF, 0xFF, 0xFF, 0xFF, 0xFF, 0xFF, 0xFF, 0xFF, 0xFF, 0xFF,
        0xFF, 0xFF, 0xFF, 0xFF, 0xFF, 0xFF, 0xFF, 0xFE, 0x00, 0x00, 0x00, 0x00, 0x00, 0x00, 0x00, 0x00
    },
    {
        0x00, 0x00, 0x00, 0x00, 0x00, 0x00, 0x00, 0x00, 0x00, 0x00, 0x00, 0x00, 0x00, 0x00, 0x00, 0x00,
        0x00, 0x00, 0x00, 0x00, 0x00, 0x00, 0x00, 0x00, 0x00, 0x00, 0x00, 0x10, 0x00, 0x80, 0x00, 0x00,
        0x00, 0x00, 0x00, 0x00, 0x00, 0x00, 0x00, 0x00, 0x00, 0x00, 0x00, 0x00, 0x00, 0x00, 0x00, 0x00,
        0x00, 0x00, 0x00, 0x00, 0x00, 0x00, 0x00, 0x00, 0x00, 0x00, 0x00, 0x00, 0x00, 0x00, 0x00, 0x00,
        0x00, 0x00, 0x00, 0x00, 0xC0, 0xE0, 0x60, 0x60, 0x60, 0x60, 0x38, 0x1C, 0x3E, 0xFE, 0xFE, 0xFC,
        0xF8, 0xF8, 0xFC, 0xFC, 0xFC, 0xD0, 0x00, 0x00, 0x1C, 0x32, 0x61, 0x89, 0xC4, 0x24, 0x18, 0x00,
        0x00, 0x00, 0x00, 0x00, 0xFC, 0xFE, 0xFE, 0xFE, 0xFE, 0xFE, 0xFC, 0xFC, 0xFC, 0xFC, 0xF8, 0xF8,
        0xF8, 0xF0, 0xF0, 0xE0, 0xC0, 0xC0, 0x80, 0x00, 0x00, 0x00, 0x00, 0x00, 0x00, 0x00, 0x00, 0x00,
        0x00, 0x00, 0x00, 0x00, 0x83, 0xE7, 0xF6, 0xCC, 0x80, 0x80, 0xC0, 0xF0, 0xE0, 0xE3, 0xF3, 0x7F,
        0x7F, 0xFF, 0xFF, 0xFF, 0xFF, 0xFF, 0xF8, 0xF8, 0xF8, 0xFC, 0xF8, 0xFD, 0xFD, 0xFC, 0xFC, 0xFC,
        0xFC, 0xFC, 0xFC, 0xFF, 0xFF, 0xFF, 0xFF, 0xFF, 0xFF, 0xFF, 0xFF, 0xFF, 0xFF, 0xFF, 0xFF, 0xFF,
        0xFF, 0xFF, 0xFF, 0xFF, 0xFF, 0xFF, 0x3F, 0x0F, 0x00, 0x00, 0x00, 0x00, 0x00, 0x00, 0x00, 0x00,
        0x00, 0x00, 0x00, 0x00, 0x01, 0x03, 0x07, 0x37, 0x3F, 0x7F, 0x7F, 0xFF, 0xFF, 0xFF, 0x7F, 0xFF,
        0xFF, 0xFF, 0xFF, 0xFF, 0xFF, 0xFF, 0xFF, 0xFF, 0xFF, 0xFF, 0x3F, 0x1F, 0xFF, 0xFF, 0xFF, 0xFF,
        0xFF, 0xFF, 0xFF, 0xFF, 0xFF, 0xFF, 0xFF, 0xFF, 0xFF, 0xFF, 0xFF, 0xFF, 0xFF, 0xFF, 0x7F, 0x3F,
        0x1F, 0x0F, 0x0F, 0x0F, 0x1F, 0x1F, 0x3E, 0x3C, 0x30, 0x00, 0x00, 0x00, 0x00, 0x00, 0x00, 0x00,
        0x00, 0x00, 0x00, 0x00, 0x00, 0x00, 0x00, 0x00, 0x00, 0x81, 0x81, 0x01, 0x81, 0xC3, 0xE2, 0xF7,
        0x3F, 0x3F, 0x1F, 0x0F, 0x0F, 0x87, 0xE3, 0xFF, 0x7F, 0xFF, 0xFE, 0xFF, 0xFF, 0xFF, 0xFF, 0xFF,
        0x7F, 0x7F, 0x9F, 0x8F, 0x87, 0x83, 0x03, 0x03, 0x0F, 0x1F, 0x1F, 0x0F, 0x03, 0x31, 0x3C, 0x1C,
        0x04, 0x00, 0x08, 0x3C, 0xFC, 0xFE, 0xFE, 0xFF, 0xF0, 0xF0, 0xE0, 0x80, 0x00, 0x00, 0x00, 0x00,
        0x00, 0x00, 0x00, 0x00, 0x20, 0x00, 0x00, 0x00, 0x00, 0x01, 0x07, 0x82, 0xF3, 0xFF, 0xFF, 0xFF,
        0x5A, 0x00, 0x00, 0x1E, 0x03, 0x01, 0x03, 0x1F, 0x02, 0x01, 0x01, 0x03, 0x01, 0x01, 0x01, 0x00,
        0x00, 0x0E, 0x13, 0x01, 0x01, 0x03, 0x3F, 0x00, 0x00, 0x80, 0xF0, 0xFC, 0xE8, 0x80, 0x00, 0x00,
        0x00, 0x00, 0x00, 0x0C, 0x0F, 0x1F, 0x1F, 0x3F, 0x7F, 0xFF, 0xFF, 0xFF, 0xFF, 0xFE, 0x7C, 0x78,
        0x00, 0x00, 0x60, 0xFE, 0xFF, 0xFE, 0xF0, 0xC0, 0x00, 0x00, 0x00, 0xC0, 0xC0, 0x81, 0x83, 0x07,
        0xE8, 0xF0, 0xE0, 0xE0, 0xC0, 0xC0, 0x80, 0x80, 0x80, 0x80, 0x00, 0x00, 0x00, 0x00, 0x00, 0x00,
        0x00, 0x00, 0x80, 0x80, 0x80, 0x80, 0x80, 0x80, 0x80, 0xBF, 0xFF, 0xFF, 0xFF, 0xE1, 0xC0, 0xC0,
        0xE0, 0xF0, 0xFC, 0xFE, 0xFE, 0xFC, 0xC0, 0x00, 0x00, 0x00, 0x00, 0x00, 0x00, 0x00, 0x00, 0x00,
        0x00, 0x00, 0x00, 0x03, 0x0F, 0x3F, 0x3F, 0xFF, 0xFE, 0xFE, 0xFF, 0xFF, 0xFF, 0xFF, 0xFF, 0xFE,
        0xFF, 0xFF, 0xFF, 0xFF, 0xFF, 0xFF, 0xFF, 0xFF, 0xFF, 0xFF, 0xFF, 0xFF, 0x7F, 0x3F, 0xFF, 0xFF,
        0xFF, 0xFF, 0xFF, 0xFF, 0xFF, 0xFF, 0xFF, 0xFF, 0xFF, 0xFF, 0xFF, 0xFF, 0xFF, 0xFF, 0xFF, 0xFF,
        0xFF, 0xFF, 0xFF, 0xFF, 0xFF, 0xFF, 0xFF, 0xFC, 0xC0, 0x00, 0x00, 0x00, 0x00, 0x00, 0x00, 0x00
    },
    {
        0x00, 0x00, 0x00, 0x00, 0x00, 0x00, 0x00, 0x00, 0x00, 0x00, 0x00, 0x00, 0x00, 0x00, 0x00, 0x00,
        0x00, 0x00, 0x00, 0x00, 0x00, 0x00, 0x00, 0x00, 0x00, 0x00, 0x00, 0x00, 0x80, 0x00, 0x00, 0x00,
        0x00, 0x00, 0x00, 0x00, 0x00, 0x00, 0x00, 0x00, 0x00, 0x00, 0x00, 0x00, 0x00, 0x00, 0x00, 0x00,
        0x00, 0x00, 0x00, 0x00, 0x00, 0x00, 0x00, 0x00, 0x00, 0x00, 0x00, 0x00, 0x00, 0x00, 0x00, 0x00,
        0x00, 0x00, 0x00, 0x00, 0xE0, 0xE0, 0x70, 0x60, 0x60, 0x38, 0x1C, 0x1E, 0x3E, 0xFE, 0xFE, 0xFC,
        0xF8, 0xFC, 0xFC, 0xFE, 0xFE, 0x00, 0x00, 0x0C, 0x1E, 0x31, 0x61, 0xC4, 0x66, 0x1C, 0x18, 0x00,
        0x00, 0x00, 0x00, 0xE0, 0xFF, 0xFF, 0xFF, 0xFE, 0xFE, 0xFE, 0xFE, 0xFC, 0xFC, 0xFC, 0xF8, 0xF8,
        0xF8, 0xF0, 0xF0, 0xE0, 0xE0, 0xC0, 0x80, 0x00, 0x00, 0x00, 0x00, 0x00, 0x00, 0x00, 0x00, 0x00,
        0x00, 0x00, 0x00, 0x00, 0xE3, 0xF7, 0xFE, 0xC4, 0x80, 0xC0, 0xE0, 0xF0, 0xF1, 0xF1, 0xFF, 0xFF,
        0xFF, 0xFF, 0xFF, 0xFF, 0xFF, 0xFF, 0xF8, 0xF8, 0xFC, 0xFC, 0xFC, 0xFF, 0xFC, 0xFC, 0xFC, 0xFC,
        0xFC, 0xFC, 0xFC, 0xFF, 0xFF, 0xFF, 0xFF, 0xFF, 0xFF, 0xFF, 0xFF, 0xFF, 0xFF, 0xFF, 0xFF, 0xFF,
        0xFF, 0xFF, 0xFF, 0xFF, 0xFF, 0x3F, 0x1F, 0x07, 0x00, 0x00, 0x00, 0x00, 0x00, 0x00, 0x00, 0x00,
        0x00, 0x00, 0x00, 0x00, 0x01, 0x03, 0x03, 0x3F, 0x3F, 0xFF, 0x7F, 0xFF, 0xFF, 0xFF, 0x7F, 0xFF,
        0xFF, 0xFF, 0xFF, 0xFF, 0xFF, 0xFF, 0xFF, 0xFF, 0xFF, 0x7F, 0x1F, 0x9F, 0xFF, 0xFF, 0xFF, 0xFF,
        0xFF, 0xFF, 0xFF, 0xFF, 0xFF, 0xFF, 0xFF, 0xFF, 0xFF, 0xFF, 0xFF, 0x3F, 0x0F, 0x07, 0x03, 0x07,
        0x07, 0x0F, 0x0F, 0x9F, 0x9F, 0xFF, 0x9E, 0x18, 0x00, 0x00, 0x00, 0x00, 0x00, 0x00, 0x00, 0x00,
        0x00, 0x00, 0x00, 0x00, 0x00, 0x00, 0x00, 0x00, 0x02, 0x02, 0xC2, 0xF3, 0xFF, 0xFF, 0xFF, 0x7F,
        0x3F, 0x1F, 0x0F, 0x0F, 0x87, 0xC3, 0xFF, 0x7F, 0x3F, 0xFF, 0xFF, 0xFF, 0xFF, 0xFF, 0xFF, 0x7F,
        0x3F, 0x3F, 0x9F, 0x87, 0xC3, 0x81, 0x01, 0x07, 0x07, 0x01, 0x18, 0x1E, 0x1E, 0x02, 0x00, 0x06,
        0x0E, 0xFF, 0xF9, 0xFF, 0xFF, 0xFF, 0xFF, 0xFE, 0xF0, 0xE0, 0xC0, 0x80, 0x00, 0x00, 0x00, 0x00,
        0x00, 0x00, 0x00, 0x00, 0x01, 0x00, 0x00, 0x07, 0x0D, 0x03, 0x87, 0x7F, 0xFF, 0xFF, 0xFF, 0xFF,
        0x00, 0x00, 0x00, 0x0B, 0x01, 0x01, 0x1B, 0x03, 0x01, 0x01, 0x01, 0x01, 0x01, 0x00, 0x00, 0x00,
        0x00, 0x1F, 0x03, 0x01, 0x01, 0x1B, 0x1F, 0xC0, 0xF8, 0xFC, 0xE0, 0x00, 0x00, 0x00, 0x00, 0x00,
        0x00, 0x07, 0x0F, 0x0F, 0x1F, 0x3F, 0x7F, 0x7F, 0x7F, 0x7F, 0x7F, 0x7F, 0x7F, 0x7E, 0x7C, 0x78,
        0x00, 0x00, 0xFC, 0xFE, 0xF8, 0xE0, 0xC0, 0x00, 0x00, 0x00, 0x80, 0x80, 0x81, 0xC7, 0x0F, 0x1F,
        0xF8, 0xF0, 0xE0, 0xE0, 0xC0, 0xC0, 0x80, 0x80, 0x80, 0x80, 0x80, 0x80, 0x00, 0x00, 0x00, 0x80,
        0x80, 0x80, 0x80, 0x80, 0x80, 0xC0, 0x80, 0x87, 0xBF, 0xFF, 0xFF, 0xFF, 0xE0, 0xE0, 0xE0, 0xF8,
        0xFC, 0xFF, 0xFF, 0xFF, 0xFC, 0xE0, 0x00, 0x00, 0x00, 0x00, 0x00, 0x00, 0x00, 0x00, 0x00, 0x00,
        0x00, 0x00, 0x03, 0x0F, 0x1F, 0x3F, 0x7F, 0xFF, 0xFE, 0xFE, 0xFF, 0xFF, 0xFF, 0xFF, 0xFF, 0xFF,
        0xFF, 0xFF, 0xFF, 0xFF, 0xFF, 0xFF, 0xFF, 0xFF, 0xFF, 0xFF, 0xFF, 0xFF, 0x3F, 0x3F, 0xFF, 0xFF,
        0xFF, 0xFF, 0xFF, 0xFF, 0xFF, 0xFF, 0xFF, 0xFF, 0xFF, 0xFF, 0xFF, 0xFF, 0xFF, 0xFF, 0xFF, 0xFF,
        0xFF, 0xFF, 0xFF, 0xFF, 0xFF, 0xFF, 0xFF, 0xE0, 0x80, 0x00, 0x00, 0x00, 0x00, 0x00, 0x00, 0x00
    },
    {
        0x00, 0x00, 0x00, 0x00, 0x00, 0x00, 0x00, 0x00, 0x00, 0x00, 0x00, 0x00, 0x00, 0x00, 0x00, 0x00,
        0x00, 0x00, 0x00, 0x00, 0x00, 0x00, 0x00, 0x00, 0x00, 0x00, 0x00, 0x80, 0x80, 0x00, 0x00, 0x00,
        0x00, 0x00, 0x00, 0x00, 0x00, 0x00, 0x00, 0x00, 0x00, 0x00, 0x00, 0x00, 0x00, 0x00, 0x00, 0x00,
        0x00, 0x00, 0x00, 0x00, 0x00, 0x00, 0x00, 0x00, 0x00, 0x00, 0x00, 0x00, 0x00, 0x00, 0x00, 0x00,
        0x00, 0x00, 0x00, 0xC0, 0xE0, 0x60, 0x60, 0x60, 0xF0, 0x3C, 0x1E, 0x3E, 0xFE, 0xFE, 0xFC, 0xF8,
        0xFC, 0xFC, 0xFC, 0xFE, 0xD0, 0x00, 0x00, 0x1E, 0x32, 0x61, 0xC4, 0xC4, 0x34, 0x0C, 0x00, 0x00,
        0x00, 0x00, 0x80, 0xFE, 0xFF, 0xFF, 0xFE, 0xFE, 0xFE, 0xFE, 0xFE, 0xFC, 0xFC, 0xFC, 0xF8, 0xF8,
        0xF0, 0xF0, 0xE0, 0xE0, 0xC0, 0xC0, 0x80, 0x00, 0x00, 0x00, 0x00, 0x00, 0x00, 0x00, 0x00, 0x00,
        0x00, 0x00, 0x00, 0xC1, 0xE3, 0xF7, 0xCC, 0x80, 0x80, 0xC0, 0xF0, 0xF0, 0xF1, 0xF3, 0xFF, 0xFF,
        0xFF, 0xFF, 0xFF, 0xFF, 0xFF, 0xFC, 0xF8, 0xFC, 0xFC, 0xFC, 0xFC, 0xFF, 0xFC, 0xFC, 0xFC, 0xFC,
        0xFC, 0xFC, 0xFF, 0xFF, 0xFF, 0xFF, 0xFF, 0xFF, 0xFF, 0xFF, 0xFF, 0xFF, 0xFF, 0xFF, 0xFF, 0xFF,
        0xFF, 0xFF, 0xFF, 0xFF, 0xFF, 0x3F, 0x0F, 0x02, 0x00, 0x00, 0x00, 0x00, 0x00, 0x00, 0x00, 0x00,
        0x00, 0x00, 0x00, 0x01, 0x03, 0x03, 0x37, 0x3F, 0x3F, 0x7F, 0xFF, 0xFF, 0xFF, 0x7F, 0xFF, 0xFF,
        0xFF, 0xFF, 0xFF, 0xFF, 0xFF, 0xFF, 0xFF, 0xFF, 0xFF, 0x1F, 0x9F, 0xFF, 0xFF, 0xFF, 0xFF, 0xFF,
        0xFF, 0xFF, 0xFF, 0xFF, 0xFF, 0xFF, 0xFF, 0xFF, 0x3F, 0x0F, 0x07, 0x0F, 0x0F, 0x0F, 0x0F, 0x9F,
        0xBF, 0xFF, 0xFF, 0xFF, 0xFF, 0xFF, 0x1C, 0x18, 0x00, 0x00, 0x00, 0x00, 0x00, 0x00, 0x00, 0x00,
        0x00, 0x00, 0x00, 0x00, 0x00, 0x00, 0x00, 0x08, 0xE9, 0xF8, 0xFF, 0xFF, 0xFF, 0xFF, 0xFF, 0x3F,
        0x1F, 0x1F, 0x0F, 0x8F, 0xC3, 0xFF, 0x7F, 0x3F, 0xFF, 0xFF, 0xFF, 0xFF, 0xFF, 0xFF, 0x7F, 0x7F,
        0x3F, 0x9F, 0x8F, 0xC3, 0xC0, 0x81, 0x03, 0x01, 0x74, 0x3C, 0x0C, 0x00, 0x0C, 0x0E, 0xFF, 0xFF,
        0xFF, 0xFC, 0xFD, 0xFF, 0xFF, 0xFF, 0xFE, 0xF4, 0xF0, 0xE0, 0x80, 0x00, 0x00, 0x00, 0x00, 0x00,
        0x00, 0x00, 0x00, 0x00, 0x00, 0x0C, 0x3C, 0x36, 0x0F, 0x1F, 0x3F, 0xFF, 0xFF, 0xFF, 0xFF, 0x7A,
        0x00, 0x00, 0x0E, 0x03, 0x01, 0x03, 0x1F, 0x01, 0x01, 0x01, 0x01, 0x01, 0x00, 0x00, 0x00, 0x00,
        0x0E, 0x03, 0x01, 0x01, 0x01, 0x3F, 0xEC, 0xC0, 0x00, 0x00, 0x00, 0x00, 0x00, 0x00, 0x07, 0x0F,
        0x3F, 0x7F, 0xFF, 0x3F, 0x3F, 0x7F, 0x7F, 0x7F, 0x7F, 0x7F, 0xFF, 0xFF, 0x7E, 0x7C, 0x70, 0x70,
        0x00, 0xE0, 0xF8, 0xF0, 0xC0, 0xC0, 0x00, 0x00, 0x01, 0x02, 0x00, 0x00, 0x03, 0x07, 0x0F, 0xFC,
        0xF0, 0xF0, 0xE0, 0xE0, 0xC0, 0xC0, 0x80, 0x80, 0x80, 0x80, 0x80, 0x80, 0x00, 0x00, 0x80, 0x80,
        0x80, 0x80, 0x80, 0x80, 0xC0, 0x80, 0xDF, 0xFF, 0xFC, 0xF8, 0xF8, 0xC0, 0xC0, 0xE0, 0xF0, 0xFC,
        0xFE, 0xFF, 0xFF, 0xF8, 0xC0, 0x00, 0x00, 0x00, 0x00, 0x00, 0x00, 0x00, 0x00, 0x00, 0x00, 0x00,
        0x00, 0x03, 0x1F, 0x3F, 0xFF, 0xFF, 0xFF, 0xFC, 0xF8, 0xFE, 0xFE, 0xFF, 0xFF, 0xFF, 0xFE, 0xFF,
        0xFF, 0xFF, 0xFF, 0xFF, 0xFF, 0xFF, 0xFF, 0xFF, 0xFF, 0xFF, 0xFF, 0x7F, 0x3F, 0x7F, 0xFF, 0xFF,
        0xFF, 0xFF, 0xFF, 0xFF, 0xFF, 0xFF, 0xFF, 0xFF, 0xFF, 0xFF, 0xFF, 0xFF, 0xFF, 0xFF, 0xFF, 0xFF,
        0xFF, 0xFF, 0xFF, 0xFF, 0xFF, 0xFE, 0xC0, 0x00, 0x00, 0x00, 0x00, 0x00, 0x00, 0x00, 0x00, 0x00
    },
    {
        0x00, 0x00, 0x00, 0x00, 0x00, 0x00, 0x00, 0x00, 0x00, 0x00, 0x00, 0x00, 0x00, 0x00, 0x00, 0x00,
        0x00, 0x00, 0x00, 0x00, 0x00, 0x00, 0x00, 0x00, 0x00, 0x00, 0x20, 0x80, 0x00, 0x00, 0x00, 0x00,
        0x00, 0x00, 0x00, 0x00, 0x00, 0x00, 0x00, 0x00, 0x00, 0x00, 0x00, 0x00, 0x00, 0x00, 0x00, 0x00,
        0x00, 0x00, 0x00, 0x00, 0x00, 0x00, 0x00, 0x00, 0x00, 0x00, 0x00, 0x00, 0x00, 0x00, 0x00, 0x00,
        0x00, 0x00, 0x00, 0xC0, 0xE0, 0x60, 0x60, 0xC0, 0x70, 0x38, 0x3C, 0x3E, 0xFE, 0xFC, 0xFC, 0xF8,
        0xF8, 0xFC, 0xFC, 0xFC, 0xC0, 0x00, 0x00, 0x1C, 0x32, 0x61, 0x84, 0xC1, 0x24, 0x18, 0x00, 0x00,
        0x00, 0x00, 0x00, 0xFE, 0xFE, 0xFE, 0xFE, 0xFE, 0xFE, 0xFC, 0xFC, 0xFC, 0xF8, 0xF8, 0xF8, 0xF0,
        0xF0, 0xE0, 0xE0, 0xC0, 0xC0, 0x80, 0x00, 0x00, 0x00, 0x00, 0x00, 0x00, 0x00, 0x00, 0x00, 0x00,
        0x00, 0x00, 0x00, 0x83, 0xE7, 0xFE, 0xCC, 0x80, 0x80, 0xC0, 0xF0, 0xE0, 0xE3, 0xF7, 0xFF, 0xFF,
        0xFF, 0xFF, 0xFF, 0xFF, 0xFF, 0xF8, 0xF8, 0xF8, 0xF8, 0xFC, 0xFF, 0xFD, 0xF8, 0xF8, 0xF8, 0xF8,
        0xFC, 0xF8, 0xFF, 0xFF, 0xFF, 0xFF, 0xFF, 0xFF, 0xFF, 0xFF, 0xFF, 0xFF, 0xFF, 0xFF, 0xFF, 0xFF,
        0xFF, 0xFF, 0xFF, 0xFF, 0x7F, 0x3F, 0x0F, 0x04, 0x00, 0x00, 0x00, 0x00, 0x00, 0x00, 0x00, 0x00,
        0x00, 0x00, 0x00, 0x03, 0x03, 0x07, 0x37, 0x3F, 0x7F, 0xFF, 0xFF, 0xFF, 0xFF, 0x7F, 0xFF, 0xFF,
        0xFF, 0xFF, 0xFF, 0xFF, 0xFF, 0xFF, 0xFF, 0xFF, 0xFF, 0x1F, 0x1F, 0xFF, 0xFF, 0xFF, 0xFF, 0xFF,
        0xFF, 0xFF, 0xFF, 0xFF, 0xFF, 0xFF, 0xFF, 0xFF, 0x3F, 0x3F, 0x3F, 0x3F, 0x3F, 0x3F, 0x7F, 0xFF,
        0xFF, 0xFF, 0xFF, 0xFF, 0xFF, 0xBE, 0x3C, 0x30, 0x00, 0x00, 0x00, 0x00, 0x00, 0x00, 0x00, 0x00,
        0x00, 0x00, 0x00, 0x00, 0x00, 0x00, 0xC0, 0xE0, 0xF1, 0xF8, 0xFF, 0xFF, 0xFF, 0xFE, 0xFF, 0x3F,
        0x3F, 0x1F, 0x0F, 0x0F, 0xC7, 0xFF, 0x7F, 0x7F, 0xFF, 0xFE, 0xFF, 0xFF, 0xFF, 0xFF, 0xFF, 0x7F,
        0x3F, 0xBF, 0x8F, 0x83, 0x80, 0x03, 0x07, 0x81, 0xE0, 0xE0, 0x20, 0x20, 0x70, 0xF8, 0xFC, 0xFF,
        0xFF, 0xF8, 0xFF, 0xFF, 0xFF, 0xFF, 0xFE, 0xE8, 0xE0, 0x80, 0x00, 0x00, 0x00, 0x00, 0x00, 0x00,
        0x00, 0x00, 0x00, 0x00, 0x10, 0x70, 0xEF, 0x1F, 0x1F, 0x1F, 0x7F, 0xFF, 0xFF, 0xFF, 0xFF, 0x68,
        0x00, 0x00, 0x1E, 0x03, 0x01, 0x03, 0x1F, 0x03, 0x03, 0x01, 0x01, 0x01, 0x00, 0x00, 0x00, 0x00,
        0x1E, 0x03, 0x01, 0x01, 0x03, 0x3C, 0x00, 0x01, 0x01, 0x00, 0x00, 0x00, 0x00, 0x00, 0x7F, 0xFF,
        0xFF, 0xFF, 0x7F, 0x3F, 0x7F, 0x7F, 0xFF, 0xFF, 0xFF, 0xFF, 0xFF, 0xFE, 0xFC, 0xF8, 0xF0, 0x60,
        0x00, 0x00, 0xC0, 0x80, 0x00, 0x00, 0x00, 0x00, 0x0C, 0x18, 0x00, 0x01, 0x07, 0x0F, 0xDF, 0xF8,
        0xF0, 0xE0, 0xC0, 0xC0, 0x80, 0x80, 0x80, 0x80, 0x00, 0x00, 0x00, 0x00, 0x00, 0x00, 0x00, 0x00,
        0x00, 0x80, 0x80, 0x80, 0x80, 0xFE, 0xF0, 0xC0, 0xC0, 0xC0, 0x00, 0x00, 0x00, 0x80, 0xE0, 0xF7,
        0xFF, 0xFF, 0xFC, 0xC0, 0x00, 0x00, 0x00, 0x00, 0x00, 0x00, 0x00, 0x00, 0x00, 0x00, 0x00, 0x00,
        0x00, 0x03, 0x3F, 0xFF, 0xFF, 0xFE, 0xF8, 0xF0, 0xE0, 0xF8, 0xFC, 0xFC, 0xFC, 0xFC, 0xFF, 0xFF,
        0xFF, 0xFF, 0xFF, 0xFF, 0xFF, 0xFF, 0xFF, 0xFF, 0xFF, 0xFF, 0xFF, 0x7F, 0x3F, 0x7F, 0xFF, 0xFF,
        0xFF, 0xFF, 0xFF, 0xFF, 0xFF, 0xFF, 0xFF, 0xFF, 0xFF, 0xFF, 0xFE, 0xFE, 0xFE, 0xFF, 0xFF, 0xFF,
        0xFF, 0xFF, 0xFF, 0xFF, 0xFC, 0xC0, 0x00, 0x00, 0x00, 0x00, 0x00, 0x00, 0x00, 0x00, 0x00, 0x00
    },
    {
        0x00, 0x00, 0x00, 0x00, 0x00, 0x00, 0x00, 0x00, 0x00, 0x00, 0x00, 0x00, 0x00, 0x00, 0x00, 0x00,
        0x00, 0x00, 0x00, 0x00, 0x00, 0x00, 0x00, 0x00, 0x00, 0x00, 0x20, 0x20, 0x00, 0x00, 0x00, 0x00,
        0x00, 0x00, 0x00, 0x00, 0x00, 0x00, 0x00, 0x00, 0x00, 0x00, 0x00, 0x00, 0x00, 0x00, 0x00, 0x00,
        0x00, 0x00, 0x00, 0x00, 0x00, 0x00, 0x00, 0x00, 0x00, 0x00, 0x00, 0x00, 0x00, 0x00, 0x00, 0x00,
        0x00, 0x00, 0x00, 0x80, 0xC0, 0xC0, 0xC0, 0xC0, 0xE0, 0x78, 0x3C, 0x7C, 0xFC, 0xFC, 0xF8, 0xF0,
        0xF8, 0xF8, 0xF8, 0xFC, 0x80, 0x00, 0x00, 0x3C, 0x66, 0xC2, 0x9A, 0x89, 0x49, 0x18, 0x10, 0x00,
        0x00, 0x00, 0x00, 0xFC, 0xFE, 0xFC, 0xFC, 0xFC, 0xFC, 0xFC, 0xFC, 0xF8, 0xF8, 0xF8, 0xF0, 0xF0,
        0xE0, 0xE0, 0xC0, 0xC0, 0x80, 0x00, 0x00, 0x00, 0x00, 0x00, 0x00, 0x00, 0x00, 0x00, 0x00, 0x00,
        0x00, 0x00, 0x00, 0x87, 0xCF, 0xEC, 0x98, 0x00, 0x01, 0x80, 0xE0, 0xE0, 0xE3, 0xE7, 0xFF, 0xFF,
        0xFF, 0xFF, 0xFF, 0xFF, 0xFF, 0xF8, 0xF0, 0xF8, 0xF8, 0xF8, 0xFB, 0xF9, 0xF8, 0xF8, 0xF8, 0xF8,
        0xF8, 0xF8, 0xFF, 0xFF, 0xFF, 0xFF, 0xFF, 0xFF, 0xFF, 0xFF, 0xFF, 0xFF, 0xFF, 0xFF, 0xFF, 0xFF,
        0xFF, 0xFF, 0xFF, 0xFF, 0xFF, 0x7F, 0x1F, 0x04, 0x00, 0x00, 0x00, 0x00, 0x00, 0x00, 0x00, 0x00,
        0x00, 0x00, 0x00, 0x03, 0x07, 0x07, 0x6F, 0x7F, 0x7F, 0xFF, 0xFF, 0xFF, 0xFF, 0xFF, 0xFF, 0xFF,
        0xFF, 0xFF, 0xFF, 0xFF, 0xFF, 0xFF, 0xFF, 0xFF, 0xFF, 0x3F, 0x3F, 0xFF, 0xFF, 0xFF, 0xFF, 0xFF,
        0xFF, 0xFF, 0xFF, 0xFF, 0xFF, 0xFF, 0xFF, 0xFF, 0xFF, 0xFF, 0xFF, 0xFF, 0xFF, 0xFF, 0xFF, 0xFF,
        0xFF, 0xFF, 0xFF, 0xFF, 0xFF, 0xFE, 0x38, 0x20, 0x00, 0x00, 0x00, 0x00, 0x00, 0x00, 0x00, 0x00,
        0x00, 0x00, 0x00, 0x00, 0x00, 0x00, 0xC0, 0xE0, 0xE0, 0xF0, 0xFF, 0xFF, 0xFF, 0xFE, 0xFF, 0x7F,
        0x3F, 0x3F, 0x1F, 0x1F, 0xCF, 0xFF, 0xFF, 0xFF, 0xFF, 0xFE, 0xFF, 0xFF, 0xFF, 0xFF, 0xFF, 0x7F,
        0x7F, 0x1F, 0x0F, 0x83, 0x85, 0x03, 0x07, 0x0F, 0x3F, 0x00, 0x00, 0x00, 0x00, 0x01, 0xC1, 0xF1,
        0xFF, 0xF9, 0xFB, 0xFF, 0xFF, 0xFF, 0xFC, 0xE0, 0xC0, 0x80, 0x00, 0x00, 0x00, 0x00, 0x00, 0x00,
        0x00, 0x00, 0x00, 0x00, 0x00, 0x00, 0xC0, 0xC7, 0x3F, 0x1F, 0xFF, 0xFF, 0xFF, 0xFF, 0xFF, 0xF0,
        0x00, 0x00, 0x1C, 0x06, 0x03, 0x07, 0x3E, 0x03, 0x03, 0x03, 0x01, 0x01, 0x01, 0x01, 0x00, 0x00,
        0x1C, 0x07, 0x03, 0x03, 0x07, 0x3F, 0x1C, 0x00, 0x00, 0x0C, 0x0F, 0x07, 0x01, 0x01, 0x03, 0xFF,
        0xFF, 0xFF, 0x7F, 0x7F, 0xFF, 0xFF, 0xFF, 0xFF, 0xFF, 0xFF, 0xFE, 0xFC, 0xF8, 0xE0, 0xC0, 0x80,
        0x00, 0x00, 0x00, 0x80, 0x00, 0x00, 0x00, 0x03, 0x03, 0x00, 0x60, 0xC3, 0x0F, 0x1F, 0xFF, 0xF8,
        0xF0, 0xC0, 0xC0, 0x80, 0x80, 0x80, 0x00, 0x00, 0x00, 0x00, 0x00, 0x00, 0x00, 0x00, 0x00, 0x00,
        0x00, 0x00, 0x00, 0x00, 0x80, 0x00, 0x00, 0x00, 0x00, 0x00, 0x00, 0x00, 0x00, 0x00, 0x00, 0xFF,
        0xFF, 0xFF, 0xF8, 0x00, 0x00, 0x00, 0x00, 0x01, 0x01, 0x01, 0x01, 0x01, 0x01, 0x01, 0x01, 0x00,
        0x00, 0x00, 0x00, 0xFF, 0xFF, 0xE6, 0xC0, 0xC0, 0xC0, 0x80, 0xC0, 0xE0, 0xF3, 0xFC, 0xFF, 0xFF,
        0xFF, 0xFF, 0xFF, 0xFF, 0xFF, 0xFF, 0xFF, 0xFF, 0xFF, 0xFF, 0xFE, 0xFE, 0x7E, 0x7E, 0xFE, 0xFF,
        0xFF, 0xFF, 0xFF, 0xFF, 0xFF, 0xFF, 0xFE, 0xFE, 0xFE, 0xFC, 0xF0, 0xF0, 0xF8, 0xFC, 0xFF, 0xFF,
        0xFF, 0xFF, 0xFF, 0xFE, 0xC0, 0x00, 0x00, 0x00, 0x00, 0x00, 0x00, 0x00, 0x00, 0x00, 0x00, 0x00
    },
    {
        0x00, 0x00, 0x00, 0x00, 0x00, 0x00, 0x00, 0x00, 0x00, 0x00, 0x00, 0x00, 0x00, 0x00, 0x00, 0x00,
        0x00, 0x00, 0x00, 0x00, 0x00, 0x00, 0x00, 0x00, 0x00, 0x00, 0x00, 0x00, 0x00, 0x00, 0x00, 0x00,
        0x00, 0x00, 0x00, 0x00, 0x00, 0x00, 0x00, 0x00, 0x00, 0x00, 0x00, 0x00, 0x00, 0x00, 0x00, 0x00,
        0x00, 0x00, 0x00, 0x00, 0x00, 0x00, 0x00, 0x00, 0x00, 0x00, 0x00, 0x00, 0x00, 0x00, 0x00, 0x00,
        0x00, 0x00, 0x00, 0x00, 0x80, 0xC0, 0xC0, 0x80, 0xC0, 0x70, 0x78, 0x78, 0xFC, 0xF8, 0xF8, 0xF0,
        0xF0, 0xF0, 0xF8, 0xF8, 0xF0, 0x00, 0x00, 0x38, 0x7C, 0xC4, 0x82, 0x1A, 0x88, 0x30, 0x10, 0x00,
        0x00, 0x00, 0x00, 0xE0, 0xFC, 0xFC, 0xFC, 0xFC, 0xFC, 0xF8, 0xF8, 0xF8, 0xF8, 0xF0, 0xF0, 0xE0,
        0xE0, 0xE0, 0xC0, 0x80, 0x80, 0x00, 0x00, 0x00, 0x00, 0x00, 0x00, 0x00, 0x00, 0x00, 0x00, 0x00,
        0x00, 0x00, 0x00, 0x07, 0x8F, 0xEF, 0xB8, 0x00, 0x01, 0x00, 0xE0, 0xC0, 0xC7, 0xC7, 0xFF, 0xFB,
        0xFF, 0xFF, 0xFF, 0xFF, 0xFF, 0xF8, 0xF0, 0xF0, 0xF0, 0xF0, 0xF1, 0xFB, 0xF8, 0xF8, 0xF8, 0xF8,
        0xF8, 0xF8, 0xFC, 0xFF, 0xFF, 0xFF, 0xFF, 0xFF, 0xFF, 0xFF, 0xFF, 0xFF, 0xFF, 0xFF, 0xFF, 0xFF,
        0xFF, 0xFF, 0xFF, 0xFF, 0xFF, 0x7F, 0x3E, 0x0C, 0x00, 0x00, 0x00, 0x00, 0x00, 0x00, 0x00, 0x00,
        0x00, 0x00, 0x00, 0x02, 0x07, 0x0F, 0x6F, 0x7F, 0xFF, 0xFF, 0xFF, 0xFF, 0xFF, 0xFF, 0xFF, 0xFF,
        0xFF, 0xFF, 0xFF, 0xFF, 0xFF, 0xFF, 0xFF, 0xFF, 0xFF, 0x7F, 0x3F, 0xFF, 0xFF, 0xFF, 0xFF, 0xFF,
        0xFF, 0xFF, 0xFF, 0xFF, 0xFF, 0xFF, 0xFF, 0xFF, 0xFF, 0xFF, 0xFF, 0xFF, 0xFF, 0xFF, 0xFF, 0xFF,
        0xFF, 0xFF, 0xFF, 0xFF, 0xFF, 0xFC, 0x78, 0x60, 0x00, 0x00, 0x00, 0x00, 0x00, 0x00, 0x00, 0x00,
        0x00, 0x00, 0x00, 0x00, 0x00, 0x00, 0x80, 0xE0, 0xE0, 0xF1, 0xFF, 0xFF, 0xFF, 0xFD, 0xFF, 0xFF,
        0x7F, 0x3F, 0x3F, 0x1F, 0xCF, 0xFF, 0xFF, 0xFF, 0xFF, 0xFC, 0xFE, 0xFF, 0xFF, 0xFF, 0xFF, 0xFF,
        0x7F, 0x3F, 0x1F, 0x07, 0x07, 0x07, 0x0F, 0x1F, 0x3F, 0x7F, 0xFB, 0x83, 0x03, 0x03, 0x03, 0x03,
        0x03, 0xC3, 0xFF, 0xFF, 0xFF, 0xFF, 0xFC, 0xC0, 0xC0, 0x00, 0x00, 0x00, 0x00, 0x00, 0x00, 0x00,
        0x00, 0x40, 0x60, 0x70, 0x60, 0x00, 0x01, 0x01, 0x01, 0x03, 0x8F, 0xFF, 0xFF, 0xFF, 0xFF, 0xFE,
        0x00, 0x00, 0x00, 0x06, 0x07, 0x07, 0x3E, 0x03, 0x03, 0x03, 0x03, 0x03, 0x01, 0x01, 0x00, 0x00,
        0x00, 0x3E, 0x07, 0x03, 0x07, 0x7E, 0x3C, 0x00, 0x00, 0x00, 0x00, 0x00, 0x18, 0x1E, 0x0E, 0x04,
        0x06, 0x1F, 0xFF, 0xFF, 0xFF, 0xFF, 0xFF, 0xFF, 0xFF, 0xFF, 0xFC, 0xF8, 0xF0, 0xC0, 0x80, 0x00,
        0x00, 0x00, 0x00, 0x00, 0x00, 0x00, 0x00, 0x00, 0x00, 0x00, 0x03, 0x07, 0xC1, 0xFB, 0xFF, 0xFF,
        0xE0, 0xC0, 0xC0, 0x80, 0x80, 0x00, 0x00, 0x00, 0x00, 0x00, 0x00, 0x00, 0x00, 0x00, 0x00, 0x00,
        0x00, 0x00, 0x00, 0x00, 0x00, 0x00, 0x00, 0x00, 0x00, 0x00, 0x00, 0x00, 0x00, 0x00, 0x00, 0x00,
        0x88, 0xFE, 0xA0, 0x00, 0x00, 0x01, 0x01, 0x01, 0x01, 0x03, 0x03, 0x03, 0x03, 0x03, 0x01, 0x01,
        0x00, 0x00, 0x00, 0x00, 0xFC, 0xDF, 0xC7, 0x80, 0x80, 0xC0, 0x00, 0x80, 0xC0, 0xF3, 0xFF, 0xFF,
        0xFF, 0xFF, 0xFF, 0xFF, 0xFF, 0xFF, 0xFF, 0xFF, 0xFE, 0xFE, 0xFE, 0xFE, 0xFE, 0xFE, 0xFE, 0xFE,
        0xFE, 0xFE, 0xFF, 0xFF, 0xFF, 0xFC, 0xFE, 0xFC, 0xFC, 0xFC, 0xE0, 0xE0, 0xF0, 0xF0, 0xFC, 0xFE,
        0xFF, 0xFF, 0xFF, 0xC0, 0x00, 0x00, 0x00, 0x00, 0x00, 0x00, 0x00, 0x00, 0x00, 0x00, 0x00, 0x00
    },
    {
        0x00, 0x00, 0x00, 0x00, 0x00, 0x00, 0x00, 0x00, 0x00, 0x00, 0x00, 0x00, 0x00, 0x00, 0x00, 0x00,
        0x00, 0x00, 0x00, 0x00, 0x00, 0x00, 0x00, 0x00, 0x00, 0x00, 0x00, 0x40, 0x00, 0x00, 0x00, 0x00,
        0x00, 0x00, 0x00, 0x00, 0x00, 0x00, 0x00, 0x00, 0x00, 0x00, 0x00, 0x00, 0x00, 0x00, 0x00, 0x00,
        0x00, 0x00, 0x00, 0x00, 0x00, 0x00, 0x00, 0x00, 0x00, 0x00, 0x00, 0x00, 0x00, 0x00, 0x00, 0x00,
        0x00, 0x00, 0x00, 0x00, 0x80, 0x80, 0xC0, 0x80, 0x80, 0xE0, 0x70, 0x78, 0xF8, 0xF8, 0xF8, 0xF0,
        0xF0, 0xF0, 0xF0, 0xF8, 0xF8, 0x80, 0x00, 0x00, 0x78, 0x64, 0x86, 0x10, 0x83, 0x58, 0x30, 0x00,
        0x00, 0x00, 0x00, 0x00, 0xFC, 0xFC, 0xFC, 0xFC, 0xFC, 0xF8, 0xF8, 0xF8, 0xF8, 0xF0, 0xF0, 0xF0,
        0xE0, 0xE0, 0xC0, 0xC0, 0x80, 0x00, 0x00, 0x00, 0x00, 0x00, 0x00, 0x00, 0x00, 0x00, 0x00, 0x00,
        0x00, 0x00, 0x00, 0x00, 0x0F, 0xCF, 0xF9, 0x10, 0x01, 0x00, 0x80, 0xC0, 0xC4, 0xC7, 0xEF, 0xFF,
        0xFF, 0xFF, 0xFF, 0xFF, 0xFF, 0xFE, 0xF0, 0xF0, 0xF0, 0xF0, 0xF1, 0xFF, 0xF1, 0xF0, 0xF0, 0xF0,
        0xF0, 0xF0, 0xF0, 0xFF, 0xFF, 0xFF, 0xFF, 0xFF, 0xFF, 0xFF, 0xFF, 0xFF, 0xFF, 0xFF, 0xFF, 0xFF,
        0xFF, 0xFF, 0xFF, 0xFF, 0xFF, 0xFF, 0x7F, 0x1E, 0x00, 0x00, 0x00, 0x00, 0x00, 0x00, 0x00, 0x00,
        0x00, 0x00, 0x00, 0x00, 0x07, 0x07, 0x0F, 0xFF, 0xFF, 0xFF, 0xFF, 0xFF, 0xFF, 0xFF, 0xFF, 0xFF,
        0xFF, 0xFF, 0xFF, 0xFF, 0xFF, 0xFF, 0xFF, 0xFF, 0xFF, 0xFF, 0x3F, 0x7F, 0xFF, 0xFF, 0xFF, 0xFF,
        0xFF, 0xFF, 0xFF, 0xFF, 0xFF, 0xFF, 0xFF, 0xFF, 0xFF, 0xFF, 0xFF, 0xFF, 0xFF, 0xFF, 0xFF, 0xFF,
        0xFF, 0xFF, 0xFF, 0xFF, 0xFF, 0xFE, 0x7C, 0x70, 0x40, 0x00, 0x00, 0x00, 0x00, 0x00, 0x00, 0x00,
        0x00, 0x00, 0x00, 0x00, 0x00, 0x00, 0x80, 0xC0, 0xE8, 0xE1, 0xF9, 0xFF, 0xFF, 0xFF, 0xFC, 0xFF,
        0x7F, 0x7F, 0x3F, 0x1F, 0x9F, 0xFF, 0xFF, 0xFF, 0xFF, 0xFC, 0xFE, 0xFF, 0xFF, 0xFD, 0xFF, 0xFF,
        0x7F, 0x7F, 0x1F, 0x0F, 0x07, 0x03, 0x07, 0x1F, 0x1F, 0x7F, 0xFF, 0xE7, 0xC3, 0x03, 0x03, 0x03,
        0x03, 0x03, 0x07, 0xFF, 0xFF, 0xFF, 0xFE, 0xC8, 0xC0, 0x00, 0x00, 0x00, 0x00, 0x00, 0x00, 0x00,
        0x00, 0x20, 0x60, 0x70, 0x7C, 0x3C, 0x38, 0x30, 0x20, 0x00, 0x00, 0x00, 0x81, 0xC7, 0x7F, 0xFF,
        0xD0, 0x00, 0x00, 0x7C, 0x07, 0x07, 0x0E, 0x1F, 0x03, 0x03, 0x03, 0x03, 0x01, 0x01, 0x01, 0x00,
        0x00, 0x3C, 0x07, 0x03, 0x03, 0x06, 0x7E, 0x00, 0x00, 0x00, 0xC0, 0xF9, 0x07, 0x03, 0x10, 0x1C,
        0x0E, 0x06, 0x06, 0x07, 0xFF, 0xFF, 0xFF, 0xFF, 0xFF, 0xFF, 0xFE, 0xF8, 0xF0, 0xC0, 0x80, 0x00,
        0x00, 0x00, 0x00, 0x00, 0x00, 0x00, 0x80, 0xC0, 0x00, 0x00, 0x00, 0x00, 0x00, 0x03, 0xE1, 0xF9,
        0xF0, 0xC0, 0xC0, 0x80, 0x80, 0x00, 0x00, 0x00, 0x00, 0x00, 0x00, 0x00, 0x00, 0x00, 0x00, 0x00,
        0x00, 0x00, 0x00, 0x00, 0x00, 0x00, 0x00, 0x0C, 0x06, 0x03, 0x03, 0x01, 0x00, 0x00, 0x00, 0x00,
        0x00, 0x00, 0x00, 0xC0, 0x00, 0x01, 0x01, 0x03, 0x03, 0x03, 0x03, 0x03, 0x03, 0x03, 0x03, 0x03,
        0x00, 0x00, 0x00, 0x00, 0xF0, 0xF7, 0xE3, 0xE1, 0xE0, 0xE0, 0xC0, 0xC0, 0xC0, 0xE0, 0xF1, 0xFF,
        0xFF, 0xFF, 0xFF, 0xFF, 0xFF, 0xFF, 0xFF, 0xFF, 0xFE, 0xFE, 0xFE, 0xFE, 0xFE, 0x7E, 0xFE, 0xFE,
        0xFE, 0xFE, 0xFE, 0xFE, 0xFF, 0xFF, 0xFF, 0xFE, 0xFE, 0xFE, 0xFE, 0xEE, 0xE0, 0xF0, 0xF0, 0xF8,
        0xFC, 0xFE, 0xFF, 0x03, 0x00, 0x00, 0x00, 0x00, 0x00, 0x00, 0x00, 0x00, 0x00, 0x00, 0x00, 0x00
    },
    {
        0x00, 0x00, 0x00, 0x00, 0x00, 0x00, 0x00, 0x00, 0x00, 0x00, 0x00, 0x00, 0x00, 0x00, 0x00, 0x00,
        0x00, 0x00, 0x00, 0x00, 0x00, 0x00, 0x00, 0x00, 0x00, 0x00, 0x00, 0x00, 0x00, 0x00, 0x00, 0x00,
        0x00, 0x00, 0x00, 0x00, 0x00, 0x00, 0x00, 0x00, 0x00, 0x00, 0x00, 0x00, 0x00, 0x00, 0x00, 0x00,
        0x00, 0x00, 0x00, 0x00, 0x00, 0x00, 0x00, 0x00, 0x00, 0x00, 0x00, 0x00, 0x00, 0x00, 0x00, 0x00,
        0x00, 0x00, 0x00, 0x00, 0x00, 0x80, 0xC0, 0xC0, 0x80, 0xC0, 0x70, 0x78, 0x78, 0xFC, 0xF8, 0xF8,
        0xF0, 0xF0, 0xF8, 0xF8, 0xF8, 0xC0, 0x00, 0x00, 0x3C, 0x74, 0xC4, 0x92, 0x08, 0x4B, 0x30, 0x30,
        0x00, 0x00, 0x00, 0x00, 0xF4, 0xFC, 0xFC, 0xFC, 0xFC, 0xFC, 0xF8, 0xF8, 0xF8, 0xF8, 0xF0, 0xF0,
        0xF0, 0xE0, 0xC0, 0xC0, 0x80, 0x80, 0x00, 0x00, 0x00, 0x00, 0x00, 0x00, 0x00, 0x00, 0x00, 0x00,
        0x00, 0x00, 0x00, 0x00, 0x07, 0xCF, 0xFD, 0xB8, 0x01, 0x01, 0x80, 0xE0, 0xC0, 0xC7, 0xE7, 0xFF,
        0xFF, 0xFF, 0xFF, 0xFF, 0xFF, 0xFF, 0xF0, 0xF0, 0xF0, 0xF8, 0xF0, 0xFB, 0xFF, 0xF8, 0xF0, 0xF0,
        0xF0, 0xF8, 0xF8, 0xFC, 0xFF, 0xFF, 0xFF, 0xFF, 0xFF, 0xFF, 0xFF, 0xFF, 0xFF, 0xFF, 0xFF, 0xFF,
        0xFF, 0xFF, 0xFF, 0xFF, 0xFF, 0xFF, 0x7F, 0x3E, 0x0C, 0x00, 0x00, 0x00, 0x00, 0x00, 0x00, 0x00,
        0x00, 0x00, 0x00, 0x00, 0x03, 0x07, 0x0F, 0x6F, 0x7F, 0xFF, 0xFF, 0xFF, 0xFF, 0xFF, 0xFF, 0xFF,
        0xFF, 0xFF, 0xFF, 0xFF, 0xFF, 0xFF, 0xFF, 0xFF, 0xFF, 0xFF, 0x3F, 0x3F, 0xFF, 0xFF, 0xFF, 0xFF,
        0xFF, 0xFF, 0xFF, 0xFF, 0xFF, 0xFF, 0xFF, 0xFF, 0xFF, 0xFF, 0xFF, 0xFF, 0xFF, 0xFF, 0xFF, 0xFF,
        0xFF, 0xFF, 0xFF, 0xFF, 0xFF, 0xFF, 0x7C, 0x78, 0x60, 0x00, 0x00, 0x00, 0x00, 0x00, 0x00, 0x00,
        0x00, 0x00, 0x00, 0x00, 0x00, 0x00, 0x00, 0x00, 0x20, 0x22, 0x31, 0x3F, 0x3F, 0x3F, 0x7C, 0xFF,
        0x7F, 0x7F, 0x3F, 0x1F, 0x1F, 0xEF, 0xFF, 0xFF, 0xFF, 0xFF, 0xFE, 0xFF, 0xFF, 0xFF, 0xFF, 0xFF,
        0xFF, 0x7F, 0x3F, 0x1F, 0x07, 0x07, 0x07, 0x0F, 0x1F, 0x7F, 0x7F, 0xFF, 0xF1, 0xE1, 0xC1, 0x00,
        0x00, 0x00, 0x00, 0x03, 0xFF, 0xFF, 0xFF, 0xF8, 0xC0, 0x80, 0x00, 0x00, 0x00, 0x00, 0x00, 0x00,
        0x00, 0x00, 0x20, 0x30, 0x38, 0x3C, 0x3F, 0x3F, 0x3E, 0x1C, 0x00, 0x00, 0x00, 0x00, 0xF0, 0x57,
        0x68, 0x00, 0x00, 0x38, 0x06, 0x02, 0x07, 0x3F, 0x03, 0x03, 0x03, 0x03, 0x01, 0x01, 0x01, 0x00,
        0x00, 0x08, 0x26, 0x07, 0x03, 0x07, 0x7E, 0x18, 0x00, 0x00, 0x80, 0xF0, 0xFF, 0xEB, 0x01, 0x00,
        0x0E, 0x0F, 0x03, 0x01, 0x01, 0x03, 0xFF, 0xFF, 0xFF, 0xFF, 0xFE, 0xFC, 0xF8, 0xE0, 0xC0, 0x00,
        0x00, 0x00, 0x00, 0x00, 0x00, 0xC0, 0xF0, 0x38, 0x10, 0x00, 0x00, 0x00, 0x00, 0x00, 0x70, 0xFC,
        0xF0, 0xE0, 0xC0, 0xC0, 0x80, 0x80, 0x00, 0x00, 0x00, 0x00, 0x00, 0x00, 0x00, 0x00, 0x00, 0x00,
        0x00, 0x00, 0x00, 0x00, 0x00, 0x00, 0x00, 0x08, 0x8C, 0x8E, 0x07, 0x03, 0x01, 0x00, 0x00, 0x00,
        0x00, 0x00, 0x00, 0x00, 0xC0, 0xF0, 0x01, 0x01, 0x01, 0x03, 0x03, 0x03, 0x03, 0x03, 0x03, 0x01,
        0x00, 0x00, 0x00, 0xF0, 0xFE, 0xFC, 0xFC, 0xFC, 0xF8, 0xF8, 0xF0, 0xF0, 0xF8, 0xF8, 0xFE, 0xFF,
        0xFF, 0xFF, 0xFF, 0xFF, 0xFF, 0xFF, 0xFF, 0xFF, 0xFF, 0xFE, 0xFE, 0xFE, 0xFE, 0x7E, 0xFE, 0xFE,
        0xFE, 0xFE, 0xFE, 0xFE, 0xFF, 0xFF, 0xFF, 0xFF, 0xFF, 0xFF, 0xFF, 0xFF, 0xFF, 0xFB, 0xF8, 0xF8,
        0xFC, 0xFC, 0xFE, 0xFF, 0x1F, 0x01, 0x00, 0x00, 0x00, 0x00, 0x00, 0x00, 0x00, 0x00, 0x00, 0x00
    },
    {
        0x00, 0x00, 0x00, 0x00, 0x00, 0x00, 0x00, 0x00, 0x00, 0x00, 0x00, 0x00, 0x00, 0x00, 0x00, 0x00,
        0x00, 0x00, 0x00, 0x00, 0x00, 0x00, 0x00, 0x00, 0x00, 0x00, 0x00, 0x60, 0x00, 0x00, 0x00, 0x00,
        0x00, 0x00, 0x00, 0x00, 0x00, 0x00, 0x00, 0x00, 0x00, 0x00, 0x00, 0x00, 0x00, 0x00, 0x00, 0x00,
        0x00, 0x00, 0x00, 0x00, 0x00, 0x00, 0x00, 0x00, 0x00, 0x00, 0x00, 0x00, 0x00, 0x00, 0x00, 0x00,
        0x00, 0x00, 0x00, 0x00, 0x00, 0xC0, 0xC0, 0xC0, 0xC0, 0xC0, 0x70, 0x38, 0x7C, 0xFC, 0xFC, 0xF8,
        0xF0, 0xF0, 0xF8, 0xF8, 0xF8, 0xF8, 0x00, 0x00, 0x38, 0x7C, 0x60, 0x82, 0x1A, 0xC1, 0x38, 0x30,
        0x00, 0x00, 0x00, 0x00, 0xE0, 0xFC, 0xFC, 0xFC, 0xFC, 0xFC, 0xFC, 0xF8, 0xF8, 0xF8, 0xF8, 0xF0,
        0xF0, 0xE0, 0xE0, 0xC0, 0xC0, 0x80, 0x80, 0x00, 0x00, 0x00, 0x00, 0x00, 0x00, 0x00, 0x00, 0x00,
        0x00, 0x00, 0x00, 0x00, 0x07, 0xCF, 0xEF, 0xF8, 0x00, 0x01, 0x80, 0xE0, 0xE0, 0xC3, 0xE7, 0xFF,
        0xFF, 0xFF, 0xFF, 0xFF, 0xFF, 0xFF, 0xFC, 0xF0, 0xF0, 0xF0, 0xF8, 0xF9, 0xFF, 0xF8, 0xF8, 0xF8,
        0xF8, 0xF8, 0xF8, 0xF8, 0xFF, 0xFF, 0xFF, 0xFF, 0xFF, 0xFF, 0xFF, 0xFF, 0xFF, 0xFF, 0xFF, 0xFF,
        0xFF, 0xFF, 0xFF, 0xFF, 0xFF, 0xFF, 0x7F, 0x3F, 0x0E, 0x00, 0x00, 0x00, 0x00, 0x00, 0x00, 0x00,
        0x00, 0x00, 0x00, 0x00, 0x00, 0x07, 0x07, 0x6F, 0x7F, 0x7F, 0xFF, 0xFF, 0xFF, 0xFF, 0xFF, 0xFF,
        0xFE, 0xFF, 0xFF, 0xFF, 0xFF, 0xFF, 0xFF, 0xFF, 0xFF, 0xFF, 0x7F, 0x3F, 0xFF, 0xFF, 0xFF, 0xFF,
        0xFF, 0xFF, 0xFF, 0xFF, 0xFF, 0xFF, 0xFF, 0xFF, 0xFF, 0xFF, 0xFF, 0xFF, 0xFF, 0xFF, 0x7F, 0x7F,
        0x7F, 0x7F, 0x7F, 0x7F, 0x7F, 0xFF, 0xFE, 0x38, 0x30, 0x00, 0x00, 0x00, 0x00, 0x00, 0x00, 0x00,
        0x00, 0x00, 0x00, 0x00, 0x00, 0x00, 0x00, 0x80, 0xC0, 0x8C, 0x08, 0x0D, 0x0F, 0x0F, 0x0F, 0x3E,
        0x7F, 0x7F, 0x3F, 0x1F, 0x1F, 0xCF, 0xFF, 0xFF, 0xFF, 0xFF, 0xFE, 0xFE, 0xFF, 0xFF, 0xFF, 0xFF,
        0xFF, 0x7F, 0x3F, 0x1F, 0x07, 0x07, 0x07, 0x07, 0x0F, 0x3F, 0x7F, 0xFF, 0xFF, 0xFE, 0xF8, 0x60,
        0x00, 0x40, 0xC0, 0xC0, 0xE0, 0xFF, 0xFF, 0xFC, 0xE0, 0xE0, 0x80, 0x00, 0x00, 0x00, 0x00, 0x00,
        0x00, 0x00, 0x20, 0x20, 0x30, 0x3C, 0x3E, 0x3F, 0x3F, 0x0F, 0x06, 0x00, 0x00, 0x00, 0x3C, 0x28,
        0x9C, 0x00, 0x00, 0x00, 0x06, 0x03, 0x07, 0x3E, 0x03, 0x03, 0x03, 0x03, 0x01, 0x01, 0x01, 0x00,
        0x00, 0x00, 0x3E, 0x07, 0x03, 0x03, 0x37, 0x3C, 0x00, 0x00, 0x00, 0xE0, 0xFF, 0x7F, 0x71, 0x00,
        0x02, 0x03, 0x03, 0x00, 0x00, 0x00, 0xC3, 0xFF, 0xFF, 0xFF, 0xFF, 0xFE, 0xF8, 0xF0, 0xE0, 0xC0,
        0x00, 0x00, 0x00, 0x00, 0xC0, 0xF0, 0x78, 0x1C, 0x12, 0x00, 0x00, 0x00, 0x00, 0x00, 0xFC, 0xFE,
        0xF9, 0xF0, 0xE0, 0xC0, 0x80, 0x80, 0x80, 0x00, 0x00, 0x00, 0x00, 0x00, 0x00, 0x00, 0x00, 0x00,
        0x00, 0x00, 0x00, 0x00, 0x00, 0x00, 0x00, 0x00, 0x84, 0x86, 0x87, 0x8F, 0x83, 0x80, 0x00, 0x00,
        0x00, 0x00, 0x00, 0x80, 0xC0, 0xE0, 0xF8, 0x01, 0x01, 0x01, 0x01, 0x01, 0x01, 0x01, 0x01, 0x01,
        0x00, 0x00, 0x00, 0xFE, 0xFF, 0xFF, 0xFE, 0xFE, 0xFE, 0xFC, 0xF8, 0xFC, 0xFE, 0xFF, 0xFF, 0xFF,
        0xFF, 0xFF, 0xFF, 0xFF, 0xFF, 0xFF, 0xFF, 0xFF, 0xFF, 0xFF, 0xFE, 0xFF, 0xFE, 0x7E, 0xFE, 0xFE,
        0xFE, 0xFE, 0xFF, 0xFF, 0xFF, 0xFF, 0xFF, 0xFF, 0xFF, 0xFF, 0xFF, 0xFF, 0xFF, 0xFF, 0xFF, 0xFC,
        0xFC, 0xFE, 0xFF, 0xFF, 0xFF, 0x3F, 0x01, 0x00, 0x00, 0x00, 0x00, 0x00, 0x00, 0x00, 0x00, 0x00
    },
    {
        0x00, 0x00, 0x00, 0x00, 0x00, 0x00, 0x00, 0x00, 0x00, 0x00, 0x00, 0x00, 0x00, 0x00, 0x00, 0x00,
        0x00, 0x00, 0x00, 0x00, 0x00, 0x00, 0x00, 0x00, 0x00, 0x00, 0x00, 0x20, 0x20, 0x00, 0x00, 0x00,
        0x00, 0x00, 0x00, 0x00, 0x00, 0x00, 0x00, 0x00, 0x00, 0x00, 0x00, 0x00, 0x00, 0x00, 0x00, 0x00,
        0x00, 0x00, 0x00, 0x00, 0x00, 0x00, 0x00, 0x00, 0x00, 0x00, 0x00, 0x00, 0x00, 0x00, 0x00, 0x00,
        0x00, 0x00, 0x00, 0x00, 0x00, 0x80, 0xC0, 0xC0, 0xC0, 0xC0, 0x70, 0x38, 0x3C, 0x7C, 0xFC, 0xFC,
        0xF8, 0xF0, 0xF8, 0xF8, 0xF8, 0xF8, 0x00, 0x00, 0x08, 0x3C, 0x62, 0xC2, 0x98, 0xC3, 0x28, 0x30,
        0x00, 0x00, 0x00, 0x00, 0xC0, 0xFE, 0xFE, 0xFC, 0xFC, 0xFC, 0xFC, 0xFC, 0xF8, 0xF8, 0xF8, 0xF0,
        0xF0, 0xF0, 0xE0, 0xE0, 0xC0, 0x80, 0x80, 0x00, 0x00, 0x00, 0x00, 0x00, 0x00, 0x00, 0x00, 0x00,
        0x00, 0x00, 0x00, 0x00, 0x02, 0xC7, 0xEF, 0xFC, 0x88, 0x00, 0x80, 0xE0, 0xE0, 0xE2, 0xE7, 0xFF,
        0xFF, 0xFF, 0xFF, 0xFF, 0xFF, 0xFF, 0xFF, 0xF8, 0xF0, 0xF8, 0xF8, 0xF8, 0xFB, 0xF8, 0xF8, 0xF8,
        0xF8, 0xF8, 0xF8, 0xF8, 0xFF, 0xFF, 0xFF, 0xFF, 0xFF, 0xFF, 0xFF, 0xFF, 0xFF, 0xFF, 0xFF, 0xFF,
        0xFF, 0xFF, 0xFF, 0xFF, 0xFF, 0xFF, 0x7F, 0x3F, 0x0E, 0x00, 0x00, 0x00, 0x00, 0x00, 0x00, 0x00,
        0x00, 0x00, 0x00, 0x00, 0x00, 0x03, 0x07, 0x07, 0x7F, 0x7F, 0xFF, 0xFF, 0xFF, 0xFF, 0xFF, 0xFF,
        0xFF, 0xFF, 0xFF, 0xFF, 0xFF, 0xFF, 0xFF, 0xFF, 0xFF, 0xFF, 0x7F, 0x3F, 0xFF, 0xFF, 0xFF, 0xFF,
        0xFF, 0xFF, 0xFF, 0xFF, 0xFF, 0xFF, 0xFF, 0xFF, 0xFF, 0xFF, 0xFF, 0xFF, 0xFF, 0xFF, 0xFF, 0x3F,
        0x3F, 0x3F, 0x3F, 0x3F, 0x3F, 0x3F, 0x3E, 0x3C, 0x30, 0x00, 0x00, 0x00, 0x00, 0x00, 0x00, 0x00,
        0x00, 0x00, 0x00, 0x00, 0x00, 0x00, 0x00, 0x00, 0xE0, 0xFC, 0xC2, 0x02, 0x03, 0x03, 0x03, 0x06,
        0x07, 0x3F, 0x3F, 0x1F, 0x1F, 0x8F, 0xEF, 0xFF, 0x7F, 0xFF, 0xFE, 0xFE, 0xFF, 0xFF, 0xFF, 0xFF,
        0xFF, 0x7F, 0x3F, 0x1F, 0x0F, 0x83, 0x01, 0x07, 0x0F, 0x1F, 0x3F, 0x7F, 0xFF, 0xFF, 0xFF, 0x7E,
        0x00, 0x80, 0xE0, 0xE0, 0x20, 0x30, 0x7F, 0xFE, 0xE8, 0xE0, 0x80, 0x00, 0x00, 0x00, 0x00, 0x00,
        0x00, 0x00, 0x00, 0x20, 0x70, 0x78, 0x3E, 0x3F, 0x3F, 0x07, 0x01, 0x00, 0x00, 0x00, 0x1E, 0x02,
        0xCF, 0x00, 0x00, 0x00, 0x36, 0x03, 0x03, 0x37, 0x0F, 0x03, 0x03, 0x03, 0x01, 0x01, 0x01, 0x00,
        0x00, 0x00, 0x3E, 0x07, 0x03, 0x03, 0x27, 0x3E, 0x00, 0x00, 0x00, 0x80, 0xFC, 0xFF, 0xFF, 0x20,
        0x00, 0x01, 0x01, 0x00, 0x00, 0x00, 0x00, 0xFF, 0xFF, 0xFF, 0xFF, 0xFF, 0xFE, 0xF8, 0xF0, 0xE0,
        0x00, 0x00, 0x00, 0x00, 0xF0, 0xFC, 0xFE, 0xBF, 0x08, 0x00, 0x00, 0x00, 0x00, 0x00, 0x06, 0xBF,
        0xFF, 0xF0, 0xE0, 0xC0, 0xC0, 0x80, 0x80, 0x00, 0x00, 0x00, 0x00, 0x00, 0x00, 0x00, 0x00, 0x00,
        0x00, 0x00, 0x00, 0x00, 0x00, 0x00, 0x80, 0x80, 0x80, 0xC4, 0xC7, 0xFF, 0xFF, 0xFF, 0xC1, 0x40,
        0x00, 0x00, 0x00, 0x80, 0xC0, 0xC0, 0xEE, 0xFC, 0x00, 0x01, 0x01, 0x01, 0x01, 0x01, 0x01, 0x01,
        0x00, 0x00, 0x00, 0xFF, 0xFF, 0xFF, 0xFF, 0xFF, 0xFF, 0xFF, 0xFE, 0xFE, 0xFE, 0xFF, 0xFF, 0xFB,
        0xFF, 0xFF, 0xFF, 0xFF, 0xFF, 0xFF, 0xFF, 0xFF, 0xFF, 0xFF, 0xFF, 0xFF, 0xFE, 0x7E, 0x7E, 0xFE,
        0xFE, 0xFF, 0xFF, 0xFF, 0xFF, 0xFF, 0xFF, 0xFF, 0xFF, 0xFF, 0xFF, 0xFF, 0xFF, 0xFF, 0xFF, 0xFF,
        0xFE, 0xFF, 0xFF, 0xFF, 0xFF, 0xFF, 0x3F, 0x00, 0x00, 0x00, 0x00, 0x00, 0x00, 0x00, 0x00, 0x00
    },
    {
        0x00, 0x00, 0x00, 0x00, 0x00, 0x00, 0x00, 0x00, 0x00, 0x00, 0x00, 0x00, 0x00, 0x00, 0x00, 0x00,
        0x00, 0x00, 0x00, 0x00, 0x00, 0x00, 0x00, 0x00, 0x00, 0x00, 0x00, 0x00, 0x20, 0x40, 0x00, 0x00,
        0x00, 0x00, 0x00, 0x00, 0x00, 0x00, 0x00, 0x00, 0x00, 0x00, 0x00, 0x00, 0x00, 0x00, 0x00, 0x00,
        0x00, 0x00, 0x00, 0x00, 0x00, 0x00, 0x00, 0x00, 0x00, 0x00, 0x00, 0x00, 0x00, 0x00, 0x00, 0x00,
        0x00, 0x00, 0x00, 0x00, 0x00, 0xC0, 0xC0, 0xC0, 0xC0, 0xC0, 0x70, 0x38, 0x3C, 0x7C, 0xFC, 0xFC,
        0xF8, 0xF0, 0xF8, 0xF8, 0xFC, 0xF8, 0x00, 0x00, 0x00, 0x3C, 0x62, 0xC2, 0x89, 0xC1, 0x68, 0x10,
        0x10, 0x00, 0x00, 0x00, 0xC0, 0xFE, 0xFE, 0xFC, 0xFC, 0xFC, 0xFC, 0xFC, 0xF8, 0xF8, 0xF8, 0xF8,
        0xF0, 0xF0, 0xE0, 0xE0, 0xC0, 0xC0, 0x80, 0x00, 0x00, 0x00, 0x00, 0x00, 0x00, 0x00, 0x00, 0x00,
        0x00, 0x00, 0x00, 0x00, 0x00, 0x87, 0xEF, 0xF8, 0x88, 0x00, 0x80, 0xC0, 0xE0, 0xE2, 0xE3, 0xFF,
        0xFF, 0xFF, 0xFF, 0xFF, 0xFF, 0xFF, 0xFF, 0xF0, 0xF8, 0xF8, 0xF8, 0xF9, 0xFF, 0xF8, 0xF8, 0xF8,
        0xF8, 0xF8, 0xF8, 0xF8, 0xFF, 0xFF, 0xFF, 0xFF, 0xFF, 0xFF, 0xFF, 0xFF, 0xFF, 0xFF, 0xFF, 0xFF,
        0xFF, 0xFF, 0xFF, 0xFF, 0xFF, 0xFF, 0x7F, 0x3F, 0x0E, 0x00, 0x00, 0x00, 0x00, 0x00, 0x00, 0x00,
        0x00, 0x00, 0x00, 0x00, 0x00, 0x03, 0x07, 0x07, 0x7F, 0x7F, 0xFF, 0xFF, 0xFF, 0xFF, 0xFF, 0xFF,
        0xFF, 0xFF, 0xFF, 0xFF, 0xFF, 0xFF, 0xFF, 0xFF, 0xFF, 0xFF, 0x7F, 0x3F, 0xBF, 0xFF, 0xFF, 0xFF,
        0xFF, 0xFF, 0xFF, 0xFF, 0xFF, 0xFF, 0xFF, 0xFF, 0xFF, 0xFF, 0xFF, 0xFF, 0xFF, 0xFF, 0xFF, 0xFF,
        0xFF, 0x3F, 0x1F, 0x1F, 0x3F, 0x3F, 0x3E, 0x3C, 0x38, 0x20, 0x00, 0x00, 0x00, 0x00, 0x00, 0x00,
        0x00, 0x00, 0x00, 0x00, 0x00, 0x00, 0x00, 0x00, 0xC0, 0xE8, 0xF8, 0x02, 0x03, 0x03, 0x03, 0x02,
        0x03, 0x07, 0x3F, 0x3F, 0x1F, 0x8F, 0xEF, 0xFF, 0x7F, 0xFF, 0xFE, 0xFE, 0xFF, 0xFF, 0xFF, 0xFF,
        0xFF, 0x7F, 0x3F, 0x1F, 0x07, 0x87, 0x01, 0x03, 0x0F, 0x1F, 0x3F, 0x7F, 0xFF, 0xFF, 0xFF, 0x7F,
        0x1F, 0x80, 0xE0, 0x60, 0x20, 0x30, 0x78, 0xFE, 0xFC, 0xF0, 0xC0, 0x80, 0x00, 0x00, 0x00, 0x00,
        0x00, 0x00, 0x00, 0x40, 0x60, 0x70, 0x7C, 0x7F, 0x1F, 0x03, 0x01, 0x00, 0x00, 0x04, 0x1F, 0x8A,
        0xFE, 0x00, 0x00, 0x00, 0x36, 0x03, 0x03, 0x37, 0x0E, 0x03, 0x03, 0x03, 0x01, 0x01, 0x01, 0x00,
        0x00, 0x00, 0x3E, 0x03, 0x03, 0x03, 0x27, 0x3E, 0x00, 0x00, 0x00, 0x80, 0xE8, 0xFF, 0xFF, 0x70,
        0x00, 0x01, 0x01, 0x00, 0x00, 0x00, 0x00, 0xFF, 0xFF, 0xFF, 0xFF, 0xFF, 0xFE, 0xFC, 0xF8, 0xF0,
        0x00, 0x00, 0x00, 0x00, 0xF0, 0xFC, 0xFE, 0xFF, 0xB8, 0x80, 0x00, 0x00, 0x00, 0x00, 0x03, 0x1F,
        0xFD, 0xF0, 0xE0, 0xC0, 0xC0, 0x80, 0x80, 0x00, 0x00, 0x00, 0x00, 0x00, 0x00, 0x00, 0x00, 0x00,
        0x00, 0x00, 0x00, 0x00, 0x00, 0x00, 0x80, 0x80, 0x00, 0x80, 0xC6, 0xFF, 0xFF, 0xFF, 0xFF, 0x7F,
        0x00, 0x00, 0x00, 0x80, 0xC0, 0xC0, 0xE0, 0xE0, 0x00, 0x00, 0x00, 0x00, 0x00, 0x00, 0x00, 0x00,
        0x00, 0x00, 0x00, 0x07, 0xFF, 0xFF, 0xFF, 0xFF, 0xFF, 0xFE, 0xFE, 0xFF, 0xFF, 0xFE, 0xFE, 0xFC,
        0xFF, 0xFF, 0xFF, 0xFF, 0xFF, 0xFF, 0xFF, 0xFF, 0xFF, 0xFF, 0xFF, 0xFF, 0xFF, 0x7E, 0x7E, 0xFE,
        0xFF, 0xFF, 0xFF, 0xFF, 0xFF, 0xFF, 0xFF, 0xFF, 0xFF, 0xFF, 0xFF, 0xFF, 0xFF, 0xFF, 0xFF, 0xFF,
        0xFE, 0xFF, 0xFF, 0xFF, 0xFF, 0xFF, 0xFF, 0x1F, 0x00, 0x00, 0x00, 0x00, 0x00, 0x00, 0x00, 0x00
    },
    {
        0x00, 0x00, 0x00, 0x00, 0x00, 0x00, 0x00, 0x00, 0x00, 0x00, 0x00, 0x00, 0x00, 0x00, 0x00, 0x00,
        0x00, 0x00, 0x00, 0x00, 0x00, 0x00, 0x00, 0x00, 0x00, 0x00, 0x00, 0x20, 0x20, 0x00, 0x00, 0x00,
        0x00, 0x00, 0x00, 0x00, 0x00, 0x00, 0x00, 0x00, 0x00, 0x00, 0x00, 0x00, 0x00, 0x00, 0x00, 0x00,
        0x00, 0x00, 0x00, 0x00, 0x00, 0x00, 0x00, 0x00, 0x00, 0x00, 0x00, 0x00, 0x00, 0x00, 0x00, 0x00,
        0x00, 0x00, 0x00, 0x00, 0x00, 0xC0, 0xE0, 0x60, 0xC0, 0xC0, 0x30, 0x38, 0x3C, 0x7C, 0xFC, 0xFC,
        0xF8, 0xF8, 0xF8, 0xF8, 0xFC, 0xF4, 0x00, 0x00, 0x1C, 0x34, 0x62, 0xC3, 0x99, 0x41, 0x18, 0x18,
        0x00, 0x00, 0x00, 0x00, 0xE0, 0xFE, 0xFE, 0xFE, 0xFE, 0xFC, 0xFC, 0xFC, 0xFC, 0xF8, 0xF8, 0xF8,
        0xF0, 0xF0, 0xE0, 0xE0, 0xC0, 0xC0, 0x80, 0x00, 0x00, 0x00, 0x00, 0x00, 0x00, 0x00, 0x00, 0x00,
        0x00, 0x00, 0x00, 0x00, 0x01, 0xC7, 0xE7, 0xFC, 0x88, 0x80, 0x80, 0xE0, 0xE0, 0xE3, 0xE3, 0xFF,
        0xFF, 0xFF, 0xFF, 0xFF, 0xFF, 0xFF, 0xFE, 0xF8, 0xF8, 0xF8, 0xF8, 0xF8, 0xFB, 0xF8, 0xF8, 0xF8,
        0xF8, 0xF8, 0xF8, 0xFC, 0xFF, 0xFF, 0xFF, 0xFF, 0xFF, 0xFF, 0xFF, 0xFF, 0xFF, 0xFF, 0xFF, 0xFF,
        0xFF, 0xFF, 0xFF, 0xFF, 0xFF, 0xFF, 0x7F, 0x1F, 0x0E, 0x00, 0x00, 0x00, 0x00, 0x00, 0x00, 0x00,
        0x00, 0x00, 0x00, 0x00, 0x00, 0x03, 0x07, 0x27, 0x7F, 0x7F, 0xFF, 0xFF, 0xFF, 0xFF, 0xFF, 0xFF,
        0xFF, 0xFF, 0xFF, 0xFF, 0xFF, 0xFF, 0xFF, 0xFF, 0xFF, 0xFF, 0x7F, 0x3F, 0xFF, 0xFF, 0xFF, 0xFF,
        0xFF, 0xFF, 0xFF, 0xFF, 0xFF, 0xFF, 0xFF, 0xFF, 0xFF, 0xFF, 0xFF, 0xFF, 0xFF, 0xFF, 0xFF, 0xFF,
        0xFF, 0x3F, 0x1F, 0x1F, 0x1F, 0x1F, 0x3E, 0x3C, 0x38, 0x00, 0x00, 0x00, 0x00, 0x00, 0x00, 0x00,
        0x00, 0x00, 0x00, 0x00, 0x00, 0x00, 0x00, 0x00, 0xC0, 0xE4, 0x1C, 0x02, 0x03, 0x03, 0x03, 0x02,
        0x03, 0x67, 0x3F, 0x1F, 0x1F, 0x8F, 0xE7, 0xFF, 0x7F, 0xFF, 0xFE, 0xFE, 0xFF, 0xFF, 0xFF, 0xFF,
        0xFF, 0x7F, 0x3F, 0x9F, 0x87, 0x83, 0x03, 0x03, 0x0F, 0x1F, 0x3F, 0x7F, 0x7F, 0x7F, 0x1F, 0x0F,
        0xE0, 0xF0, 0x70, 0x00, 0x10, 0x38, 0xFC, 0xFC, 0xF4, 0xE0, 0xC0, 0x80, 0x00, 0x00, 0x00, 0x00,
        0x00, 0x00, 0x00, 0x00, 0x60, 0x70, 0x7C, 0x0F, 0x01, 0x01, 0x00, 0x00, 0x03, 0x0F, 0x80, 0xEF,
        0xFE, 0x00, 0x00, 0x00, 0x06, 0x03, 0x03, 0x37, 0x02, 0x03, 0x03, 0x03, 0x01, 0x01, 0x01, 0x00,
        0x00, 0x00, 0x3F, 0x03, 0x01, 0x03, 0x37, 0x1E, 0x00, 0x00, 0x00, 0x00, 0xF0, 0xFF, 0xF0, 0x00,
        0x00, 0x00, 0x00, 0x00, 0x00, 0x00, 0x7B, 0xFF, 0xFF, 0xFF, 0xFF, 0xFF, 0xFF, 0xFC, 0xF8, 0xF0,
        0x00, 0x00, 0x00, 0xC0, 0xF8, 0xFE, 0xFF, 0xFC, 0xC0, 0x00, 0x00, 0x00, 0x00, 0x01, 0x01, 0x0F,
        0xBD, 0xF0, 0xE0, 0xC0, 0xC0, 0x80, 0x80, 0x80, 0x00, 0x00, 0x00, 0x00, 0x00, 0x00, 0x00, 0x00,
        0x00, 0x00, 0x00, 0x00, 0x00, 0x80, 0x80, 0x80, 0x00, 0x00, 0xCE, 0xFF, 0xFF, 0xFF, 0xFF, 0x04,
        0x00, 0x80, 0xC0, 0xC0, 0xF0, 0xF0, 0xF0, 0x80, 0x00, 0x00, 0x00, 0x00, 0x00, 0x00, 0x00, 0x00,
        0x00, 0x00, 0x00, 0x03, 0x1F, 0x7F, 0xFF, 0xFF, 0xFF, 0xFE, 0xFE, 0xFF, 0xFF, 0xFF, 0xFF, 0xFC,
        0xFF, 0xFF, 0xFF, 0xFF, 0xFF, 0xFF, 0xFF, 0xFF, 0xFF, 0xFF, 0xFF, 0xFF, 0xFF, 0x7F, 0x7F, 0xFF,
        0xFF, 0xFF, 0xFF, 0xFF, 0xFF, 0xFF, 0xFF, 0xFF, 0xFF, 0xFF, 0xFF, 0xFF, 0xFF, 0xFF, 0xFF, 0xFF,
        0xFF, 0xFF, 0xFF, 0xFF, 0xFF, 0xFF, 0xFF, 0xFF, 0x00, 0x00, 0x00, 0x00, 0x00, 0x00, 0x00, 0x00
    },
    {
        0x00, 0x00, 0x00, 0x00, 0x00, 0x00, 0x00, 0x00, 0x00, 0x00, 0x00, 0x00, 0x00, 0x00, 0x00, 0x00,
        0x00, 0x00, 0x00, 0x00, 0x00, 0x00, 0x00, 0x00, 0x00, 0x00, 0x00, 0x20, 0x00, 0x00, 0x00, 0x00,
        0x00, 0x00, 0x00, 0x00, 0x00, 0x00, 0x00, 0x00, 0x00, 0x00, 0x00, 0x00, 0x00, 0x00, 0x00, 0x00,
        0x00, 0x00, 0x00, 0x00, 0x00, 0x00, 0x00, 0x00, 0x00, 0x00, 0x00, 0x00, 0x00, 0x00, 0x00, 0x00,
        0x00, 0x00, 0x00, 0x00, 0xC0, 0xE0, 0xE0, 0x60, 0x60, 0xE0, 0x38, 0x3C, 0x3E, 0xFE, 0xFE, 0xFC,
        0xF8, 0xF8, 0xFC, 0xFC, 0xFC, 0xE8, 0x00, 0x00, 0x1C, 0x36, 0x62, 0xC9, 0x8D, 0x61, 0x1C, 0x08,
        0x00, 0x00, 0x00, 0x00, 0xF8, 0xFE, 0xFE, 0xFE, 0xFE, 0xFE, 0xFC, 0xFC, 0xFC, 0xFC, 0xF8, 0xF8,
        0xF0, 0xF0, 0xF0, 0xE0, 0xC0, 0xC0, 0x80, 0x00, 0x00, 0x00, 0x00, 0x00, 0x00, 0x00, 0x00, 0x00,
        0x00, 0x00, 0x00, 0x00, 0x83, 0xE7, 0xF6, 0xDC, 0x80, 0x80, 0xC0, 0xF0, 0xE0, 0xE3, 0xF3, 0xFF,
        0xFF, 0xFF, 0xFF, 0xFF, 0xFF, 0xFF, 0xF8, 0xF8, 0xF8, 0xF8, 0xFC, 0xFC, 0xFD, 0xF8, 0xF8, 0xF8,
        0xF8, 0xFC, 0xF8, 0xFE, 0xFF, 0xFF, 0xFF, 0xFF, 0xFF, 0xFF, 0xFF, 0xFF, 0xFF, 0xFF, 0xFF, 0xFF,
        0xFF, 0xFF, 0xFF, 0xFF, 0xFF, 0xFF, 0x3F, 0x1F, 0x06, 0x00, 0x00, 0x00, 0x00, 0x00, 0x00, 0x00,
        0x00, 0x00, 0x00, 0x00, 0x01, 0x03, 0x07, 0x37, 0x3F, 0x7F, 0xFF, 0xFF, 0xFF, 0xFF, 0xFF, 0xFF,
        0xFF, 0xFF, 0xFF, 0xFF, 0xFF, 0xFF, 0xFF, 0xFF, 0xFF, 0xFF, 0x3F, 0x1F, 0xFF, 0xFF, 0xFF, 0xFF,
        0xFF, 0xFF, 0xFF, 0xFF, 0xFF, 0xFF, 0xFF, 0xFF, 0xFF, 0xFF, 0xFF, 0xFF, 0xFF, 0xFF, 0xFF, 0x7F,
        0x3F, 0x0F, 0x0F, 0x0F, 0x1F, 0x1F, 0x3E, 0x3C, 0x30, 0x00, 0x00, 0x00, 0x00, 0x00, 0x00, 0x00,
        0x00, 0x00, 0x00, 0x00, 0x00, 0x00, 0x00, 0x80, 0x00, 0x06, 0x81, 0x81, 0x01, 0x83, 0xC3, 0xE3,
        0x37, 0x3F, 0x1F, 0x1F, 0x0F, 0x8F, 0xE7, 0xFF, 0x7F, 0xFF, 0xFE, 0xFF, 0xFF, 0xFF, 0xFF, 0xFF,
        0x7F, 0x7F, 0x3F, 0x9F, 0x87, 0x83, 0x03, 0x03, 0x0F, 0x1F, 0x3F, 0x3F, 0x1F, 0x07, 0x71, 0x3C,
        0x3C, 0x08, 0x00, 0x08, 0x7C, 0xFC, 0xFE, 0xFE, 0xF0, 0xF0, 0xC0, 0x80, 0x00, 0x00, 0x00, 0x00,
        0x00, 0x00, 0x00, 0x00, 0x60, 0x20, 0x00, 0x00, 0x00, 0x00, 0x03, 0x0F, 0xC4, 0xF3, 0xFF, 0xFF,
        0x74, 0x00, 0x00, 0x1C, 0x03, 0x01, 0x03, 0x1F, 0x00, 0x03, 0x03, 0x01, 0x01, 0x01, 0x01, 0x00,
        0x00, 0x04, 0x13, 0x03, 0x01, 0x03, 0x3F, 0x0C, 0x00, 0x00, 0xC0, 0xE0, 0xF0, 0xC0, 0x00, 0x00,
        0x00, 0x00, 0x00, 0x00, 0x0F, 0x1F, 0x3F, 0x3F, 0x7F, 0x7F, 0xFF, 0xFF, 0xFF, 0xFE, 0xFC, 0x78,
        0x00, 0x00, 0x00, 0xF8, 0xFF, 0xFF, 0xFC, 0xE0, 0x00, 0x00, 0x00, 0x80, 0x80, 0x81, 0x83, 0x07,
        0xDC, 0xF0, 0xE0, 0xC0, 0xC0, 0xC0, 0x80, 0x80, 0x80, 0x00, 0x00, 0x00, 0x00, 0x00, 0x00, 0x00,
        0x00, 0x00, 0x00, 0x80, 0x80, 0x80, 0x80, 0x80, 0x80, 0x0E, 0xFF, 0xFF, 0xFF, 0xFF, 0x80, 0xC0,
        0xC0, 0xE0, 0xF0, 0xFC, 0xFC, 0xFC, 0xE0, 0x00, 0x00, 0x00, 0x00, 0x00, 0x00, 0x00, 0x00, 0x00,
        0x00, 0x00, 0x00, 0x03, 0x0F, 0x3F, 0x7F, 0xFF, 0xFF, 0xFE, 0xFF, 0xFF, 0xFF, 0xFF, 0xFF, 0xFE,
        0xFF, 0xFF, 0xFF, 0xFF, 0xFF, 0xFF, 0xFF, 0xFF, 0xFF, 0xFF, 0xFF, 0xFF, 0x7F, 0x3F, 0x7F, 0xFF,
        0xFF, 0xFF, 0xFF, 0xFF, 0xFF, 0xFF, 0xFF, 0xFF, 0xFF, 0xFF, 0xFF, 0xFF, 0xFF, 0xFF, 0xFF, 0xFF,
        0xFF, 0xFF, 0xFF, 0xFF, 0xFF, 0xFF, 0xFF, 0xFE, 0xC0, 0x00, 0x00, 0x00, 0x00, 0x00, 0x00, 0x00
    },
    {
        0x00, 0x00, 0x00, 0x00, 0x00, 0x00, 0x00, 0x00, 0x00, 0x00, 0x00, 0x00, 0x00, 0x00, 0x00, 0x00,
        0x00, 0x00, 0x00, 0x00, 0x00, 0x00, 0x00, 0x00, 0x00, 0x00, 0x00, 0x10, 0x80, 0x00, 0x00, 0x00,
        0x00, 0x00, 0x00, 0x00, 0x00, 0x00, 0x00, 0x00, 0x00, 0x00, 0x00, 0x00, 0x00, 0x00, 0x00, 0x00,
        0x00, 0x00, 0x00, 0x00, 0x00, 0x00, 0x00, 0x00, 0x00, 0x00, 0x00, 0x00, 0x00, 0x00, 0x00, 0x00,
        0x00, 0x00, 0x00, 0x00, 0xC0, 0xE0, 0x60, 0x60, 0x60, 0x70, 0x1C, 0x1E, 0x3E, 0xFE, 0xFE, 0xFC,
        0xF8, 0xFC, 0xFC, 0xFC, 0xFC, 0xE0, 0x00, 0x08, 0x1E, 0x32, 0x61, 0xCD, 0xC5, 0x2C, 0x08, 0x08,
        0x00, 0x00, 0x00, 0x80, 0xFE, 0xFE, 0xFE, 0xFE, 0xFE, 0xFE, 0xFE, 0xFC, 0xFC, 0xFC, 0xF8, 0xF8,
        0xF8, 0xF0, 0xF0, 0xE0, 0xE0, 0xC0, 0x80, 0x00, 0x00, 0x00, 0x00, 0x00, 0x00, 0x00, 0x00, 0x00,
        0x00, 0x00, 0x00, 0x00, 0xC3, 0xE7, 0xFE, 0xCC, 0x80, 0x80, 0xC0, 0xF0, 0xF0, 0xF3, 0xF3, 0xFF,
        0xFF, 0xFF, 0xFF, 0xFF, 0xFF, 0xFF, 0xF8, 0xF8, 0xFC, 0xF8, 0xFC, 0xFD, 0xFC, 0xFC, 0xFC, 0xFC,
        0xFC, 0xFC, 0xFC, 0xFF, 0xFF, 0xFF, 0xFF, 0xFF, 0xFF, 0xFF, 0xFF, 0xFF, 0xFF, 0xFF, 0xFF, 0xFF,
        0xFF, 0xFF, 0xFF, 0xFF, 0xFF, 0xFF, 0x3F, 0x0F, 0x00, 0x00, 0x00, 0x00, 0x00, 0x00, 0x00, 0x00,
        0x00, 0x00, 0x00, 0x00, 0x01, 0x03, 0x07, 0x3F, 0x3F, 0x3F, 0x7F, 0xFF, 0xFF, 0xFF, 0x7F, 0xFF,
        0xFF, 0xFF, 0xFF, 0xFF, 0xFF, 0xFF, 0xFF, 0xFF, 0xFF, 0xFF, 0x1F, 0x1F, 0xFF, 0xFF, 0xFF, 0xFF,
        0xFF, 0xFF, 0xFF, 0xFF, 0xFF, 0xFF, 0xFF, 0xFF, 0xFF, 0xFF, 0xFF, 0xFF, 0xFF, 0x3F, 0x1F, 0x0F,
        0x07, 0x07, 0x0F, 0x0F, 0x1F, 0x1F, 0x3E, 0x1C, 0x10, 0x00, 0x00, 0x00, 0x00, 0x00, 0x00, 0x00,
        0x00, 0x00, 0x00, 0x00, 0x00, 0x00, 0x00, 0x00, 0x80, 0x81, 0x01, 0x81, 0xC3, 0xF3, 0xFB, 0xFF,
        0x3F, 0x1F, 0x1F, 0x0F, 0x87, 0x87, 0xFB, 0x7F, 0x7F, 0xFF, 0xFE, 0xFF, 0xFF, 0xFF, 0xFF, 0xFF,
        0x7F, 0x3F, 0x9F, 0x8F, 0x83, 0x81, 0x03, 0x07, 0x0F, 0x1F, 0x0F, 0x03, 0x10, 0x3E, 0x0E, 0x00,
        0x00, 0x0C, 0x3C, 0xFE, 0xFE, 0xFF, 0xFF, 0xFE, 0xF0, 0xF0, 0xC0, 0x80, 0x00, 0x00, 0x00, 0x00,
        0x00, 0x00, 0x00, 0x00, 0x00, 0x00, 0x00, 0x00, 0x03, 0x07, 0x04, 0xF3, 0xFF, 0xFF, 0xFF, 0xFF,
        0x70, 0x00, 0x00, 0x1E, 0x03, 0x01, 0x03, 0x0F, 0x01, 0x03, 0x03, 0x01, 0x01, 0x01, 0x00, 0x00,
        0x00, 0x1F, 0x03, 0x01, 0x01, 0x03, 0x1F, 0x00, 0xC0, 0xF0, 0xF8, 0xF8, 0x80, 0x00, 0x00, 0x00,
        0x00, 0x00, 0x04, 0x0F, 0x0F, 0x1F, 0x1F, 0x7F, 0x7F, 0x7F, 0xFF, 0xFF, 0xFF, 0x7E, 0x7C, 0x78,
        0x00, 0x00, 0xF8, 0xFF, 0xFF, 0xFC, 0xE0, 0x80, 0x00, 0x00, 0x80, 0xC0, 0x81, 0xC3, 0x87, 0x0F,
        0xF8, 0xF0, 0xE0, 0xC0, 0xC0, 0xC0, 0x80, 0x80, 0x80, 0x80, 0x80, 0x00, 0x00, 0x00, 0x00, 0x00,
        0x00, 0x80, 0x80, 0x80, 0x80, 0x80, 0xC0, 0x80, 0x87, 0xBF, 0xFF, 0xFF, 0xFF, 0xC0, 0xE0, 0xE0,
        0xF0, 0xF8, 0xFE, 0xFF, 0xFF, 0xF8, 0xC0, 0x00, 0x00, 0x00, 0x00, 0x00, 0x00, 0x00, 0x00, 0x00,
        0x00, 0x00, 0x00, 0x07, 0x0F, 0x3F, 0x3F, 0xFF, 0xFE, 0xFF, 0xFF, 0xFF, 0xFF, 0xFF, 0xFF, 0xFF,
        0xFF, 0xFF, 0xFF, 0xFF, 0xFF, 0xFF, 0xFF, 0xFF, 0xFF, 0xFF, 0xFF, 0xFF, 0x7F, 0x3F, 0xFF, 0xFF,
        0xFF, 0xFF, 0xFF, 0xFF, 0xFF, 0xFF, 0xFF, 0xFF, 0xFF, 0xFF, 0xFF, 0xFF, 0xFF, 0xFF, 0xFF, 0xFF,
        0xFF, 0xFF, 0xFF, 0xFF, 0xFF, 0xFF, 0xFF, 0xFC, 0x80, 0x00, 0x00, 0x00, 0x00, 0x00, 0x00, 0x00
    },
    {
        0x00, 0x00, 0x00, 0x00, 0x00, 0x00, 0x00, 0x00, 0x00, 0x00, 0x00, 0x00, 0x00, 0x00, 0x00, 0x00,
        0x00, 0x00, 0x00, 0x00, 0x00, 0x00, 0x00, 0x00, 0x00, 0x00, 0x00, 0x90, 0x80, 0x00, 0x00, 0x00,
        0x00, 0x00, 0x00, 0x00, 0x00, 0x00, 0x00, 0x00, 0x00, 0x00, 0x00, 0x00, 0x00, 0x00, 0x00, 0x00,
        0x00, 0x00, 0x00, 0x00, 0x00, 0x00, 0x00, 0x00, 0x00, 0x00, 0x00, 0x00, 0x00, 0x00, 0x00, 0x00,
        0x00, 0x00, 0x00, 0x00, 0xE0, 0xF0, 0x70, 0x60, 0x60, 0x38, 0x1E, 0x1E, 0x7E, 0xFE, 0xFE, 0xFC,
        0xFC, 0xFC, 0xFC, 0xFE, 0xF4, 0x00, 0x00, 0x0C, 0x1B, 0x31, 0xC9, 0xC4, 0x64, 0x1C, 0x08, 0x00,
        0x00, 0x00, 0x00, 0xF0, 0xFF, 0xFF, 0xFF, 0xFE, 0xFE, 0xFE, 0xFE, 0xFE, 0xFC, 0xFC, 0xF8, 0xF8,
        0xF8, 0xF0, 0xF0, 0xE0, 0xE0, 0xC0, 0x80, 0x00, 0x00, 0x00, 0x00, 0x00, 0x00, 0x00, 0x00, 0x00,
        0x00, 0x00, 0x00, 0x00, 0xE3, 0xF7, 0xFE, 0xC0, 0xC0, 0xC0, 0xF0, 0xF0, 0xF1, 0xF3, 0xFF, 0xFF,
        0xFF, 0xFF, 0xFF, 0xFF, 0xFF, 0xFE, 0xFC, 0xFC, 0xFC, 0xFC, 0xFC, 0xFF, 0xFC, 0xFC, 0xFC, 0xFC,
        0xFC, 0xFC, 0xFC, 0xFF, 0xFF, 0xFF, 0xFF, 0xFF, 0xFF, 0xFF, 0xFF, 0xFF, 0xFF, 0xFF, 0xFF, 0xFF,
        0xFF, 0xFF, 0xFF, 0xFF, 0xFF, 0x3F, 0x0F, 0x07, 0x00, 0x00, 0x00, 0x00, 0x00, 0x00, 0x00, 0x00,
        0x00, 0x00, 0x00, 0x00, 0x01, 0x03, 0x13, 0x3F, 0x3F, 0x7F, 0x7F, 0xFF, 0xFF, 0xFF, 0x7F, 0xFF,
        0xFF, 0xFF, 0xFF, 0xFF, 0xFF, 0xFF, 0xFF, 0xFF, 0xFF, 0x3F, 0x1F, 0xFF, 0xFF, 0xFF, 0xFF, 0xFF,
        0xFF, 0xFF, 0xFF, 0xFF, 0xFF, 0xFF, 0xFF, 0xFF, 0xFF, 0x7F, 0x1F, 0x07, 0x03, 0x07, 0x07, 0x07,
        0x0F, 0x8F, 0xDF, 0xFF, 0xFF, 0xFF, 0x1E, 0x18, 0x00, 0x00, 0x00, 0x00, 0x00, 0x00, 0x00, 0x00,
        0x00, 0x00, 0x00, 0x00, 0x00, 0x00, 0x00, 0x00, 0x02, 0xC2, 0xF6, 0xFF, 0xFF, 0xFF, 0xFF, 0xBF,
        0x1F, 0x1F, 0x0F, 0x0F, 0x07, 0x63, 0x7F, 0x3F, 0xBF, 0xFF, 0xFF, 0xFF, 0xFF, 0xFF, 0x7F, 0x7F,
        0x3F, 0x1F, 0x0F, 0x03, 0x00, 0x00, 0x01, 0x03, 0x01, 0x18, 0x1E, 0x0E, 0x02, 0x02, 0x06, 0x1F,
        0xFF, 0xFF, 0xF8, 0xFF, 0xFF, 0xFF, 0xFF, 0xF8, 0xF8, 0xE0, 0xC0, 0x00, 0x00, 0x00, 0x00, 0x00,
        0x00, 0x00, 0x00, 0x00, 0x00, 0x00, 0x07, 0x0E, 0x05, 0x87, 0x1F, 0x7F, 0xFF, 0xFF, 0xFF, 0xFE,
        0x00, 0x00, 0x00, 0x00, 0x00, 0x00, 0x18, 0x01, 0x01, 0x01, 0x01, 0x01, 0x00, 0x00, 0x00, 0x00,
        0x00, 0x10, 0x00, 0x00, 0x00, 0x10, 0x90, 0xF8, 0xFC, 0xC0, 0x00, 0x00, 0x00, 0x00, 0x00, 0x00,
        0x07, 0x0F, 0x1F, 0x1F, 0x3F, 0x3F, 0x7F, 0x7F, 0x7F, 0x7F, 0x7F, 0x7F, 0x7F, 0x7C, 0x78, 0x70,
        0x00, 0x00, 0xFC, 0xFC, 0xF0, 0xC0, 0x80, 0x00, 0x00, 0x01, 0x81, 0x80, 0x81, 0x87, 0x0F, 0xFF,
        0xF8, 0xF0, 0xE0, 0xE0, 0xC0, 0xC0, 0x80, 0x80, 0x80, 0x80, 0x80, 0x80, 0x00, 0x80, 0x80, 0x80,
        0x80, 0x80, 0x80, 0x80, 0xC0, 0xC0, 0xC3, 0x8F, 0xFF, 0xFF, 0xFF, 0xF0, 0xC0, 0xE0, 0xF0, 0xF8,
        0xFF, 0xFF, 0xFF, 0xFE, 0xF8, 0xC0, 0x00, 0x00, 0x00, 0x00, 0x00, 0x00, 0x00, 0x00, 0x00, 0x00,
        0x00, 0x00, 0x07, 0x1F, 0x3F, 0x7F, 0xFF, 0xFE, 0xFC, 0xFE, 0xFF, 0xFF, 0xFF, 0xFF, 0xFF, 0xFF,
        0xFF, 0xFF, 0xFF, 0xFF, 0xFF, 0xFF, 0xFF, 0xFF, 0xFF, 0xFF, 0xFF, 0xFF, 0x3F, 0x3F, 0xFF, 0xFF,
        0xFF, 0xFF, 0xFF, 0xFF, 0xFF, 0xFF, 0xFF, 0xFF, 0xFF, 0xFF, 0xFF, 0xFF, 0xFF, 0xFF, 0xFF, 0xFF,
        0xFF, 0xFF, 0xFF, 0xFF, 0xFF, 0xFF, 0xFE, 0xC0, 0x00, 0x00, 0x00, 0x00, 0x00, 0x00, 0x00, 0x00
    },
    {
        0x00, 0x00, 0x00, 0x00, 0x00, 0x00, 0x00, 0x00, 0x00, 0x00, 0x00, 0x00, 0x00, 0x00, 0x00, 0x00,
        0x00, 0x00, 0x00, 0x00, 0x00, 0x00, 0x00, 0x00, 0x00, 0x00, 0x10, 0x80, 0x00, 0x00, 0x00, 0x00,
        0x00, 0x00, 0x00, 0x00, 0x00, 0x00, 0x00, 0x00, 0x00, 0x00, 0x00, 0x00, 0x00, 0x00, 0x00, 0x00,
        0x00, 0x00, 0x00, 0x00, 0x00, 0x00, 0x00, 0x00, 0x00, 0x00, 0x00, 0x00, 0x00, 0x00, 0x00, 0x00,
        0x00, 0x00, 0x00, 0xC0, 0xE0, 0x60, 0x60, 0x60, 0xF0, 0x18, 0x1C, 0x3E, 0xFE, 0xFE, 0xFC, 0xF8,
        0xFC, 0xFC, 0xFC, 0xFC, 0xA0, 0x00, 0x00, 0x1E, 0x32, 0x61, 0xC9, 0xC5, 0x25, 0x18, 0x00, 0x00,
        0x00, 0x00, 0x00, 0xFE, 0xFE, 0xFE, 0xFE, 0xFE, 0xFE, 0xFE, 0xFC, 0xFC, 0xFC, 0xF8, 0xF8, 0xF8,
        0xF0, 0xF0, 0xE0, 0xE0, 0xC0, 0x80, 0x00, 0x00, 0x00, 0x00, 0x00, 0x00, 0x00, 0x00, 0x00, 0x00,
        0x00, 0x00, 0x00, 0xC3, 0xE7, 0xFE, 0xCC, 0x80, 0x80, 0xC0, 0xF0, 0xF0, 0xF3, 0xF3, 0xFF, 0xFF,
        0xFF, 0xFF, 0xFF, 0xFF, 0xFF, 0xF8, 0xF8, 0xFC, 0xF8, 0xFC, 0xFD, 0xFC, 0xFC, 0xFC, 0xFC, 0xFC,
        0xFC, 0xFC, 0xFF, 0xFF, 0xFF, 0xFF, 0xFF, 0xFF, 0xFF, 0xFF, 0xFF, 0xFF, 0xFF, 0xFF, 0xFF, 0xFF,
        0xFF, 0xFF, 0xFF, 0xFF, 0xFF, 0x3F, 0x0F, 0x00, 0x00, 0x00, 0x00, 0x00, 0x00, 0x00, 0x00, 0x00,
        0x00, 0x00, 0x00, 0x01, 0x03, 0x07, 0x3F, 0x3F, 0x3F, 0x7F, 0xFF, 0xFF, 0xFF, 0x7F, 0xFF, 0xFF,
        0xFF, 0xFF, 0xFF, 0xFF, 0xFF, 0xFF, 0xFF, 0xFF, 0xFF, 0x1F, 0x9F, 0xFF, 0xFF, 0xFF, 0xFF, 0xFF,
        0xFF, 0xFF, 0xFF, 0xFF, 0xFF, 0xFF, 0xFF, 0xFF, 0x1F, 0x1F, 0x1F, 0x1F, 0x1F, 0x1F, 0x3F, 0x3F,
        0xFF, 0xFF, 0xFF, 0xFF, 0xFF, 0xBE, 0x3C, 0x10, 0x00, 0x00, 0x00, 0x00, 0x00, 0x00, 0x00, 0x00,
        0x00, 0x00, 0x00, 0x00, 0x00, 0x00, 0x00, 0xF8, 0xF1, 0xF8, 0xFF, 0xFF, 0xFF, 0xFF, 0xFF, 0x3F,
        0x1F, 0x1F, 0x0F, 0x0F, 0x47, 0x7F, 0x7F, 0x7F, 0xFF, 0xFF, 0xFF, 0xFF, 0xFF, 0xFF, 0x7F, 0x7F,
        0x3F, 0x1F, 0x07, 0x07, 0x01, 0x03, 0x03, 0xC0, 0xF8, 0x78, 0x10, 0x00, 0x18, 0x7C, 0xFE, 0xFF,
        0xFF, 0xF8, 0xFF, 0xFF, 0xFF, 0xFF, 0xFE, 0xF0, 0xE0, 0xC0, 0x00, 0x00, 0x00, 0x00, 0x00, 0x00,
        0x00, 0x00, 0x00, 0x00, 0x08, 0x18, 0x38, 0x4F, 0x1F, 0x1F, 0x3F, 0xFF, 0xFF, 0xFF, 0xFF, 0x74,
        0x00, 0x00, 0x00, 0x00, 0x00, 0x00, 0x00, 0x01, 0x01, 0x01, 0x01, 0x01, 0x00, 0x00, 0x00, 0x00,
        0x00, 0x00, 0x00, 0x00, 0x00, 0x00, 0x80, 0x00, 0x00, 0x00, 0x00, 0x00, 0x00, 0x00, 0x1F, 0xFF,
        0xFF, 0xFF, 0xFF, 0x3F, 0x3F, 0x7F, 0x7F, 0x7F, 0xFF, 0xFF, 0xFF, 0xFE, 0xFC, 0xF8, 0x70, 0x60,
        0x00, 0xC0, 0xF0, 0xC0, 0x80, 0x00, 0x00, 0x00, 0x06, 0x0C, 0x00, 0x01, 0x03, 0x0F, 0x3F, 0xF8,
        0xF0, 0xE0, 0xE0, 0xC0, 0xC0, 0x80, 0x80, 0x80, 0x80, 0x80, 0x00, 0x00, 0x00, 0x00, 0x00, 0x00,
        0x80, 0x80, 0x80, 0x80, 0x80, 0xFF, 0xFF, 0xF8, 0xF0, 0xF0, 0xC0, 0x00, 0x00, 0xC0, 0xF0, 0xF8,
        0xFD, 0xFF, 0xFF, 0xF0, 0x00, 0x00, 0x00, 0x00, 0x00, 0x00, 0x00, 0x00, 0x00, 0x00, 0x00, 0x00,
        0x00, 0x03, 0x3F, 0x7F, 0xFF, 0xFF, 0xFC, 0xF8, 0xF0, 0xFC, 0xFC, 0xFE, 0xFE, 0xFE, 0xFC, 0xFF,
        0xFF, 0xFF, 0xFF, 0xFF, 0xFF, 0xFF, 0xFF, 0xFF, 0xFF, 0xFF, 0xFF, 0x7F, 0x3F, 0x7F, 0xFF, 0xFF,
        0xFF, 0xFF, 0xFF, 0xFF, 0xFF, 0xFF, 0xFF, 0xFF, 0xFF, 0xFF, 0xFF, 0xFF, 0xFF, 0xFF, 0xFF, 0xFF,
        0xFF, 0xFF, 0xFF, 0xFF, 0xFF, 0xE0, 0x00, 0x00, 0x00, 0x00, 0x00, 0x00, 0x00, 0x00, 0x00, 0x00
    },
    {
        0x00, 0x00, 0x00, 0x00, 0x00, 0x00, 0x00, 0x00, 0x00, 0x00, 0x00, 0x00, 0x00, 0x00, 0x00, 0x00,
        0x00, 0x00, 0x00, 0x00, 0x00, 0x00, 0x00, 0x00, 0x00, 0x00, 0x20, 0x00, 0x00, 0x00, 0x00, 0x00,
        0x00, 0x00, 0x00, 0x00, 0x00, 0x00, 0x00, 0x00, 0x00, 0x00, 0x00, 0x00, 0x00, 0x00, 0x00, 0x00,
        0x00, 0x00, 0x00, 0x00, 0x00, 0x00, 0x00, 0x00, 0x00, 0x00, 0x00, 0x00, 0x00, 0x00, 0x00, 0x00,
        0x00, 0x00, 0x00, 0xC0, 0xC0, 0xC0, 0xC0, 0xC0, 0xE0, 0x38, 0x3C, 0x7C, 0xFC, 0xFC, 0xFC, 0xF8,
        0xF8, 0xF8, 0xFC, 0xFC, 0xC0, 0x00, 0x00, 0x3C, 0x36, 0xC2, 0x89, 0x8D, 0x69, 0x18, 0x00, 0x00,
        0x00, 0x00, 0x00, 0xFA, 0xFE, 0xFE, 0xFE, 0xFC, 0xFC, 0xFC, 0xFC, 0xF8, 0xF8, 0xF8, 0xF0, 0xF0,
        0xF0, 0xE0, 0xC0, 0xC0, 0x80, 0x80, 0x00, 0x00, 0x00, 0x00, 0x00, 0x00, 0x00, 0x00, 0x00, 0x00,
        0x00, 0x00, 0x00, 0x87, 0xE7, 0xFC, 0x88, 0x80, 0x80, 0xC0, 0xE0, 0xE2, 0xE3, 0xF7, 0xFF, 0xFF,
        0xFF, 0xFF, 0xFF, 0xFF, 0xFF, 0xF8, 0xF8, 0xF8, 0xF8, 0xF8, 0xFB, 0xF9, 0xF8, 0xF8, 0xF8, 0xF8,
        0xF8, 0xF8, 0xFE, 0xFF, 0xFF, 0xFF, 0xFF, 0xFF, 0xFF, 0xFF, 0xFF, 0xFF, 0xFF, 0xFF, 0xFF, 0xFF,
        0xFF, 0xFF, 0xFF, 0xFF, 0xFF, 0x3F, 0x1F, 0x04, 0x00, 0x00, 0x00, 0x00, 0x00, 0x00, 0x00, 0x00,
        0x00, 0x00, 0x00, 0x03, 0x07, 0x07, 0x7F, 0x7F, 0x7F, 0xFF, 0xFF, 0xFF, 0xFF, 0xFF, 0xFF, 0xFF,
        0xFF, 0xFF, 0xFF, 0xFF, 0xFF, 0xFF, 0xFF, 0xFF, 0xFF, 0x3F, 0x3F, 0xFF, 0xFF, 0xFF, 0xFF, 0xFF,
        0xFF, 0xFF, 0xFF, 0xFF, 0xFF, 0xFF, 0xFF, 0xFF, 0xFF, 0xFF, 0x7F, 0xFF, 0xFF, 0xFF, 0xFF, 0xFF,
        0xFF, 0xFF, 0xFF, 0xFF, 0xFF, 0xBE, 0x38, 0x20, 0x00, 0x00, 0x00, 0x00, 0x00, 0x00, 0x00, 0x00,
        0x00, 0x00, 0x00, 0x00, 0x00, 0x00, 0xC0, 0xE0, 0xE1, 0xF8, 0xFF, 0xFF, 0xFF, 0xFE, 0xFF, 0x7F,
        0x3F, 0x3F, 0x1F, 0x0F, 0xC7, 0xFF, 0x7F, 0xFF, 0xFF, 0xFE, 0xFF, 0xFF, 0xFF, 0xFF, 0xFF, 0x7F,
        0x7F, 0x3F, 0x0F, 0x07, 0x01, 0x07, 0x07, 0x1F, 0x00, 0x80, 0x80, 0x80, 0x80, 0xE0, 0xF0, 0xFD,
        0xFF, 0xF8, 0xFF, 0xFF, 0xFF, 0xFF, 0xFC, 0xE0, 0xC0, 0x80, 0x00, 0x00, 0x00, 0x00, 0x00, 0x00,
        0x00, 0x00, 0x00, 0x00, 0x00, 0xE0, 0xEF, 0xBF, 0x3F, 0x1F, 0x7F, 0xFF, 0xFF, 0xFF, 0xFF, 0x68,
        0x00, 0x00, 0x00, 0x00, 0x00, 0x00, 0x00, 0x03, 0x03, 0x01, 0x03, 0x01, 0x01, 0x00, 0x00, 0x00,
        0x00, 0x00, 0x00, 0x00, 0x00, 0x00, 0x00, 0x00, 0x06, 0x07, 0x03, 0x00, 0x00, 0x01, 0xFF, 0xFF,
        0xFF, 0xFF, 0x7F, 0x7F, 0x7F, 0xFF, 0xFF, 0xFF, 0xFF, 0xFF, 0xFE, 0xFC, 0xF8, 0xF0, 0xE0, 0xC0,
        0x00, 0x00, 0x80, 0x00, 0x00, 0x00, 0x01, 0x01, 0x00, 0x30, 0x60, 0x83, 0x07, 0x1F, 0xFF, 0xF8,
        0xE0, 0xE0, 0xC0, 0xC0, 0x80, 0x80, 0x00, 0x00, 0x00, 0x00, 0x00, 0x00, 0x00, 0x00, 0x00, 0x00,
        0x00, 0x00, 0x00, 0x00, 0x80, 0x80, 0x00, 0x00, 0x00, 0x00, 0x00, 0x00, 0x00, 0x00, 0xE0, 0xFF,
        0xFF, 0xFF, 0xF8, 0x00, 0x00, 0x00, 0x00, 0x00, 0x00, 0x00, 0x00, 0x00, 0x00, 0x00, 0x00, 0x00,
        0x00, 0x00, 0x7F, 0xFF, 0xFF, 0xF8, 0xE0, 0xE0, 0xC0, 0xC0, 0xF0, 0xF0, 0xFB, 0xFC, 0xFF, 0xFF,
        0xFF, 0xFF, 0xFF, 0xFF, 0xFF, 0xFF, 0xFF, 0xFF, 0xFF, 0xFF, 0xFF, 0xFF, 0x7F, 0x7F, 0xFF, 0xFF,
        0xFF, 0xFF, 0xFF, 0xFF, 0xFF, 0xFF, 0xFF, 0xFF, 0xFF, 0xFF, 0xF8, 0xF8, 0xFC, 0xFF, 0xFF, 0xFF,
        0xFF, 0xFF, 0xFF, 0xFF, 0xF0, 0x00, 0x00, 0x00, 0x00, 0x00, 0x00, 0x00, 0x00, 0x00, 0x00, 0x00
    },
    {
        0x00, 0x00, 0x00, 0x00, 0x00, 0x00, 0x00, 0x00, 0x00, 0x00, 0x00, 0x00, 0x00, 0x00, 0x00, 0x00,
        0x00, 0x00, 0x00, 0x00, 0x00, 0x00, 0x00, 0x00, 0x00, 0x00, 0x00, 0x00, 0x00, 0x00, 0x00, 0x00,
        0x00, 0x00, 0x00, 0x00, 0x00, 0x00, 0x00, 0x00, 0x00, 0x00, 0x00, 0x00, 0x00, 0x00, 0x00, 0x00,
        0x00, 0x00, 0x00, 0x00, 0x00, 0x00, 0x00, 0x00, 0x00, 0x00, 0x00, 0x00, 0x00, 0x00, 0x00, 0x00,
        0x00, 0x00, 0x00, 0x00, 0xC0, 0xC0, 0xC0, 0xC0, 0x80, 0x70, 0x38, 0x7C, 0xFC, 0xFC, 0xF8, 0xF0,
        0xF0, 0xF8, 0xF8, 0xF8, 0xE0, 0x00, 0x00, 0x38, 0x6C, 0xC2, 0x92, 0x0B, 0x4B, 0x30, 0x10, 0x00,
        0x00, 0x00, 0x00, 0xE8, 0xFC, 0xFC, 0xFC, 0xFC, 0xFC, 0xFC, 0xF8, 0xF8, 0xF8, 0xF0, 0xF0, 0xF0,
        0xE0, 0xE0, 0xC0, 0xC0, 0x80, 0x00, 0x00, 0x00, 0x00, 0x00, 0x00, 0x00, 0x00, 0x00, 0x00, 0x00,
        0x00, 0x00, 0x00, 0x07, 0xCF, 0xED, 0x98, 0x00, 0x01, 0x80, 0xE0, 0xC0, 0xC7, 0xE7, 0xFF, 0xFF,
        0xFF, 0xFF, 0xFF, 0xFF, 0xFF, 0xF4, 0xF0, 0xF0, 0xF0, 0xF8, 0xFB, 0xFF, 0xF0, 0xF0, 0xF0, 0xF8,
        0xF8, 0xF0, 0xFC, 0xFF, 0xFF, 0xFF, 0xFF, 0xFF, 0xFF, 0xFF, 0xFF, 0xFF, 0xFF, 0xFF, 0xFF, 0xFF,
        0xFF, 0xFF, 0xFF, 0xFF, 0xFF, 0x7F, 0x3E, 0x0C, 0x00, 0x00, 0x00, 0x00, 0x00, 0x00, 0x00, 0x00,
        0x00, 0x00, 0x00, 0x00, 0x07, 0x07, 0x6F, 0x7F, 0x7F, 0xFF, 0xFF, 0xFF, 0xFF, 0xFF, 0xFF, 0xFF,
        0xFF, 0xFF, 0xFF, 0xFF, 0xFF, 0xFF, 0xFF, 0xFF, 0xFF, 0x3F, 0x3F, 0xFF, 0xFF, 0xFF, 0xFF, 0xFF,
        0xFF, 0xFF, 0xFF, 0xFF, 0xFF, 0xFF, 0xFF, 0xFF, 0xFF, 0xFF, 0xFF, 0xFF, 0xFF, 0xFF, 0xFF, 0xFF,
        0xFF, 0xFF, 0xFF, 0xFF, 0xFF, 0x7C, 0x78, 0x20, 0x00, 0x00, 0x00, 0x00, 0x00, 0x00, 0x00, 0x00,
        0x00, 0x00, 0x00, 0x00, 0x00, 0x00, 0x80, 0xF0, 0xE2, 0xF0, 0xFF, 0xFF, 0xFF, 0xFC, 0xFF, 0x7F,
        0x3F, 0x3F, 0x3F, 0x1F, 0xCF, 0xFF, 0xFF, 0xFF, 0xFF, 0xFE, 0xFE, 0xFF, 0xFF, 0xFF, 0xFF, 0xFF,
        0x7F, 0x3F, 0x1F, 0x0F, 0x03, 0x07, 0x07, 0x1F, 0x3F, 0x7F, 0x83, 0x01, 0x01, 0x01, 0x03, 0x03,
        0xC3, 0xFD, 0xF3, 0xFF, 0xFF, 0xFF, 0xFC, 0xD0, 0xC0, 0x00, 0x00, 0x00, 0x00, 0x00, 0x00, 0x00,
        0x00, 0x00, 0x60, 0x40, 0x00, 0x00, 0x01, 0x00, 0xC3, 0xDF, 0x7F, 0xFF, 0xFF, 0xFF, 0xFF, 0xF8,
        0x00, 0x00, 0x20, 0x00, 0x00, 0x00, 0x22, 0x03, 0x03, 0x03, 0x03, 0x01, 0x01, 0x01, 0x00, 0x00,
        0x00, 0x20, 0x00, 0x00, 0x00, 0x60, 0x00, 0x00, 0x00, 0x00, 0x00, 0x18, 0x1E, 0x0E, 0x02, 0x07,
        0x8F, 0xFF, 0xFF, 0x7F, 0xFF, 0xFF, 0xFF, 0xFF, 0xFF, 0xFF, 0xFE, 0xF8, 0xF0, 0xE0, 0xC0, 0x00,
        0x00, 0x00, 0x00, 0x00, 0x00, 0x00, 0x00, 0x00, 0x00, 0x03, 0x02, 0xC1, 0xCF, 0x1F, 0xFF, 0xF8,
        0xE0, 0xC0, 0xC0, 0x80, 0x80, 0x00, 0x00, 0x00, 0x00, 0x00, 0x00, 0x00, 0x00, 0x00, 0x00, 0x00,
        0x00, 0x00, 0x00, 0x00, 0x00, 0x00, 0x00, 0x00, 0x00, 0x00, 0x00, 0x00, 0x00, 0x00, 0x00, 0x80,
        0xFF, 0xFF, 0xC0, 0x00, 0x00, 0x00, 0x01, 0x01, 0x01, 0x01, 0x01, 0x01, 0x01, 0x01, 0x01, 0x01,
        0x00, 0x00, 0x00, 0x00, 0xFF, 0xFF, 0xC6, 0x80, 0xC0, 0x80, 0x00, 0xC0, 0xE1, 0xFF, 0xFF, 0xFF,
        0xFF, 0xFF, 0xFF, 0xFF, 0xFF, 0xFF, 0xFF, 0xFF, 0xFF, 0xFF, 0xFE, 0xFE, 0x7E, 0x7E, 0xFE, 0xFE,
        0xFE, 0xFF, 0xFF, 0xFF, 0xFF, 0xFE, 0xFE, 0xFC, 0xFC, 0xE0, 0xE0, 0xF0, 0xF0, 0xF8, 0xFC, 0xFF,
        0xFF, 0xFF, 0xFF, 0xF0, 0x00, 0x00, 0x00, 0x00, 0x00, 0x00, 0x00, 0x00, 0x00, 0x00, 0x00, 0x00
    },
    {
        0x00, 0x00, 0x00, 0x00, 0x00, 0x00, 0x00, 0x00, 0x00, 0x00, 0x00, 0x00, 0x00, 0x00, 0x00, 0x00,
        0x00, 0x00, 0x00, 0x00, 0x00, 0x00, 0x00, 0x00, 0x00, 0x00, 0x00, 0x40, 0x00, 0x00, 0x00, 0x00,
        0x00, 0x00, 0x00, 0x00, 0x00, 0x00, 0x00, 0x00, 0x00, 0x00, 0x00, 0x00, 0x00, 0x00, 0x00, 0x00,
        0x00, 0x00, 0x00, 0x00, 0x00, 0x00, 0x00, 0x00, 0x00, 0x00, 0x00, 0x00, 0x00, 0x00, 0x00, 0x00,
        0x00, 0x00, 0x00, 0x00, 0x80, 0xC0, 0x80, 0x80, 0x80, 0xE0, 0x78, 0x78, 0xF8, 0xF8, 0xF8, 0xF0,
        0xF0, 0xF0, 0xF8, 0xF8, 0xE8, 0x00, 0x00, 0x18, 0x7C, 0xC4, 0x92, 0x12, 0x03, 0x38, 0x30, 0x00,
        0x00, 0x00, 0x00, 0xC0, 0xFC, 0xFC, 0xFC, 0xFC, 0xFC, 0xF8, 0xF8, 0xF8, 0xF0, 0xF0, 0xF0, 0xE0,
        0xE0, 0xE0, 0xC0, 0x80, 0x80, 0x00, 0x00, 0x00, 0x00, 0x00, 0x00, 0x00, 0x00, 0x00, 0x00, 0x00,
        0x00, 0x00, 0x00, 0x03, 0x8F, 0xCF, 0xF8, 0x11, 0x01, 0x00, 0xC0, 0xC0, 0xC4, 0xC7, 0xFF, 0xFF,
        0xFF, 0xFF, 0xFF, 0xDF, 0xFF, 0xFC, 0xF0, 0xF0, 0xF0, 0xF0, 0xF1, 0xFF, 0xF1, 0xF0, 0xF0, 0xF8,
        0xF8, 0xF0, 0xF8, 0xFF, 0xFF, 0xFF, 0xFF, 0xFF, 0xFF, 0xFF, 0xFF, 0xFF, 0xFF, 0xFF, 0xFF, 0xFF,
        0xFF, 0xFF, 0xFF, 0xFF, 0xFF, 0xFF, 0x3E, 0x1C, 0x00, 0x00, 0x00, 0x00, 0x00, 0x00, 0x00, 0x00,
        0x00, 0x00, 0x00, 0x00, 0x07, 0x0F, 0x4F, 0xFF, 0xFF, 0xFF, 0xFF, 0xFF, 0xFF, 0xFF, 0xFF, 0xFF,
        0xFF, 0xFF, 0xFF, 0xFF, 0xFF, 0xFF, 0xFF, 0xFF, 0xFF, 0x7F, 0x3F, 0xFF, 0xFF, 0xFF, 0xFF, 0xFF,
        0xFF, 0xFF, 0xFF, 0xFF, 0xFF, 0xFF, 0xFF, 0xFF, 0xFF, 0xFF, 0xFF, 0xFF, 0xFF, 0xFF, 0xFF, 0xFF,
        0xFF, 0xFF, 0xFF, 0xFF, 0xFF, 0xFE, 0x78, 0x70, 0x00, 0x00, 0x00, 0x00, 0x00, 0x00, 0x00, 0x00,
        0x00, 0x00, 0x00, 0x00, 0x00, 0x00, 0x80, 0xC0, 0xE4, 0xE1, 0xF9, 0xFF, 0xFF, 0xFF, 0xFC, 0xFF,
        0x7F, 0x3F, 0x3F, 0x1F, 0x9F, 0xFF, 0xFF, 0xFF, 0xFF, 0xFC, 0xFE, 0xFF, 0xFF, 0xFF, 0xFF, 0xFF,
        0x7F, 0x3F, 0x1F, 0x0F, 0x03, 0x03, 0x0F, 0x1F, 0x3F, 0x7F, 0xFF, 0xE3, 0x03, 0x03, 0x03, 0x03,
        0x03, 0x03, 0xFD, 0xFF, 0xFF, 0xFF, 0xFC, 0xD0, 0xC0, 0x00, 0x00, 0x00, 0x00, 0x00, 0x00, 0x00,
        0x00, 0x40, 0x60, 0x78, 0x70, 0x60, 0x01, 0x01, 0x01, 0x01, 0x01, 0xC7, 0xBF, 0xFF, 0xFF, 0xFD,
        0x00, 0x00, 0x08, 0x28, 0x00, 0x00, 0x2A, 0x03, 0x03, 0x03, 0x03, 0x03, 0x01, 0x01, 0x01, 0x00,
        0x00, 0x38, 0x00, 0x00, 0x04, 0x2C, 0x3C, 0x00, 0x00, 0x00, 0x80, 0x03, 0x03, 0x18, 0x3E, 0x0E,
        0x04, 0x06, 0x0F, 0xFF, 0xFF, 0xFF, 0xFF, 0xFF, 0xFF, 0xFF, 0xFC, 0xF8, 0xF0, 0xC0, 0x80, 0x00,
        0x00, 0x00, 0x00, 0x00, 0x00, 0x00, 0x80, 0x00, 0x00, 0x00, 0x00, 0x03, 0x03, 0xC0, 0xFB, 0xFB,
        0xE0, 0xC0, 0xC0, 0x80, 0x00, 0x00, 0x00, 0x00, 0x00, 0x00, 0x00, 0x00, 0x00, 0x00, 0x00, 0x00,
        0x00, 0x00, 0x00, 0x00, 0x00, 0x00, 0x08, 0x0C, 0x06, 0x03, 0x00, 0x00, 0x00, 0x00, 0x00, 0x00,
        0x00, 0x80, 0xC0, 0x00, 0x00, 0x01, 0x01, 0x01, 0x03, 0x03, 0x03, 0x03, 0x03, 0x03, 0x03, 0x01,
        0x00, 0x00, 0x00, 0x00, 0xF0, 0xDE, 0xC7, 0xC3, 0xC0, 0xC0, 0x80, 0x80, 0x80, 0xE1, 0xFB, 0xFF,
        0xFF, 0xFF, 0xFF, 0xFF, 0xFF, 0xFF, 0xFF, 0xFF, 0xFE, 0xFE, 0xFE, 0xFE, 0xFE, 0x7E, 0xFE, 0xFE,
        0xFE, 0xFE, 0xFE, 0xFE, 0xFF, 0xFF, 0xFE, 0xFE, 0xFC, 0xFC, 0xE4, 0xE0, 0xE0, 0xF0, 0xF8, 0xFC,
        0xFE, 0xFF, 0xFF, 0x00, 0x00, 0x00, 0x00, 0x00, 0x00, 0x00, 0x00, 0x00, 0x00, 0x00, 0x00, 0x00
    },
    {
        0x00, 0x00, 0x00, 0x00, 0x00, 0x00, 0x00, 0x00, 0x00, 0x00, 0x00, 0x00, 0x00, 0x00, 0x00, 0x00,
        0x00, 0x00, 0x00, 0x00, 0x00, 0x00, 0x00, 0x00, 0x00, 0x00, 0x00, 0x40, 0x40, 0x00, 0x00, 0x00,
        0x00, 0x00, 0x00, 0x00, 0x00, 0x00, 0x00, 0x00, 0x00, 0x00, 0x00, 0x00, 0x00, 0x00, 0x00, 0x00,
        0x00, 0x00, 0x00, 0x00, 0x00, 0x00, 0x00, 0x00, 0x00, 0x00, 0x00, 0x00, 0x00, 0x00, 0x00, 0x00,
        0x00, 0x00, 0x00, 0x00, 0x80, 0x80, 0x80, 0xC0, 0x80, 0xC0, 0x70, 0x78, 0x78, 0xF8, 0xF8, 0xF0,
        0xF0, 0xF0, 0xF0, 0xF8, 0xF8, 0xC0, 0x00, 0x00, 0x78, 0x6C, 0xC4, 0x12, 0x82, 0x58, 0x30, 0x10,
        0x00, 0x00, 0x00, 0x00, 0xFC, 0xFC, 0xFC, 0xFC, 0xFC, 0xF8, 0xF8, 0xF8, 0xF8, 0xF0, 0xF0, 0xF0,
        0xE0, 0xE0, 0xC0, 0xC0, 0x80, 0x00, 0x00, 0x00, 0x00, 0x00, 0x00, 0x00, 0x00, 0x00, 0x00, 0x00,
        0x00, 0x00, 0x00, 0x00, 0x07, 0xCF, 0xF9, 0x10, 0x01, 0x01, 0x80, 0xC0, 0xC4, 0xC7, 0xEF, 0xFF,
        0xFF, 0xFF, 0xFF, 0xFF, 0xFF, 0xFF, 0xF0, 0xF0, 0xF0, 0xF0, 0xF0, 0xF3, 0xFB, 0xF8, 0xF8, 0xF8,
        0xF8, 0xF8, 0xF0, 0xFE, 0xFF, 0xFF, 0xFF, 0xFF, 0xFF, 0xFF, 0xFF, 0xFF, 0xFF, 0xFF, 0xFF, 0xFF,
        0xFF, 0xFF, 0xFF, 0xFF, 0xFF, 0xFF, 0x7F, 0x1E, 0x00, 0x00, 0x00, 0x00, 0x00, 0x00, 0x00, 0x00,
        0x00, 0x00, 0x00, 0x00, 0x03, 0x07, 0x0F, 0x7F, 0xFF, 0xFF, 0xFF, 0xFF, 0xFF, 0xFF, 0xFF, 0xFF,
        0xFF, 0xFF, 0xFF, 0xFF, 0xFF, 0xFF, 0xFF, 0xFF, 0xFF, 0xFF, 0x3F, 0x3F, 0xFF, 0xFF, 0xFF, 0xFF,
        0xFF, 0xFF, 0xFF, 0xFF, 0xFF, 0xFF, 0xFF, 0xFF, 0xFF, 0xFF, 0xFF, 0xFF, 0xFF, 0xFF, 0xFF, 0xFF,
        0xFF, 0xFF, 0xFF, 0xFF, 0xFF, 0xFF, 0x7C, 0x70, 0x60, 0x00, 0x00, 0x00, 0x00, 0x00, 0x00, 0x00,
        0x00, 0x00, 0x00, 0x00, 0x00, 0x00, 0x00, 0xC0, 0x60, 0x60, 0x71, 0x7F, 0x7F, 0xFF, 0xFC, 0xFF,
        0x7F, 0x7F, 0x3F, 0x3F, 0x9F, 0xFF, 0xFF, 0xFF, 0xFF, 0xFC, 0xFE, 0xFF, 0xFF, 0xFD, 0xFF, 0xFF,
        0xFF, 0x7F, 0x3F, 0x0F, 0x07, 0x03, 0x07, 0x0F, 0x3F, 0x3F, 0xFF, 0xF3, 0xE3, 0x81, 0x01, 0x01,
        0x01, 0x01, 0x03, 0xFF, 0xFF, 0xFF, 0xFE, 0xE8, 0xC0, 0x80, 0x00, 0x00, 0x00, 0x00, 0x00, 0x00,
        0x00, 0x20, 0x20, 0x30, 0x38, 0x3E, 0x3C, 0x38, 0x30, 0x20, 0x00, 0x00, 0x00, 0xE1, 0xE7, 0xFF,
        0xE0, 0x00, 0x00, 0x3C, 0x07, 0x07, 0x0E, 0x3F, 0x03, 0x03, 0x03, 0x03, 0x01, 0x01, 0x01, 0x00,
        0x00, 0x3C, 0x06, 0x03, 0x03, 0x07, 0x7E, 0x00, 0x00, 0x00, 0xC0, 0xF8, 0xFF, 0x03, 0x00, 0x0C,
        0x1F, 0x07, 0x02, 0x03, 0x07, 0xFF, 0xFF, 0xFF, 0xFF, 0xFF, 0xFE, 0xF8, 0xF0, 0xC0, 0x80, 0x00,
        0x00, 0x00, 0x00, 0x00, 0x00, 0x00, 0xC0, 0xE0, 0x40, 0x00, 0x00, 0x00, 0x00, 0x01, 0xE1, 0xF8,
        0xF0, 0xE0, 0xC0, 0x80, 0x80, 0x00, 0x00, 0x00, 0x00, 0x00, 0x00, 0x00, 0x00, 0x00, 0x00, 0x00,
        0x00, 0x00, 0x00, 0x00, 0x00, 0x00, 0x40, 0x08, 0x0E, 0x07, 0x03, 0x01, 0x00, 0x00, 0x00, 0x40,
        0x00, 0x00, 0x00, 0x80, 0xC0, 0x01, 0x01, 0x01, 0x03, 0x03, 0x03, 0x03, 0x03, 0x03, 0x03, 0x03,
        0x00, 0x00, 0x00, 0x80, 0xF8, 0xF1, 0xF1, 0xF0, 0xF0, 0xF0, 0xC0, 0xE0, 0xE0, 0xF0, 0xF8, 0xFF,
        0xFF, 0xFF, 0xFF, 0xFF, 0xFF, 0xFF, 0xFF, 0xFF, 0xFE, 0xFE, 0xFE, 0xFE, 0xFE, 0x7E, 0xFE, 0xFE,
        0xFE, 0xFE, 0xFE, 0xFF, 0xFF, 0xFF, 0xFF, 0xFF, 0xFE, 0xFF, 0xFE, 0xFE, 0xF6, 0xF0, 0xF0, 0xF8,
        0xFC, 0xFE, 0xFF, 0x3F, 0x00, 0x00, 0x00, 0x00, 0x00, 0x00, 0x00, 0x00, 0x00, 0x00, 0x00, 0x00
    },
    {
        0x00, 0x00, 0x00, 0x00, 0x00, 0x00, 0x00, 0x00, 0x00, 0x00, 0x00, 0x00, 0x00, 0x00, 0x00, 0x00,
        0x00, 0x00, 0x00, 0x00, 0x00, 0x00, 0x00, 0x00, 0x00, 0x00, 0x00, 0x00, 0x00, 0x00, 0x00, 0x00,
        0x00, 0x00, 0x00, 0x00, 0x00, 0x00, 0x00, 0x00, 0x00, 0x00, 0x00, 0x00, 0x00, 0x00, 0x00, 0x00,
        0x00, 0x00, 0x00, 0x00, 0x00, 0x00, 0x00, 0x00, 0x00, 0x00, 0x00, 0x00, 0x00, 0x00, 0x00, 0x00,
        0x00, 0x00, 0x00, 0x00, 0x00, 0x80, 0xC0, 0xC0, 0xC0, 0xC0, 0x70, 0x78, 0x7C, 0xFC, 0xFC, 0xF8,
        0xF0, 0xB0, 0xF8, 0xF8, 0xF8, 0xE0, 0x00, 0x00, 0x38, 0x74, 0xC2, 0x82, 0x8A, 0x83, 0x38, 0x30,
        0x00, 0x00, 0x00, 0x00, 0xE0, 0xFC, 0xFC, 0xFC, 0xFC, 0xFC, 0xFC, 0xF8, 0xF8, 0xF8, 0xF0, 0xF0,
        0xF0, 0xE0, 0xE0, 0xC0, 0xC0, 0x80, 0x00, 0x00, 0x00, 0x00, 0x00, 0x00, 0x00, 0x00, 0x00, 0x00,
        0x00, 0x00, 0x00, 0x00, 0x07, 0xCF, 0xED, 0xB8, 0x00, 0x01, 0x80, 0xE0, 0xC0, 0xC7, 0xE7, 0xFF,
        0xFF, 0xFF, 0xFF, 0xFF, 0xFF, 0xFF, 0xF8, 0xF0, 0xF0, 0xF0, 0xF8, 0xF9, 0xFB, 0xF0, 0xF0, 0xF0,
        0xF0, 0xF8, 0xF0, 0xFC, 0xFF, 0xFF, 0xFF, 0xFF, 0xFF, 0xFF, 0xFF, 0xFF, 0xFF, 0xFF, 0xFF, 0xFF,
        0xFF, 0xFF, 0xFF, 0xFF, 0xFF, 0xFF, 0x7F, 0x3F, 0x0C, 0x00, 0x00, 0x00, 0x00, 0x00, 0x00, 0x00,
        0x00, 0x00, 0x00, 0x00, 0x01, 0x07, 0x0F, 0x6F, 0x7F, 0x7F, 0xFF, 0xFF, 0xFF, 0xFF, 0xFF, 0xFF,
        0xFF, 0xFF, 0xFF, 0xFF, 0xFF, 0xFF, 0xFF, 0xFF, 0xFF, 0xFF, 0x7F, 0x3F, 0xFF, 0xFF, 0xFF, 0xFF,
        0xFF, 0xFF, 0xFF, 0xFF, 0xFF, 0xFF, 0xFF, 0xFF, 0xFF, 0xFF, 0xFF, 0xFF, 0xFF, 0xFF, 0xFF, 0xFF,
        0xFF, 0xFF, 0xFF, 0xFF, 0xFF, 0xFF, 0xFE, 0x78, 0x30, 0x00, 0x00, 0x00, 0x00, 0x00, 0x00, 0x00,
        0x00, 0x00, 0x00, 0x00, 0x00, 0x00, 0x00, 0xC0, 0x90, 0x10, 0x10, 0x1F, 0x1F, 0x1F, 0x1F, 0xFF,
        0x7F, 0x7F, 0x3F, 0x1F, 0x1F, 0xCF, 0xFF, 0xFF, 0xFF, 0xFF, 0xFE, 0xFE, 0xFF, 0xFF, 0xFF, 0xFF,
        0x7F, 0x7F, 0x3F, 0x1F, 0x07, 0x07, 0x07, 0x07, 0x0F, 0x3F, 0x7F, 0xFF, 0xFD, 0xF8, 0xE0, 0x00,
        0x00, 0x80, 0x80, 0x80, 0xFF, 0xFF, 0xFF, 0xFC, 0xC0, 0xC0, 0x00, 0x00, 0x00, 0x00, 0x00, 0x00,
        0x00, 0x00, 0x20, 0x30, 0x38, 0x3C, 0x3F, 0x3F, 0x3F, 0x1E, 0x08, 0x00, 0x00, 0x00, 0x78, 0x29,
        0x3C, 0x00, 0x00, 0x08, 0x06, 0x03, 0x07, 0x3F, 0x03, 0x03, 0x03, 0x03, 0x01, 0x01, 0x01, 0x00,
        0x00, 0x00, 0x3E, 0x07, 0x03, 0x07, 0x77, 0x1C, 0x00, 0x00, 0x80, 0xF0, 0xFF, 0xFF, 0x01, 0x00,
        0x06, 0x07, 0x03, 0x01, 0x00, 0x01, 0xF7, 0xFF, 0xFF, 0xFF, 0xFF, 0xFC, 0xF8, 0xF0, 0xC0, 0x80,
        0x00, 0x00, 0x00, 0x00, 0x80, 0xE0, 0x78, 0x3C, 0x14, 0x00, 0x00, 0x00, 0x00, 0x00, 0x78, 0xFC,
        0xF9, 0xE0, 0xC0, 0xC0, 0x80, 0x80, 0x00, 0x00, 0x00, 0x00, 0x00, 0x00, 0x00, 0x00, 0x00, 0x00,
        0x00, 0x00, 0x00, 0x00, 0x00, 0x00, 0x00, 0x08, 0x8C, 0x86, 0x8F, 0x03, 0x00, 0x00, 0x00, 0x00,
        0x00, 0x00, 0x00, 0x00, 0xC0, 0xF0, 0x01, 0x01, 0x01, 0x01, 0x01, 0x03, 0x03, 0x03, 0x03, 0x01,
        0x00, 0x00, 0x00, 0xFC, 0xFF, 0xFE, 0xFC, 0xFC, 0xFC, 0xF8, 0xF0, 0xF8, 0xFC, 0xFE, 0xFF, 0xFF,
        0xFF, 0xFF, 0xFF, 0xFF, 0xFF, 0xFF, 0xFF, 0xFF, 0xFF, 0xFF, 0xFF, 0xFE, 0xFE, 0x7E, 0x7E, 0xFE,
        0xFE, 0xFE, 0xFF, 0xFF, 0xFF, 0xFF, 0xFF, 0xFF, 0xFF, 0xFF, 0xFF, 0xFF, 0xFF, 0xFF, 0xF8, 0xFC,
        0xFC, 0xFE, 0xFE, 0xFF, 0x7F, 0x0F, 0x00, 0x00, 0x00, 0x00, 0x00, 0x00, 0x00, 0x00, 0x00, 0x00
    },
    {
        0x00, 0x00, 0x00, 0x00, 0x00, 0x00, 0x00, 0x00, 0x00, 0x00, 0x00, 0x00, 0x00, 0x00, 0x00, 0x00,
        0x00, 0x00, 0x00, 0x00, 0x00, 0x00, 0x00, 0x00, 0x00, 0x00, 0x00, 0x00, 0x00, 0x00, 0x00, 0x00,
        0x00, 0x00, 0x00, 0x00, 0x00, 0x00, 0x00, 0x00, 0x00, 0x00, 0x00, 0x00, 0x00, 0x00, 0x00, 0x00,
        0x00, 0x00, 0x00, 0x00, 0x00, 0x00, 0x00, 0x00, 0x00, 0x00, 0x00, 0x00, 0x00, 0x00, 0x00, 0x00,
        0x00, 0x00, 0x00, 0x00, 0x00, 0x80, 0xC0, 0xC0, 0xC0, 0xC0, 0x70, 0x38, 0x3C, 0xFC, 0xFC, 0xFC,
        0xF8, 0xF0, 0xF8, 0xF8, 0xF8, 0xF8, 0x00, 0x00, 0x38, 0x3C, 0x62, 0xC2, 0x98, 0x49, 0x38, 0x30,
        0x00, 0x00, 0x00, 0x00, 0xC0, 0xFC, 0xFC, 0xFC, 0xFC, 0xFC, 0xFC, 0xFC, 0xF8, 0xF8, 0xF8, 0xF0,
        0xF0, 0xF0, 0xE0, 0xE0, 0xC0, 0x80, 0x80, 0x00, 0x00, 0x00, 0x00, 0x00, 0x00, 0x00, 0x00, 0x00,
        0x00, 0x00, 0x00, 0x00, 0x03, 0x87, 0xEF, 0xF8, 0x88, 0x01, 0x80, 0xE0, 0xE0, 0xE2, 0xE7, 0xFF,
        0xFF, 0xFF, 0xFF, 0xFF, 0xFF, 0xFF, 0xFE, 0xF0, 0xF0, 0xF8, 0xF0, 0xF9, 0xFF, 0xF8, 0xF8, 0xF8,
        0xF8, 0xF8, 0xF8, 0xF8, 0xFF, 0xFF, 0xFF, 0xFF, 0xFF, 0xFF, 0xFF, 0xFF, 0xFF, 0xFF, 0xFF, 0xFF,
        0xFF, 0xFF, 0xFF, 0xFF, 0xFF, 0xFF, 0x7F, 0x3F, 0x0E, 0x00, 0x00, 0x00, 0x00, 0x00, 0x00, 0x00,
        0x00, 0x00, 0x00, 0x00, 0x00, 0x07, 0x07, 0x0F, 0x7F, 0x7F, 0xFF, 0xFF, 0xFF, 0xFF, 0xFF, 0xFF,
        0xFF, 0xFF, 0xFF, 0xFF, 0xFF, 0xFF, 0xFF, 0xFF, 0xFF, 0xFF, 0x7F, 0x3F, 0xFF, 0xFF, 0xFF, 0xFF,
        0xFF, 0xFF, 0xFF, 0xFF, 0xFF, 0xFF, 0xFF, 0xFF, 0xFF, 0xFF, 0xFF, 0xFF, 0xFF, 0xFF, 0x7F, 0x7F,
        0x3F, 0x3F, 0x3F, 0x3F, 0x3F, 0x3F, 0xFE, 0x3C, 0x30, 0x00, 0x00, 0x00, 0x00, 0x00, 0x00, 0x00,
        0x00, 0x00, 0x00, 0x00, 0x00, 0x00, 0x00, 0x80, 0xE0, 0xE4, 0x04, 0x05, 0x07, 0x07, 0x07, 0x06,
        0x7F, 0x3F, 0x3F, 0x3F, 0x1F, 0x8F, 0xF7, 0xFF, 0xFF, 0xFF, 0xFE, 0xFE, 0xFF, 0xFF, 0xFF, 0xFF,
        0xFF, 0x7F, 0x3F, 0x1F, 0x07, 0x83, 0x01, 0x07, 0x0F, 0x1F, 0x3F, 0x7F, 0xFF, 0xFF, 0xFF, 0x78,
        0x20, 0x80, 0xE0, 0xC0, 0x40, 0x78, 0xFF, 0xFE, 0xE0, 0xE0, 0x80, 0x00, 0x00, 0x00, 0x00, 0x00,
        0x00, 0x00, 0x00, 0x20, 0x30, 0x38, 0x3E, 0x3F, 0x3F, 0x07, 0x03, 0x00, 0x00, 0x00, 0x3E, 0x94,
        0xDC, 0x00, 0x00, 0x00, 0x06, 0x03, 0x03, 0x37, 0x07, 0x03, 0x03, 0x03, 0x01, 0x01, 0x01, 0x00,
        0x00, 0x00, 0x3E, 0x07, 0x03, 0x03, 0x37, 0x3E, 0x00, 0x00, 0x00, 0xC0, 0xFC, 0xFF, 0xBB, 0x00,
        0x02, 0x03, 0x03, 0x00, 0x00, 0x00, 0x00, 0xFF, 0xFF, 0xFF, 0xFF, 0xFF, 0xFC, 0xF8, 0xF0, 0xE0,
        0x00, 0x00, 0x00, 0x00, 0xE0, 0xF8, 0xFE, 0x1F, 0x08, 0x00, 0x00, 0x00, 0x00, 0x00, 0xDC, 0xFF,
        0xFF, 0xF0, 0xE0, 0xC0, 0x80, 0x80, 0x80, 0x00, 0x00, 0x00, 0x00, 0x00, 0x00, 0x00, 0x00, 0x00,
        0x00, 0x00, 0x00, 0x00, 0x00, 0x00, 0x00, 0x80, 0x84, 0x86, 0xC7, 0xFF, 0xFF, 0xC7, 0x80, 0x00,
        0x00, 0x00, 0x00, 0x80, 0xC0, 0xD0, 0xF8, 0x00, 0x01, 0x01, 0x01, 0x01, 0x01, 0x01, 0x01, 0x01,
        0x00, 0x00, 0x00, 0xFF, 0xFF, 0xFF, 0xFF, 0xFF, 0xFF, 0xFE, 0xFC, 0xFE, 0xFE, 0xFF, 0xFF, 0xFB,
        0xFF, 0xFF, 0xFF, 0xFF, 0xFF, 0xFF, 0xFF, 0xFF, 0xFF, 0xFF, 0xFF, 0xFE, 0xFE, 0x7E, 0x7E, 0xFE,
        0xFE, 0xFF, 0xFF, 0xFF, 0xFF, 0xFF, 0xFF, 0xFF, 0xFF, 0xFF, 0xFF, 0xFF, 0xFF, 0xFF, 0xFF, 0xFE,
        0xFE, 0xFE, 0xFF, 0xFF, 0xFF, 0xFF, 0x1F, 0x00, 0x00, 0x00, 0x00, 0x00, 0x00, 0x00, 0x00, 0x00
    }
};

#endif